Reference,Kikuyu,English
Exodus 1:1,"Maya nĩmo marĩĩtwa ma ariũ a Isiraeli arĩa maathiire bũrũri wa Misiri hamwe na Jakubu, o mũndũ na andũ a nyũmba yake:","Now these are the names of the sons of Israel, who came into Egypt (every man and his household came with Jacob):"
Exodus 1:2,"Nao nĩ Rubeni, na Simeoni, na Lawi, na Juda;","Reuben, Simeon, Levi, and Judah,"
Exodus 1:3,"Isakaru, na Zebuluni na Benjamini;","Issachar, Zebulun, and Benjamin,"
Exodus 1:4,Dani na Nafitali; Gadi na Asheri.,"Dan and Naphtali, Gad and Asher."
Exodus 1:5,"Njiaro cia Jakubu ciothe ciarĩ mĩrongo mũgwanja; nowe Jusufu, aarĩ bũrũri wa Misiri o na mbere ĩyo.","All the souls who came out of Jacob’s body were seventy souls, and Joseph was in Egypt already."
Exodus 1:6,"Na rĩrĩ, Jusufu na ariũ a ithe othe, na rũciaro rũu ruothe rwa ihinda rĩu magĩkua,","Joseph died, as did all his brothers, and all that generation."
Exodus 1:7,"no andũ a Isiraeli magĩciarana na makĩingĩha mũno, magĩtuĩka aingĩ makĩria, o nginya makĩiyũra bũrũri ũcio.","The children of Israel were fruitful, and increased abundantly, and multiplied, and grew exceedingly mighty; and the land was filled with them."
Exodus 1:8,"Na rĩrĩ, mũthamaki ũngĩ ũtooĩ ũhoro wa Jusufu akĩambĩrĩria gũthamaka kũu bũrũri wa Misiri.","Now there arose a new king over Egypt, who didn’t know Joseph."
Exodus 1:9,"Nake akĩĩra andũ ake atĩrĩ, “Onei, andũ a Isiraeli nĩmaingĩhĩte mũno makĩria, magatũkĩria hinya.","He said to his people, “Behold,† the people of the children of Israel are more and mightier than we."
Exodus 1:10,"Gĩũkei, no nginya tũmathiĩ na wara nĩguo matikae kũingĩha mũno gũkĩra ũũ, tondũ kũngĩgĩa mbaara, no manyiitane na thũ ciitũ na marũe na ithuĩ, na macooke moore moime bũrũri ũyũ.”","Come, let’s deal wisely with them, lest they multiply, and it happen that when any war breaks out, they also join themselves to our enemies and fight against us, and escape out of the land.”"
Exodus 1:11,"Nĩ ũndũ ũcio andũ a Misiri makĩmaigĩra arori a ngombo mamahinyĩrĩrie na ũndũ wa kũmaru- tithia wĩra wa hinya, nao andũ a Isiraeli magĩaka Pithomu na Ramesese marĩ matũũra manene ma kũigwo indo cia Firaũni.",Therefore they set taskmasters over them to afflict them with their burdens. They built storage cities for Pharaoh: Pithom and Raamses.
Exodus 1:12,"No o ũrĩa maathiire na mbere kũhinyĩrĩrio-rĩ, noguo maaciaranire na makĩiyũra bũrũri-inĩ ũcio; nĩ ũndũ ũcio andũ a Misiri makĩambĩrĩria gwĩtigĩra andũ a Isiraeli mũno,","But the more they afflicted them, the more they multiplied and the more they spread out. They started to dread the children of Israel."
Exodus 1:13,na makĩmahinyĩrĩria na wĩra matekũmaiguĩra tha.,"The Egyptians ruthlessly made the children of Israel serve,"
Exodus 1:14,"Andũ a Misiri magĩtũma mũtũũrĩre wa andũ a Isiraeli ũgĩe na ruo rũkĩru nĩ ũndũ wa wĩra mũritũ wa gũthondeka maturubarĩ na thimiti, hamwe na mawĩra ma mĩthemba yothe mĩgũnda-inĩ; andũ a Misiri maamahinyagĩrĩria matekũmaiguĩra tha mawĩra-inĩ mao mothe.","and they made their lives bitter with hard service in mortar and in brick, and in all kinds of service in the field, all their service, in which they ruthlessly made them serve."
Exodus 1:15,"Mũthamaki wa bũrũri wa Misiri akĩĩra Shifira na Pua, aciarithania arĩa maateithagia atumia a Ahibirania,* atĩrĩ,","The king of Egypt spoke to the Hebrew midwives, of whom the name of the one was Shiphrah, and the name of the other Puah,"
Exodus 1:16,"“Rĩrĩa mũrĩteithagia atumia a Ahibirania makĩgĩa ciana, na mwamarora marĩ gĩtanda-inĩ gĩa kũgĩĩra mwana-rĩ, mũngĩona nĩ kahĩĩ kooragei, no kangĩkorwo karĩ kairĩtu, mũkareka gatũũre muoyo.”","and he said, “When you perform the duty of a midwife to the Hebrew women, and see them on the birth stool, if it is a son, then you shall kill him; but if it is a daughter, then she shall live.”"
Exodus 1:17,"Na rĩrĩ, aciarithania acio tondũ nĩmetigĩrĩte Ngai, matiigana gwĩka ũrĩa mũthamaki wa bũrũri wa Misiri aamerĩte meke; makĩreka tũhĩĩ tũu tũtũũre muoyo.","But the midwives feared God,‡ and didn’t do what the king of Egypt commanded them, but saved the baby boys alive."
Exodus 1:18,"Nake mũthamaki ũcio wa bũrũri wa Misiri agĩĩta aciarithania acio, akĩmooria atĩrĩ, “Mwĩkĩte ũũ nĩkĩ? Nĩ kĩĩ gĩtũmĩte mũreke tũhĩĩ tũtũũre muoyo?”","The king of Egypt called for the midwives, and said to them, “Why have you done this thing and saved the boys alive?”"
Exodus 1:19,"Nao aciarithania acio magĩcookeria Firaũni atĩrĩ, “Atumia a Ahibirania matihaana ta atumia a Misiri; o nĩ ahiũ magĩaga ciana aciarithania matanakinya.”","The midwives said to Pharaoh, “Because the Hebrew women aren’t like the Egyptian women; for they are vigorous and give birth before the midwife comes to them.”"
Exodus 1:20,"Nĩ ũndũ ũcio Ngai agĩgĩtanahĩra aciarithania acio, nao andũ a Isiraeli makĩongerereka o na makĩingĩha makĩria.","God dealt well with the midwives, and the people multiplied, and grew very mighty."
Exodus 1:21,"Na rĩrĩ, tondũ aciarithania acio nĩmetigĩrĩte Ngai, akĩmahe ciana ciao kĩũmbe.","Because the midwives feared God, he gave them families."
Exodus 1:22,"Nake Firaũni agĩatha andũ ake othe atĩrĩ: “Kahĩĩ o gothe gaaciarwo nĩ Mũhibirania no nginya mũgagaikia Rũũĩ rwa Nili, no mũreke kairĩtu o gothe gatũũre muoyo.”","Pharaoh commanded all his people, saying, “You shall cast every son who is born into the river, and every daughter you shall save alive.”"
Exodus 2:1,"Na rĩrĩ, mũndũ ũmwe wa nyũmba ya Lawi nĩahikirie mũtumia wa mũhĩrĩga wa Alawii,",A man of the house of Levi went and took a daughter of Levi as his wife.
Exodus 2:2,"nake akĩgĩa nda, agĩciara kahĩĩ. Rĩrĩa onire kaarĩ kaana gathaka-rĩ, agĩkahitha nyũmba mĩeri ĩtatũ.","The woman conceived and bore a son. When she saw that he was a fine child, she hid him three months."
Exodus 2:3,"No rĩrĩa aaremirwo nĩgũkahitha rĩngĩ-rĩ, agĩgathondekera gĩkabũ gĩa ithanjĩ na agĩgĩthinga na rami. Agĩcooka agĩkomia kaana kau thĩinĩ wakĩo, agĩkahitha mathanjĩ-inĩ kũu hũgũrũrũ-inĩ cia Nili.","When she could no longer hide him, she took a papyrus basket for him, and coated it with tar and with pitch. She put the child in it, and laid it in the reeds by the river’s bank."
Exodus 2:4,Mwarĩ wa nyina na kaana kau aarũgamaga haraaya nĩguo one ũndũ ũrĩa ũngĩgakora.,"His sister stood far off, to see what would be done to him."
Exodus 2:5,"Na rĩrĩ, mwarĩ wa Firaũni agĩikũrũka Nili nĩguo agethambe, nacio ndungata ciake ciaceerangaga kũu hũgũrũrũ-inĩ cia rũũĩ rũu. Nake akĩona gĩkabũ kĩu kũu ithanjĩ-inĩ, na agĩtũma ngombo yake ya mũirĩtu ĩkĩgĩĩre.","Pharaoh’s daughter came down to bathe at the river. Her maidens walked along by the riverside. She saw the basket among the reeds, and sent her servant to get it."
Exodus 2:6,"Agĩkunũra gĩkabũ kĩu na akĩona kaana kau. Agĩkaiguĩra tha tondũ nĩkarĩraga. Nake akiuga atĩrĩ, “Gaka nĩ kaana kamwe ga twana twa Ahibirania.”","She opened it, and saw the child, and behold, the baby cried. She had compassion on him, and said, “This is one of the Hebrews’ children.”"
Exodus 2:7,"Nake mwarĩ wa nyina na kaana kau akĩũria mwarĩ wa Firaũni atĩrĩ, “Ngacarie mũtumia ũmwe Mũhibirania akũrerere kaana gaka?”","Then his sister said to Pharaoh’s daughter, “Should I go and call a nurse for you from the Hebrew women, that she may nurse the child for you?”"
Exodus 2:8,"Nake agĩcookia atĩrĩ, “Ĩĩ, thiĩ.” Nake mũirĩtu ũcio agĩthiĩ, akĩgĩĩra nyina wa kaana kau.","Pharaoh’s daughter said to her, “Go.” The young woman went and called the child’s mother."
Exodus 2:9,"Mwarĩ wa Firaũni akĩmwĩra atĩrĩ, “Oya kaana gaka ũkanderere, nĩndĩrĩkũrĩhaga.” Nĩ ũndũ ũcio mũtumia ũcio akĩoya kaana kau agĩkarera.","Pharaoh’s daughter said to her, “Take this child away, and nurse him for me, and I will give you your wages.” The woman took the child, and nursed him."
Exodus 2:10,"Rĩrĩa kaana kau gaakũrire-rĩ, agĩgatwarĩra mwarĩ wa Firaũni nako gagĩtuĩka ta mũriũ. Agĩgeeta Musa, akiuga atĩrĩ, “Nĩ tondũ ndakarutire maaĩ-inĩ.”","The child grew, and she brought him to Pharaoh’s daughter, and he became her son. She named him Moses,† and said, “Because I drew him out of the water.”"
Exodus 2:11,"Thuutha wa Musa gũtuĩka mũndũ mũgima-rĩ, mũthenya ũmwe nĩathiire gũceera harĩa andũ ao maarĩ, nake akĩmabaara makĩrutithio wĩra na hinya. Ningĩ akĩona Mũmisiri akĩhũũra Mũhibirania, ũmwe wa andũ ake mwene.","In those days, when Moses had grown up, he went out to his brothers and saw their burdens. He saw an Egyptian striking a Hebrew, one of his brothers."
Exodus 2:12,"Nake acũthĩrĩria mĩena yothe na ndone mũndũ-rĩ, akĩũraga Mũmisiri ũcio, na akĩmũthika mũthanga-inĩ.","He looked this way and that way, and when he saw that there was no one, he killed the Egyptian, and hid him in the sand."
Exodus 2:13,"Mũthenya ũyũ ũngĩ akiumagara na akĩona Ahibirania eerĩ makĩrũa. Akĩũria ũrĩa wogitanĩte atĩrĩ, “Ũraringa Mũhibirania wanyu nĩkĩ?”","He went out the second day, and behold, two men of the Hebrews were fighting with each other. He said to him who did the wrong, “Why do you strike your fellow?”"
Exodus 2:14,"Nake mũndũ ũcio akĩmũũria atĩrĩ, “Nũũ wagũtuire mwathi na mũtuithania wa maciira maitũ? Anga nĩũreciiria kũnjũraga o ta ũrĩa ũrooragire Mũmisiri?” Nake Musa agĩĩtigĩra na agĩĩciiria atĩrĩ, “Ũrĩa ndĩrekire no nginya ũkorwo nĩũmenyekete.”","He said, “Who made you a prince and a judge over us? Do you plan to kill me, as you killed the Egyptian?” Moses was afraid, and said, “Surely this thing is known.”"
Exodus 2:15,"Rĩrĩa Firaũni aiguire ũhoro ũcio, akĩgeria kũũragithia Musa, nowe Musa akĩũrĩra Firaũni agĩthiĩ gũtũũra Midiani,* kũrĩa aikarire thĩ hakuhĩ na gĩthima.","Now when Pharaoh heard this thing, he sought to kill Moses. But Moses fled from the face of Pharaoh, and lived in the land of Midian, and he sat down by a well."
Exodus 2:16,"Na rĩrĩ, Jethero mũthĩnjĩri-ngai wa Midiani aarĩ na airĩtu ake mũgwanja, nao magĩũka gũtaha maaĩ na kũiyũria mĩharatĩ manyuithie rũũru rwa mbũri rwa ithe wao.","Now the priest of Midian had seven daughters. They came and drew water, and filled the troughs to water their father’s flock."
Exodus 2:17,"Arĩithi amwe nĩmookire na makĩingata airĩtu acio, no Musa agĩũkĩra, akĩmateithũra na akĩhe ũhiũ wao maaĩ.","The shepherds came and drove them away; but Moses stood up and helped them, and watered their flock."
Exodus 2:18,"Rĩrĩa airĩtu acio maainũkire kũrĩ ithe wao Reueli-rĩ,† akĩmooria atĩrĩ, “Nĩ kĩĩ gĩatũma mũcooke narua ũguo ũmũthĩ?”","When they came to Reuel, their father, he said, “How is it that you have returned so early today?”"
Exodus 2:19,"Makĩmũcookeria atĩrĩ, “Mũmisiri ũmwe nĩatũteithũrire kũrĩ arĩithi; o na nĩwe ũtũtahĩire maaĩ na atũheera mbũri ciitũ maaĩ.”","They said, “An Egyptian delivered us out of the hand of the shepherds, and moreover he drew water for us, and watered the flock.”"
Exodus 2:20,"Jethero akĩmooria atĩrĩ, “Na akĩrĩ kũ?” “Mũmũtigire nĩkĩ? Thiĩi mũmwĩte, oke arĩĩanĩre na ithuĩ.”","He said to his daughters, “Where is he? Why is it that you have left the man? Call him, that he may eat bread.”"
Exodus 2:21,"Nake Musa agĩĩtĩkĩra gũikara kwa mũndũ ũcio, nake akĩmũhe mwarĩ wetagwo Zipora amũhikie.","Moses was content to dwell with the man. He gave Moses Zipporah, his daughter."
Exodus 2:22,"Zipora agĩciara kaana ga kahĩĩ, nake Musa agĩgeeta Gerishomu, tondũ oigire atĩrĩ, “Nduĩkĩte mũgeni bũrũri wene.”","She bore a son, and he named him Gershom,‡ for he said, “I have lived as a foreigner in a foreign land.”"
Exodus 2:23,"Thuutha wa ihinda iraaya-rĩ, mũthamaki wa bũrũri wa Misiri nĩakuire. Andũ a Isiraeli magĩcaaya nĩ ũndũ wa ũkombo, na makĩrĩrĩra Ngai; nakĩo kĩrĩro kĩao atĩ mateithio nĩ ũndũ wa ũkombo gĩgĩkinyĩra Ngai.","In the course of those many days, the king of Egypt died, and the children of Israel sighed because of the bondage, and they cried, and their cry came up to God because of the bondage."
Exodus 2:24,"Nake Ngai akĩigua gũcaaya kwao nake akĩririkana kĩrĩkanĩro gĩake na Iburahĩmu, na Isaaka na Jakubu.","God heard their groaning, and God remembered his covenant with Abraham, with Isaac, and with Jacob."
Exodus 2:25,"Nĩ ũndũ ũcio Ngai akĩona gũtangĩka kwa andũ a Isiraeli, nake akĩrũmbũiya ũhoro wao.","God saw the children of Israel, and God understood."
Exodus 3:1,"Na rĩrĩ, Musa nĩ kũrĩithia arĩithagia rũũru rwa mbũri rwa mũthoni-we Jethero, mũthĩnjĩri-ngai wa Midiani, nake agĩtongoria rũũru rũu rwa mbũri mwena ũũrĩa ũngĩ wa werũ kũraya ma, na agĩkinya Horebu, kĩrĩma-inĩ kĩa Ngai.*","Now Moses was keeping the flock of Jethro, his father-in-law, the priest of Midian, and he led the flock to the back of the wilderness, and came to God’s mountain, to Horeb."
Exodus 3:2,"Arĩ kũu-rĩ, akiumĩrĩrwo nĩ mũraika wa Jehova arĩ nĩnĩmbĩ-inĩ cia mwaki ikiuma kĩhinga-inĩ. Musa akĩona atĩ o na gũtuĩka kĩhinga nĩgĩakanaga-rĩ, gĩtiahĩaga.","Yahweh’s† angel appeared to him in a flame of fire out of the middle of a bush. He looked, and behold, the bush burned with fire, and the bush was not consumed."
Exodus 3:3,"Nĩ ũndũ ũcio Musa agĩĩciiria atĩrĩ, “Nĩngũthiĩ ho nĩgeetha nyone ũndũ ũyũ mũgeni, menye kĩrĩa kĩragiria kĩhinga kĩhĩe.”","Moses said, “I will go now, and see this great sight, why the bush is not burned.”"
Exodus 3:4,"Rĩrĩa Jehova onire atĩ nĩathiĩ hau gũcũthĩrĩria, Ngai akĩmwĩta arĩ kĩhinga-inĩ, “Musa! Musa!” Nake Musa agĩĩtĩka, akiuga atĩrĩ, “Niĩ ũyũ haha.”","When Yahweh saw that he came over to see, God called to him out of the middle of the bush, and said, “Moses! Moses!” He said, “Here I am.”"
Exodus 3:5,"NakeNgaiakĩmwĩraatĩrĩ, “Ndũgakuhĩrĩriehaha. Rutairaatũciakumagũrũ, nĩgũkorwohandũhau ũrũgamĩte nĩ handũ hatheru.”","He said, “Don’t come close. Take off your sandals, for the place you are standing on is holy ground.”"
Exodus 3:6,"Ningĩ akĩmwĩra atĩrĩ, “Niĩ nĩ niĩ Ngai wa thoguo, Ngai wa Iburahĩmu, Ngai wa Isaaka, o na Ngai wa Jakubu.” Kahinda kau Musa akĩhitha ũthiũ wake, tondũ nĩetigĩrire kũrora Ngai.","Moreover he said, “I am the God of your father, the God of Abraham, the God of Isaac, and the God of Jacob.” Moses hid his face because he was afraid to look at God."
Exodus 3:7,"Jehova akiuga atĩrĩ; “Ti-itherũ nĩnyonete mĩnyamaro ya andũ akwa kũu bũrũri wa Misiri. Nĩnjiguĩte kĩrĩro kĩao nĩ ũndũ wa arũgamĩrĩri a ngombo arĩa mamahinyagĩrĩria, na nĩngũrũmbũiya ũhoro wa kũnyamarĩka kwao.","Yahweh said, “I have surely seen the affliction of my people who are in Egypt, and have heard their cry because of their taskmasters, for I know their sorrows."
Exodus 3:8,"Nĩ ũndũ ũcio nĩnjikũrũkĩte nĩguo ndĩmateithũre kuuma moko-inĩ ma andũ a Misiri, ndĩmarute bũrũri ũcio, ndĩmatware bũrũri mwega na mwariĩ, bũrũri ũrĩ bũthi wa iria na ũũkĩ, kũrĩa gũtũũragwo nĩ Akaanani, na Ahiti, na Aamori, na Aperizi, na Ahivi, na Ajebusi.","I have come down to deliver them out of the hand of the Egyptians, and to bring them up out of that land to a good and large land, to a land flowing with milk and honey; to the place of the Canaanite, the Hittite, the Amorite, the Perizzite, the Hivite, and the Jebusite."
Exodus 3:9,"Na rĩu kĩrĩro kĩa andũ a Isiraeli nĩkĩnginyĩire, na nĩnyonete ũrĩa andũ a bũrũri wa Misiri maramahinyĩrĩria.","Now, behold, the cry of the children of Israel has come to me. Moreover I have seen the oppression with which the Egyptians oppress them."
Exodus 3:10,"Nĩ ũndũ ũcio, thiĩ. Ndĩragũtũma kũrĩ Firaũni ũkarute andũ akwa a Isiraeli moime bũrũri wa Misiri.”","Come now therefore, and I will send you to Pharaoh, that you may bring my people, the children of Israel, out of Egypt.”"
Exodus 3:11,"No Musa akĩũria Ngai atĩrĩ, “Niĩ ndĩ ũ wa gũthiĩ kwa Firaũni ngarute andũ a Isiraeli moime bũrũri wa Misiri?”","Moses said to God, “Who am I, that I should go to Pharaoh, and that I should bring the children of Israel out of Egypt?”"
Exodus 3:12,"Nake Ngai agĩcookia atĩrĩ, “Ndĩrĩkoragwo hamwe nawe. Naguo ũndũ ũyũ nĩguo ũgaatuĩka kĩmenyithia gĩa atĩ nĩ niĩ ngũtũmĩte: Rĩrĩa ũkaaruta andũ a Isiraeli moime bũrũri wa Misiri, nĩmũkahooyagĩra Ngai kĩrĩma-inĩ gĩkĩ.”","He said, “Certainly I will be with you. This will be the token to you, that I have sent you: when you have brought the people out of Egypt, you shall serve God on this mountain.”"
Exodus 3:13,"Musa akĩĩra Ngai atĩrĩ, “Ingĩthiĩ kũrĩ andũ a Isiraeli ndĩmeere atĩrĩ, ‘Nĩ Ngai wa maithe manyu wandũma kũrĩ inyuĩ,’ nao manjũũrie atĩrĩ, ‘Ngai ũcio etagwo atĩa?’ ngaamacookeria atĩa?”","Moses said to God, “Behold, when I come to the children of Israel, and tell them, ‘The God of your fathers has sent me to you,’ and they ask me, ‘What is his name?’ what should I tell them?”"
Exodus 3:14,"Ngai akĩĩra Musa atĩrĩ, “NIĨ NDŨIRE O TA ŨRĨA NDŨIRE. Ĩra andũ a Isiraeli atĩrĩ, Ũrĩa wĩtagwo ‘NIĨ NDŨIRE nĩwe ũndũmĩte kũrĩ inyuĩ.’ ”","God said to Moses, “I AM WHO I AM,” and he said, “You shall tell the children of Israel this: ‘I AM has sent me to you.’ ”"
Exodus 3:15,"Ningĩ Ngai agĩcooka akĩĩra Musa atĩrĩ, “Ĩra andũ a Isiraeli atĩrĩ, ‘Jehova, o we Ngai wa maithe manyu, Ngai wa Iburahĩmu, na Ngai wa Isaaka na Ngai wa Jakubu nĩandũmĩte kũrĩ inyuĩ.’ Rĩĩrĩ nĩrĩo rĩĩtwa rĩakwa nginya tene, rĩĩtwa rĩrĩa ndĩĩririkanagwo narĩo kuuma njiarwa na njiarwa.","God said moreover to Moses, “You shall tell the children of Israel this, ‘Yahweh, the God of your fathers, the God of Abraham, the God of Isaac, and the God of Jacob, has sent me to you.’ This is my name forever, and this is my memorial to all generations."
Exodus 3:16,"“Thiĩ, ũcookanĩrĩrie athuuri a Isiraeli, ũmeere atĩrĩ, ‘Jehova, Ngai wa maithe manyu o we Ngai wa Iburahĩmu, na Isaaka, na Jakubu nĩanyumĩrĩire akanjĩĩra atĩrĩ: Nĩndorete na ngoona maũndũ marĩa mwĩkĩtwo kũu bũrũri wa Misiri,","Go and gather the elders of Israel together, and tell them, ‘Yahweh, the God of your fathers, the God of Abraham, of Isaac, and of Jacob, has appeared to me, saying, “I have surely visited you, and seen that which is done to you in Egypt."
Exodus 3:17,"na nĩnduĩte nĩngũmũruta kuuma mĩnyamaro-inĩ yanyu kũu bũrũri wa Misiri, ndĩmũtware bũrũri wa Akaanani, na Ahiti, na Aamori, na Aperizi, na Ahivi, na Ajebusi, bũrũri ũrĩ bũthi wa iria na ũũkĩ.’","I have said, I will bring you up out of the affliction of Egypt to the land of the Canaanite, the Hittite, the Amorite, the Perizzite, the Hivite, and the Jebusite, to a land flowing with milk and honey.” ’"
Exodus 3:18,"“Athuuri acio a Isiraeli nĩmagagũthikĩrĩria. Ningĩ wee na athuuri acio nĩmũgathiĩ kũrĩ mũthamaki wa bũrũri wa Misiri na mũmwĩre atĩrĩ, ‘Jehova, o we Ngai wa Ahibirania, nĩarĩtie na ithuĩ. Nĩ ũndũ ũcio twĩtĩkĩrie tũthiĩ rũgendo rwa mĩthenya ĩtatũ werũ-inĩ tũkarutĩre Jehova Ngai witũ magongona.’","They will listen to your voice. You shall come, you and the elders of Israel, to the king of Egypt, and you shall tell him, ‘Yahweh, the God of the Hebrews, has met with us. Now please let us go three days’ journey into the wilderness, that we may sacrifice to Yahweh, our God.’"
Exodus 3:19,"No nĩnjũũĩ atĩ mũthamaki ũcio wa bũrũri wa Misiri ndakamwĩtĩkĩria mũthiĩ, tiga guoko gwakwa kwa hinya kũmũhatĩrĩirie gwĩka ũguo.","I know that the king of Egypt won’t give you permission to go, no, not by a mighty hand."
Exodus 3:20,"Nĩ ũndũ ũcio nĩngatambũrũkia guoko gwakwa hũũre andũ a Misiri na maũndũ mothe ma magegania marĩa ngeeka thĩinĩ wao. Thuutha ũcio, nĩakamwĩtĩkĩria mũthiĩ.","I will reach out my hand and strike Egypt with all my wonders which I will do among them, and after that he will let you go."
Exodus 3:21,"“Na nĩngatũma mwĩtĩkĩrĩke nĩ andũ a Misiri, nĩgeetha rĩrĩa mũkoimagara, mũtikanathiĩ moko matheri.","I will give this people favor in the sight of the Egyptians, and it will happen that when you go, you shall not go empty-handed."
Exodus 3:22,"Mũndũ-wa-nja o wothe Mũisiraeli nĩakahooya mũndũ wa itũũra rĩake, na ahooe mũndũ- wa-nja o wothe matũũranagia nake gwake nyũmba indo cia betha na thahabu o na nguo, iria mũkaahumba ciana cianyu cia aanake na cia airĩtu. Na nĩ ũndũ ũcio nĩmũgataha andũ acio a Misiri.”","But every woman shall ask of her neighbor, and of her who visits her house, jewels of silver, jewels of gold, and clothing. You shall put them on your sons, and on your daughters. You shall plunder the Egyptians.”"
Exodus 4:1,"Musa akĩmũcookeria atĩrĩ, “Ĩ mangĩrega kũnjĩtĩkia kana kũnjigua, na manjĩĩre atĩrĩ, ‘Jehova ndakuumĩrĩire?’ ”","Moses answered, “But, behold, they will not believe me, nor listen to my voice; for they will say, ‘Yahweh has not appeared to you.’ ”"
Exodus 4:2,"Nake Jehova akĩmũũria atĩrĩ, “Nĩ kĩĩ kĩu ũrĩ nakĩo guoko?” Nake agĩcookia atĩrĩ, “Nĩ rũthanju.”","Yahweh said to him, “What is that in your hand?” He said, “A rod.”"
Exodus 4:3,"Jehova akĩmwĩra atĩrĩ, “Rũikie thĩ.” Musa akĩrũikia thĩ, naruo rũgĩtuĩka nyoka, nake akĩmĩũrĩra.","He said, “Throw it on the ground.” He threw it on the ground, and it became a snake; and Moses ran away from it."
Exodus 4:4,"Nake Jehova akĩmwĩra atĩrĩ, “Tambũrũkia guoko ũmĩnyiite mũtingʼoe.” Nĩ ũndũ ũcio Musa agĩtambũrũkia guoko akĩmĩnyiita, nayo ĩkĩgarũrũka, ĩgĩtuĩka rũthanju guoko-inĩ gwake.","Yahweh said to Moses, “Stretch out your hand, and take it by the tail.” He stretched out his hand, and took hold of it, and it became a rod in his hand."
Exodus 4:5,"Nake Jehova akiuga atĩrĩ, “Ũndũ ũyũ nĩguo wa gũtũma metĩkie atĩ Jehova, o we Ngai wa maithe mao Ngai wa Iburahĩmu, na Ngai wa Isaaka, na Ngai wa Jakubu nĩakuumĩrĩire.”","“This is so that they may believe that Yahweh, the God of their fathers, the God of Abraham, the God of Isaac, and the God of Jacob, has appeared to you.”"
Exodus 4:6,"Ningĩ Jehova akiuga atĩrĩ, “Ikia guoko nguo-inĩ yaku.” Nĩ ũndũ ũcio Musa agĩikia guoko nguo-inĩ yake, na rĩrĩa aakũrutire kwarĩ na mangũ, gũkeerũha ta ira.","Yahweh said furthermore to him, “Now put your hand inside your cloak.” He put his hand inside his cloak, and when he took it out, behold, his hand was leprous, as white as snow."
Exodus 4:7,"Jehova agĩcooka akĩmwĩra atĩrĩ, “Cookia guoko nguo-inĩ yaku.” Nĩ ũndũ ũcio Musa agĩcookia guoko nguo-inĩ, na rĩrĩa aakũrutire kwagarũrũkĩte gũkahaanana na mwĩrĩ ũcio ũngĩ wake.","He said, “Put your hand inside your cloak again.” He put his hand inside his cloak again, and when he took it out of his cloak, behold, it had turned again as his other flesh."
Exodus 4:8,"Ningĩ Jehova akiuga atĩrĩ, “Mangĩaga gũgwĩtĩkia na kũrũmbũiya kĩama kĩa mbere, no gũkorwo nĩmagetĩkia gĩa keerĩ.","“It will happen, if they will not believe you or listen to the voice of the first sign, that they will believe the voice of the latter sign."
Exodus 4:9,"No mangĩaga gwĩtĩkia ciama ici cierĩ kana mage gũkũigua-rĩ, ũgaataha maaĩ kuuma Rũũĩ rwa Nili na ũmaite thĩ. Maaĩ macio ũgaataha kuuma rũũĩ nĩmagatuĩka thakame maitwo thĩ.”","It will happen, if they will not believe even these two signs or listen to your voice, that you shall take of the water of the river, and pour it on the dry land. The water which you take out of the river will become blood on the dry land.”"
Exodus 4:10,"Musa akĩĩra Jehova atĩrĩ, “Wee, Mwathani, nĩũũĩ niĩ ndirĩ ndatuĩka mũndũ mwaria wega, kuuma o tene o na kuuma wambĩrĩria kwaria na niĩ ndungata yaku. Niĩ ndirĩ mĩtũkĩ ya mĩario, na ndĩ rũrĩmĩ rũritũ.”","Moses said to Yahweh, “O Lord,† I am not eloquent, neither before now, nor since you have spoken to your servant; for I am slow of speech, and of a slow tongue.”"
Exodus 4:11,"Jehova akĩmwĩra atĩrĩ, “Nũũ waheire mũndũ kanua? Nũũ ũtũmaga mũndũ aage kũigua kana aremwo nĩ kwaria? Nũũ ũtũmaga mũndũ one kana atuĩke mũtumumu? Githĩ ti niĩ, Jehova?","Yahweh said to him, “Who made man’s mouth? Or who makes one mute, or deaf, or seeing, or blind? Isn’t it I, Yahweh?"
Exodus 4:12,"Na rĩrĩ, thiĩ; nĩngakũhotithia kwaria na ngũrute ũrĩa ũkoiga.”","Now therefore go, and I will be with your mouth, and teach you what you shall speak.”"
Exodus 4:13,"No Musa akiuga atĩrĩ, “Mwathani, ndagũthaitha tũma mũndũ ũngĩ akaarie.”","Moses said, “Oh, Lord, please send someone else.”"
Exodus 4:14,"Namo marakara ma Jehova makĩrĩrĩmbũkĩra Musa, akĩmũũria atĩrĩ, “Ĩ mũrũ wa nyũkwa Harũni, ũrĩa Mũlawii-rĩ, ndangĩaria? Nĩnjũũĩ no aarie wega. Arĩ njĩra-inĩ agĩũka gũgũtũnga, na nĩegũkena akuona.","Yahweh’s anger burned against Moses, and he said, “What about Aaron, your brother, the Levite? I know that he can speak well. Also, behold, he is coming out to meet you. When he sees you, he will be glad in his heart."
Exodus 4:15,"Ũrĩmwaragĩria na ũkamwĩra ũrĩa ekuuga, na nĩngamũhotithia inyuĩ eerĩ kwaria, na ndĩmũrute ũrĩa mũgeeka.","You shall speak to him, and put the words in his mouth. I will be with your mouth, and with his mouth, and will teach you what you shall do."
Exodus 4:16,"Nĩakaarĩria andũ handũ haku, na agaatuĩka taarĩ we kanua gaku, nawe ũtuĩke ta ũrĩ Ngai harĩ we.","He will be your spokesman to the people. It will happen that he will be to you a mouth, and you will be to him as God."
Exodus 4:17,No oya rũthanju rũrũ nĩguo ũhotage kũringa ciama naruo.”,"You shall take this rod in your hand, with which you shall do the signs.”"
Exodus 4:18,"Nake Musa agĩcooka kwa Jethero mũthoni-we, akĩmwĩra atĩrĩ, “Njĩtĩkĩria njooke bũrũri wa Misiri kũrĩ andũ aitũ, ngarore kana nĩ kũrĩ matũire muoyo.” Jethero akiuga atĩrĩ, “Thiĩ, ndakũhoera thayũ.”","Moses went and returned to Jethro his father-in-law, and said to him, “Please let me go and return to my brothers who are in Egypt, and see whether they are still alive.” Jethro said to Moses, “Go in peace.”"
Exodus 4:19,"Na rĩrĩ, Jehova nĩarĩirie Musa arĩ o kũu Midiani, akĩmwĩra atĩrĩ, “Cooka bũrũri wa Misiri, nĩgũkorwo andũ othe arĩa meendaga gũkũũraga nĩmakuĩte.”","Yahweh said to Moses in Midian, “Go, return into Egypt; for all the men who sought your life are dead.”"
Exodus 4:20,"Nĩ ũndũ ũcio Musa akĩoya mũtumia wake na ariũ ake, akĩmahaicia ndigiri na makĩambĩrĩria rũgendo rwa gũcooka bũrũri wa Misiri. Nake akĩoya rũthanju rwa Ngai akĩrũnyiita na guoko.","Moses took his wife and his sons, and set them on a donkey, and he returned to the land of Egypt. Moses took God’s rod in his hand."
Exodus 4:21,"Jehova akĩĩra Musa atĩrĩ, “Wacooka bũrũri wa Misiri-rĩ, tigĩrĩra nĩ weka morirũ mothe marĩa ngũhotithĩtie gwĩka mbere ya Firaũni. No nĩngomia ngoro yake nĩgeetha ndagetĩkĩrie andũ mathiĩ.","Yahweh said to Moses, “When you go back into Egypt, see that you do before Pharaoh all the wonders which I have put in your hand, but I will harden his heart and he will not let the people go."
Exodus 4:22,"Ningĩ wĩre Firaũni atĩrĩ, ‘Ũũ nĩguo Jehova ekuuga: Isiraeli nĩwe mũriũ wakwa wa irigithathi,","You shall tell Pharaoh, ‘Yahweh says, Israel is my son, my firstborn,"
Exodus 4:23,"na nĩndakwĩrire atĩrĩ, “Reke mũriũ wakwa athiĩ akaahooe.” No nĩwaregire kũmwĩtĩkĩria athiĩ; nĩ ũndũ ũcio nĩngooraga mũriũ waku wa irigithathi.’ ”","and I have said to you, “Let my son go, that he may serve me;” and you have refused to let him go. Behold, I will kill your firstborn son.’ ”"
Exodus 4:24,"Marĩ handũ harĩa mararĩrĩire marĩ rũgendo-inĩ-rĩ, Jehova akiumĩrĩra Musa, na aarĩ hakuhĩ kũmũũraga.","On the way at a lodging place, Yahweh met Moses and wanted to kill him."
Exodus 4:25,"No Zipora akĩoya kahiga kaarĩ kogĩ ta kahiũ, akĩruithia mũriũ, na akĩhutithia gĩkonde kĩu nyarĩrĩ cia Musa. Agĩcooka akĩmwĩra atĩrĩ, “Ti-itherũ ũrĩ mũthuuri wakwa wa thakame.”","Then Zipporah took a flint, and cut off the foreskin of her son, and cast it at his feet; and she said, “Surely you are a bridegroom of blood to me.”"
Exodus 4:26,Nĩ ũndũ ũcio Jehova agĩtigana nake. (Hĩndĩ ĩyo mũtumia ũcio wake oigire “ũrĩ mũthuuri wakwa wa thakame” aaragia ũhoro wa irua.),"So he let him alone. Then she said, “You are a bridegroom of blood,” because of the circumcision."
Exodus 4:27,"Nake Jehova akĩĩra Harũni atĩrĩ, “Thiĩ werũ-inĩ ũgathaagane Musa.” Nĩ ũndũ ũcio Harũni agĩtũnga Musa kĩrĩma-inĩ kĩa Ngai, akĩmũhĩmbĩria.","Yahweh said to Aaron, “Go into the wilderness to meet Moses.” He went, and met him on God’s mountain, and kissed him."
Exodus 4:28,"Nake Musa akĩĩra Harũni ũrĩa wothe Jehova amũtũmĩte akoige, o na ningĩ ũhoro wa ciama ciothe iria aamwathĩte aringe.","Moses told Aaron all Yahweh’s words with which he had sent him, and all the signs with which he had instructed him."
Exodus 4:29,"Musa na Harũni magĩcookanĩrĩria athuuri a Isiraeli othe,",Moses and Aaron went and gathered together all the elders of the children of Israel.
Exodus 4:30,nake Harũni akĩmeera ũrĩa wothe Jehova eerĩte Musa. O na ningĩ Musa akĩringa ciama mbere yao;,"Aaron spoke all the words which Yahweh had spoken to Moses, and did the signs in the sight of the people."
Exodus 4:31,"nao magĩĩtĩkia. Na rĩrĩa maiguire atĩ Jehova nĩameciirĩtie na akona mĩnyamaro yao-rĩ, makĩinamĩrĩra, magĩthathaiya.","The people believed, and when they heard that Yahweh had visited the children of Israel, and that he had seen their affliction, then they bowed their heads and worshiped."
Exodus 5:1,"Thuutha-inĩ Musa na Harũni nĩmathiire kũrĩ Firaũni, makĩmwĩra atĩrĩ, “Jehova, o we Ngai wa Isiraeli, oigĩte ũũ: ‘Reke andũ akwa mathiĩ, nĩgeetha makagĩe na gĩathĩ gĩakwa werũ-inĩ.’ ”","Afterward Moses and Aaron came, and said to Pharaoh, “This is what Yahweh, the God of Israel, says, ‘Let my people go, that they may hold a feast to me in the wilderness.’ ”"
Exodus 5:2,"Nake Firaũni akĩmooria atĩrĩ, “Jehova nĩwe ũ, atĩ ndĩmwathĩkĩre na ndekererie andũ a Isiraeli mathiĩ? Niĩ ndiũĩ Jehova na ndikũrekereria andũ a Isiraeli mathiĩ.”","Pharaoh said, “Who is Yahweh, that I should listen to his voice to let Israel go? I don’t know Yahweh, and moreover I will not let Israel go.”"
Exodus 5:3,"Ningĩ makĩmwĩra atĩrĩ, “Ngai wa Ahibirania nĩatwarĩirie. Nĩ ũndũ ũcio twĩtĩkĩrie tũthiĩ rũgendo rwa mĩthenya ĩtatũ werũ-inĩ tũkarutĩre Jehova Ngai witũ magongona, kwaga ũguo no atũrehithĩrie mĩthiro kana atũniine na rũhiũ rwa njora.”*","They said, “The God of the Hebrews has met with us. Please let us go three days’ journey into the wilderness, and sacrifice to Yahweh, our God, lest he fall on us with pestilence, or with the sword.”"
Exodus 5:4,"No mũthamaki wa bũrũri wa Misiri akĩmooria atĩrĩ, “Musa na Harũni, nĩ kĩĩ kĩratũma mũrute andũ wĩra-inĩ wao? Cookai wĩra-inĩ wanyu!”","The king of Egypt said to them, “Why do you, Moses and Aaron, take the people from their work? Get back to your burdens!”"
Exodus 5:5,"Nake Firaũni akiuga atĩrĩ, “Ta rorai, andũ a bũrũri rĩu nĩmaingĩhĩte, na inyuĩ nĩmũragiria marute wĩra.”","Pharaoh said, “Behold, the people of the land are now many, and you make them rest from their burdens.”"
Exodus 5:6,"Mũthenya o ũcio Firaũni agĩatha arũgamĩrĩri a ngombo o na nyabaara cia andũ,† akĩmeera atĩrĩ,","The same day Pharaoh commanded the taskmasters of the people and their officers, saying,"
Exodus 5:7,“Mũtigacooke kũhe andũ a Isiraeli nyeki ya gũthondeka maturubarĩ; nĩmathiĩ magecarĩrie nyeki o ene.,"“You shall no longer give the people straw to make brick, as before. Let them go and gather straw for themselves."
Exodus 5:8,"No mũmeere atĩ no nginya mathondeke maturubarĩ mũigana o ta wa mbere; mũtikamanyiihĩrie gĩthimo. Nĩ igũũta; nĩkĩo mararĩra makoiga atĩrĩ, ‘Nĩtũrekwo tũthiĩ tũkarutĩre Ngai witũ igongona.’","You shall require from them the number of the bricks which they made before. You shall not diminish anything of it, for they are idle. Therefore they cry, saying, ‘Let’s go and sacrifice to our God.’"
Exodus 5:9,"Maritũhĩriei wĩra nĩgeetha makoragwo makĩruta wĩra hĩndĩ ciothe, na mũtige gũthikĩrĩria ũhoro wa maheeni.”","Let heavier work be laid on the men, that they may labor in it. Don’t let them pay any attention to lying words.”"
Exodus 5:10,"Nao arũgamĩrĩri a ngombo na nyabaara cia andũ magĩthiĩ makĩĩra andũ atĩrĩ, “Firaũni ekuuga ũũ: ‘Ndigũcooka kũmũhe nyeki rĩngĩ.","The taskmasters of the people went out with their officers, and they spoke to the people, saying, “This is what Pharaoh says: ‘I will not give you straw."
Exodus 5:11,"Thiĩi mũgecarĩrie nyeki yanyu kũrĩa guothe mũrĩmĩona, no wĩra wanyu ndũkũnyihanyiihio o na hanini.’ ”","Go yourselves, get straw where you can find it, for nothing of your work shall be diminished.’ ”"
Exodus 5:12,Nĩ ũndũ ũcio andũ makĩhurunjũkĩra bũrũri wa Misiri guothe kũngania makoni ma ngano mamatũmĩre ta nyeki.,So the people were scattered abroad throughout all the land of Egypt to gather stubble for straw.
Exodus 5:13,"Arũgamĩrĩri a ngombo makĩmahinyĩrĩria mũno, makameeraga atĩrĩ, “Rĩĩkiai wĩra ũrĩa mwagĩrĩirwo wa o mũthenya, o ta ũrĩa mwekaga rĩrĩa mwaheagwo nyeki.”","The taskmasters were urgent saying, “Fulfill your work quota daily, as when there was straw!”"
Exodus 5:14,"Nao andũ a Isiraeli arĩa maarĩ nyabaara arĩa maathuurĩtwo nĩ anene a ngombo a Firaũni magakĩhũũragwo, makoorio atĩrĩ, “Nĩ kĩĩ kĩragiririe mũhingie mũigana wa maturubarĩ ma ira kana ma ũmũthĩ, ta ũrĩa mũrekaga mbere?”","The officers of the children of Israel, whom Pharaoh’s taskmasters had set over them, were beaten, and were asked, “Why haven’t you fulfilled your quota both yesterday and today, in making brick as before?”"
Exodus 5:15,"Nao andũ a Isiraeli arĩa maarĩ nyabaara magĩthiĩ kũrĩ Firaũni kũmũthaitha, makĩmũũria atĩrĩ: “Nĩ kĩĩ gĩtũmĩte wĩke ndungata ciaku maũndũ maya?","Then the officers of the children of Israel came and cried to Pharaoh, saying, “Why do you deal this way with your servants?"
Exodus 5:16,"Ndungata ciaku itiraheo nyeki, na no tũrerwo, ‘Thondekai maturubarĩ!’ Ndungata ciaku nĩirahũũrwo, no andũ aku nĩo marĩ na mahĩtia.”","No straw is given to your servants, and they tell us, ‘Make brick!’ and behold, your servants are beaten; but the fault is in your own people.”"
Exodus 5:17,"Nake Firaũni agĩcookia atĩrĩ, “Igũũta ici! Inyuĩ mũrĩ igũũta! Nĩkĩo mũraikara mũkiugaga atĩrĩ, ‘Nĩtũrekwo tũkarutĩre Jehova igongona.’","But Pharaoh said, “You are idle! You are idle! Therefore you say, ‘Let’s go and sacrifice to Yahweh.’"
Exodus 5:18,"Cookai wĩra-inĩ. Mũtikũheo nyeki, na no nginya mũthondeke mũigana wa maturubarĩ marĩa mwagĩrĩirwo.”","Go therefore now, and work; for no straw shall be given to you; yet you shall deliver the same number of bricks!”"
Exodus 5:19,"Nao andũ a Isiraeli arĩa maarĩ nyabaara makĩmenya atĩ maarĩ thĩĩna-inĩ rĩrĩa meerirwo atĩrĩ, “Mũtikũnyiihĩrio mũigana wa maturubarĩ marĩa mwagĩrĩirwo gũthondeka o mũthenya.”","The officers of the children of Israel saw that they were in trouble when it was said, “You shall not diminish anything from your daily quota of bricks!”"
Exodus 5:20,"Rĩrĩa moimire harĩ Firaũni-rĩ, magĩkora Musa na Harũni arĩa maametereire,","They met Moses and Aaron, who stood along the way, as they came out from Pharaoh."
Exodus 5:21,"nao anyabara acio makĩmeera atĩrĩ, “Jehova aromuona na amũtuĩre ciira! Mũtũmĩte tũtuĩke kĩndũ kĩnungu kũrĩ Firaũni na anene ake, na mũkamane rũhiũ rwa njora moko-inĩ mao matũũrage.”","They said to them, “May Yahweh look at you and judge, because you have made us a stench to be abhorred in the eyes of Pharaoh, and in the eyes of his servants, to put a sword in their hand to kill us!”"
Exodus 5:22,"Musa agĩcooka kũrĩ, Jehova akĩmũũria atĩrĩ, “Mwathani, nĩ kĩĩ gĩtũmĩte ũrehithĩrie andũ aya thĩĩna? Gĩkĩ nĩkĩo gĩatũmire ũndũme?","Moses returned to Yahweh, and said, “Lord, why have you brought trouble on this people? Why is it that you have sent me?"
Exodus 5:23,"Kuuma rĩrĩa ndaathiire kũrĩ Firaũni kũmwarĩria thĩinĩ wa rĩĩtwa rĩaku, nĩareheire andũ aya thĩĩna, nawe ũkaaga gũteithũra andũ aku o na hanini.”","For since I came to Pharaoh to speak in your name, he has brought trouble on this people. You have not rescued your people at all!”"
Exodus 6:1,"Ningĩ Jehova akĩĩra Musa atĩrĩ, “Rĩu nĩũkuona ũrĩa ngwĩka Firaũni: Nĩ tondũ wa guoko gwakwa kũrĩ hinya-rĩ, nĩakamarekereria mathiĩ; na ningĩ nĩ tondũ wa guoko gwakwa kũrĩ hinya, nĩakamaingata moime bũrũri wake.”","Yahweh said to Moses, “Now you shall see what I will do to Pharaoh, for by a strong hand he shall let them go, and by a strong hand he shall drive them out of his land.”"
Exodus 6:2,"Ngai agĩcooka akĩĩra Musa atĩrĩ, “Nĩ niĩ Jehova.","God spoke to Moses, and said to him, “I am Yahweh."
Exodus 6:3,"Nĩ niĩ ndoimĩrĩire Iburahĩmu, na Isaaka, o na Jakubu ndĩ Mũrungu Mwene-Hinya-Wothe, no matiamenyire na rĩĩtwa rĩu rĩakwa Jehova.","I appeared to Abraham, to Isaac, and to Jacob, as God Almighty; but by my name Yahweh I was not known to them."
Exodus 6:4,"O na nĩndathondekire kĩrĩkanĩro gĩakwa nao atĩ nĩngamahe bũrũri wa Kaanani, kũrĩa maatũũraga marĩ ageni.","I have also established my covenant with them, to give them the land of Canaan, the land of their travels, in which they lived as aliens."
Exodus 6:5,"Na makĩria-rĩ, nĩnjiguĩte gũcaaya kwa andũ a Isiraeli, arĩa matuĩtwo ngombo nĩ andũ a Misiri, na nĩndirikanĩte kĩrĩkanĩro gĩakwa nao.","Moreover I have heard the groaning of the children of Israel, whom the Egyptians keep in bondage, and I have remembered my covenant."
Exodus 6:6,"“Nĩ ũndũ ũcio, ĩra andũ a Isiraeli atĩrĩ: ‘Niĩ nĩ niĩ Jehova, na nĩngamwaũra icooki rĩu mũigĩrĩirwonĩandũaMisiri. Nĩngamuohoramũtigegũcookagũtuĩkangombociao, nanĩngamũkũũra ndambũrũkĩtie guoko na ciĩko nene cia ũtuanĩri ciira.","Therefore tell the children of Israel, ‘I am Yahweh, and I will bring you out from under the burdens of the Egyptians, and I will rid you out of their bondage, and I will redeem you with an outstretched arm, and with great judgments."
Exodus 6:7,"Ngaamuoya ta andũ akwa kĩũmbe, na nduĩke Ngai wanyu. Hĩndĩ ĩyo nĩmũkamenya atĩ nĩ niĩ Jehova Ngai wanyu ũrĩa wamũrutire icooki-inĩ rĩa andũ a Misiri.","I will take you to myself for a people. I will be your God; and you shall know that I am Yahweh your God, who brings you out from under the burdens of the Egyptians."
Exodus 6:8,"Na nĩngamũtwara bũrũri ũrĩa ndeeranĩire na mwĩhĩtwa nyambararĩtie guoko atĩ nĩngaahe Iburahĩmu, na Isaaka, o na Jakubu. Nĩguo ngũmũhe mũwĩgwatĩre ũtuĩke wanyu. Niĩ nĩ niĩ Jehova.’ ”","I will bring you into the land which I swore to give to Abraham, to Isaac, and to Jacob; and I will give it to you for a heritage: I am Yahweh.’ ”"
Exodus 6:9,"Musa agĩkĩheana ũhoro ũcio kũrĩ andũ a Isiraeli, no matiamũiguire nĩ ũrĩa maakuĩte ngoro nĩkũhinyĩrĩrio nĩ ũkombo.","Moses spoke so to the children of Israel, but they didn’t listen to Moses for anguish of spirit, and for cruel bondage."
Exodus 6:10,"Ningĩ Jehova akĩĩra Musa atĩrĩ,","Yahweh spoke to Moses, saying,"
Exodus 6:11,"“Thiĩ wĩre Firaũni, mũthamaki wa bũrũri wa Misiri arekererie andũ a Isiraeli moime bũrũri wake.”","“Go in, speak to Pharaoh king of Egypt, that he let the children of Israel go out of his land.”"
Exodus 6:12,"No Musa akĩĩra Jehova atĩrĩ, “Angĩkorwo andũ a Isiraeli matingĩnjigua-rĩ, nĩkĩ kĩngĩtũma Firaũni anjigue, kuona njaragia ngĩtondoiraga?”","Moses spoke before Yahweh, saying, “Behold, the children of Israel haven’t listened to me. How then shall Pharaoh listen to me, when I have uncircumcised lips?”"
Exodus 6:13,Ngai nĩacookire akĩaria na Musa na Harũni ũhoro wĩgiĩ andũ a Isiraeli na Firaũni mũthamaki wa bũrũri wa Misiri na akĩmaatha marute andũ a Isiraeli moime bũrũri wa Misiri.,"Yahweh spoke to Moses and to Aaron, and gave them a command to the children of Israel, and to Pharaoh king of Egypt, to bring the children of Israel out of the land of Egypt."
Exodus 6:14,"Aya nĩo maarĩ atongoria a nyũmba ciao: Ariũ a Rubeni ũrĩa irigithathi rĩa Isiraeli maarĩ Hanoku na Palu, na Hezironi, na Karimi. Acio nĩo maarĩ mbarĩ cia Rubeni.","These are the heads of their fathers’ houses. The sons of Reuben the firstborn of Israel: Hanoch, and Pallu, Hezron, and Carmi; these are the families of Reuben."
Exodus 6:15,"Ariũ a Simeoni maarĩ Jemueli, na Jamini, na Ohadi, na Jakini, na Sohari, na Shauli ũrĩa warĩ mũriũ wa mũtumia Mũkaanani. Acio nĩo maarĩ mbarĩ cia Simeoni.","The sons of Simeon: Jemuel, and Jamin, and Ohad, and Jachin, and Zohar, and Shaul the son of a Canaanite woman; these are the families of Simeon."
Exodus 6:16,"Maya nĩmo maarĩ marĩĩtwa ma ariũ a Lawi kũringana na maandĩko mao: Gerishoni, na Kohathu, na Merari. Lawi aatũũrire muoyo mĩaka 137.","These are the names of the sons of Levi according to their generations: Gershon, and Kohath, and Merari; and the years of the life of Levi were one hundred thirty-seven years."
Exodus 6:17,Ariũ a Gerishoni kũringana na mbarĩ ciao maarĩ Libini na Shimei.,"The sons of Gershon: Libni and Shimei, according to their families."
Exodus 6:18,"Ariũ a Kohathu maarĩ Amuramu, na Iziharu, na Hebironi, na Uzieli. Kohathu aatũũrire muoyo mĩaka 133.","The sons of Kohath: Amram, and Izhar, and Hebron, and Uzziel; and the years of the life of Kohath were one hundred thirty-three years."
Exodus 6:19,Ariũ a Merari maarĩ Mahali na Mushi. Acio nĩo maarĩ mbarĩ cia Lawi kũringana na maandĩko mao.,The sons of Merari: Mahli and Mushi. These are the families of the Levites according to their generations.
Exodus 6:20,"Amuramu nĩahikirie mwarĩ wa nyina na ithe wetagwo Jokebedi, ũrĩa wamũciarĩire Harũni na Musa. Amuramu aatũũrire muoyo mĩaka 137.",Amram took Jochebed his father’s sister to himself as wife; and she bore him Aaron and Moses. The years of the life of Amram were one hundred thirty-seven years.
Exodus 6:21,"Ariũ a Iziharu maarĩ Kora, na Nefegu, na Zikiri.","The sons of Izhar: Korah, and Nepheg, and Zichri."
Exodus 6:22,"Ariũ a Uzieli maarĩ Mishaeli, na Elizafani, na Sithiri.","The sons of Uzziel: Mishael, Elzaphan, and Sithri."
Exodus 6:23,"Harũni nĩahikirie Elisheba, mwarĩ wa Aminadabu, o ũrĩa warĩ mwarĩ wa nyina na Nahashoni, nake akĩmũciarĩra Nadabu na Abihu, na Eleazaru, na Ithamaru.","Aaron took Elisheba, the daughter of Amminadab, the sister of Nahshon, as his wife; and she bore him Nadab and Abihu, Eleazar and Ithamar."
Exodus 6:24,"Ariũ a Kora maarĩ Asiri, na Elikana, na Abiasafu. Acio nĩo mbarĩ cia Akora.","The sons of Korah: Assir, Elkanah, and Abiasaph; these are the families of the Korahites."
Exodus 6:25,"Eleazaru mũrũ wa Harũni nĩahikirie mũirĩtu ũmwe wa Putieli, nake akĩmũciarĩra Finehasi. Acio nĩo maarĩ atongoria a nyũmba cia Alawii, o mbarĩ o mbarĩ.",Eleazar Aaron’s son took one of the daughters of Putiel as his wife; and she bore him Phinehas. These are the heads of the fathers’ houses of the Levites according to their families.
Exodus 6:26,"Harũni o ũcio, marĩ na Musa, nĩo meerirwo nĩ Jehova atĩrĩ, “Rutai andũ a Isiraeli kuuma bũrũri wa Misiri kũringana na ikundi ciao.”","These are that Aaron and Moses to whom Yahweh said, “Bring out the children of Israel from the land of Egypt according to their armies.”"
Exodus 6:27,"Nĩo maarĩirie Firaũni, mũthamaki wa bũrũri wa Misiri, ũhoro wa kũruta andũ a Isiraeli kuuma bũrũri wa Misiri. Maarĩ Musa o ũcio na Harũni.","These are those who spoke to Pharaoh king of Egypt, to bring out the children of Israel from Egypt. These are that Moses and Aaron."
Exodus 6:28,"Na rĩrĩ, hĩndĩ ĩrĩa Jehova aarĩirie Musa arĩ kũu bũrũri wa Misiri-rĩ,","On the day when Yahweh spoke to Moses in the land of Egypt,"
Exodus 6:29,"aamwĩrire atĩrĩ, “Niĩ nĩ niĩ Jehova. Ĩra Firaũni mũthamaki wa bũrũri wa Misiri ũrĩa wothe ngũkwĩra.”","Yahweh said to Moses, “I am Yahweh. Tell Pharaoh king of Egypt all that I tell you.”"
Exodus 6:30,"No Musa akĩĩra Jehova atĩrĩ, “Kuona njaragia ngĩtondoiraga-rĩ, Firaũni angĩkĩnjigua nĩkĩ?”","Moses said before Yahweh, “Behold, I am of uncircumcised lips, and how shall Pharaoh listen to me?”"
Exodus 7:1,"Ningĩ Jehova akĩĩra Musa atĩrĩ, “We ngũtuĩte ta Ngai harĩ Firaũni, nake mũrũ wa nyũkwa Harũni egũtuĩka mũnabii waku.","Yahweh said to Moses, “Behold, I have made you as God to Pharaoh; and Aaron your brother shall be your prophet."
Exodus 7:2,"Wee ũriugaga ũrĩa wothe ndĩgwathaga, nake mũrũ wa nyũkwa Harũni nĩwe ũrĩĩraga Firaũni arekererie andũ a Isiraeli moime bũrũri wake.","You shall speak all that I command you; and Aaron your brother shall speak to Pharaoh, that he let the children of Israel go out of his land."
Exodus 7:3,"No nĩngũtũma ngoro ya Firaũni yũme, na o na ndaingĩhia ciama ciakwa na morirũ gũkũ bũrũri wa Misiri-rĩ,","I will harden Pharaoh’s heart, and multiply my signs and my wonders in the land of Egypt."
Exodus 7:4,"ndakamũigua. Ningĩ nĩngatambũrũkia guoko gwakwa kũu bũrũri wa Misiri, na ndute ikundi cia andũ akwa a Isiraeli moime kuo na ũndũ wa ciĩko nene cia ũtuanĩri ciira.","But Pharaoh will not listen to you, so I will lay my hand on Egypt, and bring out my armies, my people the children of Israel, out of the land of Egypt by great judgments."
Exodus 7:5,"Nao andũ a Misiri nĩmakamenya atĩ niĩ nĩ niĩ Jehova, rĩrĩa ngataambũrũkia guoko gwakwa njũkĩrĩre bũrũri wa Misiri na ndute andũ a Isiraeli moime kuo.”","The Egyptians shall know that I am Yahweh when I stretch out my hand on Egypt, and bring the children of Israel out from among them.”"
Exodus 7:6,Musa na Harũni magĩĩka o ũrĩa Jehova aamaathĩte meke.,"Moses and Aaron did so. As Yahweh commanded them, so they did."
Exodus 7:7,Musa aarĩ na mĩaka mĩrongo ĩnana nake Harũni mĩaka mĩrongo ĩnana na ĩtatũ hĩndĩ ĩrĩa maaragia na Firaũni.,"Moses was eighty years old, and Aaron eighty-three years old, when they spoke to Pharaoh."
Exodus 7:8,"Jehova akĩĩra Musa na Harũni atĩrĩ,","Yahweh spoke to Moses and to Aaron, saying,"
Exodus 7:9,"“Rĩrĩa Firaũni arĩmwĩra atĩrĩ, ‘Ringai kĩama,’ nawe Musa wĩre Harũni atĩrĩ, ‘Oya rũthanju rwaku, ũrũikie thĩ o hau mbere ya Firaũni,’ naruo rũtuĩke nyoka.”","“When Pharaoh speaks to you, saying, ‘Perform a miracle!’ then you shall tell Aaron, ‘Take your rod, and cast it down before Pharaoh, and it will become a serpent.’ ”"
Exodus 7:10,"Nĩ ũndũ ũcio Musa na Harũni magĩthiĩ kũrĩ Firaũni, nao magĩĩka o ta ũrĩa maathĩtwo nĩ Jehova. Harũni agĩikia rũthanju rwake thĩ mbere ya Firaũni na anene ake, naruo rũgĩtuĩka nyoka.","Moses and Aaron went in to Pharaoh, and they did so, as Yahweh had commanded. Aaron cast down his rod before Pharaoh and before his servants, and it became a serpent."
Exodus 7:11,"Nake Firaũni agĩĩta andũ arĩa oogĩ o na ago, na aringi ciama a Misiri, nao magĩĩka o ũguo magĩtũmĩra maũgĩ mao ma ũgo.","Then Pharaoh also called for the wise men and the sorcerers. They also, the magicians of Egypt, did the same thing with their enchantments."
Exodus 7:12,O mũndũ agĩikia rũthanju rwake thĩ na rũgĩtuĩka nyoka. No rũthanju rwa Harũni rũkĩmeria thanju ciao.,"For they each cast down their rods, and they became serpents; but Aaron’s rod swallowed up their rods."
Exodus 7:13,"No rĩrĩ, ngoro ya Firaũni ĩkĩũma nake akĩrega kũmaigua, o ta ũrĩa Jehova oigĩte.","Pharaoh’s heart was hardened, and he didn’t listen to them, as Yahweh had spoken."
Exodus 7:14,"Ningĩ Jehova akĩĩra Musa atĩrĩ, “Ngoro ya Firaũni ndĩngĩororoa; nĩaregete kũrekereria andũ mathiĩ.","Yahweh said to Moses, “Pharaoh’s heart is stubborn. He refuses to let the people go."
Exodus 7:15,"Nĩũgathiĩ kũrĩ Firaũni rũciinĩ agĩthiĩ rũũĩ.* Weterere mũcemanie nake hũgũrũrũ-inĩ cia Rũũĩ rwa Nili, na ũthiĩ na rũthanju rũrĩa rwagarũrũkĩte rũgatuĩka nyoka.","Go to Pharaoh in the morning. Behold, he is going out to the water. You shall stand by the river’s bank to meet him. You shall take the rod which was turned to a serpent in your hand."
Exodus 7:16,"Ũcooke ũmwĩre atĩrĩ, ‘Jehova, o we Ngai wa Ahibirania, nĩandũmĩte ngwĩre ũũ: Rekereria andũ akwa mathiĩ nĩgeetha makandungatĩre marĩ werũ-inĩ. No nginya rĩu nĩũregete gũthikĩrĩria.","You shall tell him, ‘Yahweh, the God of the Hebrews, has sent me to you, saying, “Let my people go, that they may serve me in the wilderness. Behold, until now you haven’t listened.”"
Exodus 7:17,"Jehova ekuuga atĩrĩ: Ũndũ ũyũ nĩguo ũgũtũma ũmenye atĩ niĩ nĩ niĩ Jehova: Ngũgũtha maaĩ ma Rũũĩ rwa Nili na rũthanju rũrũ rũrĩ guoko-inĩ gwakwa, namo magarũrũke matuĩke thakame.","Yahweh says, “In this you shall know that I am Yahweh. Behold: I will strike with the rod that is in my hand on the waters which are in the river, and they shall be turned to blood."
Exodus 7:18,"Thamaki iria irĩ thĩinĩ wa Rũũĩ rwa Nili nĩigũkua, naruo rũũĩ rũnunge; andũ a Misiri maremwo nĩ kũnyua maaĩ maruo.’ ”",The fish that are in the river will die and the river will become foul. The Egyptians will loathe to drink water from the river.” ’ ”
Exodus 7:19,"Jehova akĩĩra Musa atĩrĩ, “Ĩra Harũni atĩrĩ, ‘Oya rũthanju rwaku na ũtambũrũkie guoko igũrũ rĩa maaĩ ma bũrũri wa Misiri, na igũrũ rĩa tũrũũĩ, na mĩtaro, na tũmaria o na kũrĩa guothe kũhingĩrĩrie maaĩ nakuo guothe gũtuĩke thakame. Thakame ĩkaiyũra kũndũ guothe bũrũri wa Misiri, o na kũu ndoo-inĩ cia mĩtĩ na mĩtũngi-inĩ ya mahiga.’ ”","Yahweh said to Moses, “Tell Aaron, ‘Take your rod, and stretch out your hand over the waters of Egypt, over their rivers, over their streams, and over their pools, and over all their ponds of water, that they may become blood. There will be blood throughout all the land of Egypt, both in vessels of wood and in vessels of stone.’ ”"
Exodus 7:20,"Musa na Harũni magĩĩka o ũrĩa Jehova aathanĩte. Agĩkĩambararia rũthanju rwake arĩ mbere ya Firaũni na anene ake, nake akĩgũtha maaĩ ma Rũũĩ rwa Nili, namo maaĩ mothe makĩgarũrũka magĩtuĩka thakame.","Moses and Aaron did so, as Yahweh commanded; and he lifted up the rod, and struck the waters that were in the river, in the sight of Pharaoh, and in the sight of his servants; and all the waters that were in the river were turned to blood."
Exodus 7:21,"Thamaki iria ciarĩ Rũũĩ rwa Nili igĩkua, naruo rũũĩ rũkĩnunga ũũru mũno, nginya andũ a bũrũri wa Misiri makĩremwo nĩ kũnyua maaĩ maruo. Bũrũri wa Misiri wothe ũkĩiyũra thakame.",The fish that were in the river died. The river became foul. The Egyptians couldn’t drink water from the river. The blood was throughout all the land of Egypt.
Exodus 7:22,"No aringi ciama a bũrũri wa Misiri magĩĩka maũndũ o ta macio na ũndũ wa maũgĩ mao ma ũgo, nayo ngoro ya Firaũni ĩkĩũma; akĩrega kũigua Musa na Harũni, o ta ũrĩa Jehova oigĩte.","The magicians of Egypt did the same thing with their enchantments. So Pharaoh’s heart was hardened, and he didn’t listen to them, as Yahweh had spoken."
Exodus 7:23,"Handũ ha kũigua-rĩ, akĩhũndũka agĩthiĩ nyũmba-inĩ yake ya ũthamaki, na ndaigana kũrũmbũiya ũhoro ũcio ngoro-inĩ yake.","Pharaoh turned and went into his house, and he didn’t even take this to heart."
Exodus 7:24,"Nao andũ othe a Misiri makĩenja ithima gũkuhĩ na Rũũĩ rwa Nili nĩguo mone maaĩ ma kũnyua, tondũ matingĩahotire kũnyua maaĩ ma rũũĩ rũu.",All the Egyptians dug around the river for water to drink; for they couldn’t drink the river water.
Exodus 7:25,Mĩthenya mũgwanja nĩyahĩtũkire thuutha wa Jehova kũgũtha maaĩ ma Nili.,"Seven days were fulfilled, after Yahweh had struck the river."
Exodus 8:1,"Ningĩ Jehova akĩĩra Musa atĩrĩ, “Thiĩ kũrĩ Firaũni ũmwĩre atĩrĩ, ‘Jehova oigĩte ũũ: Rekereria andũ akwa mathiĩ, nĩgeetha makandungatĩre.","Yahweh spoke to Moses, “Go in to Pharaoh, and tell him, ‘This is what Yahweh says, “Let my people go, that they may serve me."
Exodus 8:2,"Ũngĩrega kũmarekereria mathiĩ, nĩngũhũũra bũrũri waku wothe na mũthiro wa ciũra.","If you refuse to let them go, behold, I will plague all your borders with frogs."
Exodus 8:3,"Rũũĩ rwa Nili rũkũiyũra ciũra. Igũũka ciambate o nginya nyũmba yaku ya ũthamaki o na nyũmba yaku ya toro o nginya ũrĩrĩ waku igũrũ, itoonye nyũmba cia anene aku, o na irũgĩrĩre andũ aku o ene, ikorwo kuo o na mariiko-inĩ maku na mĩharatĩ-inĩ ya gũkandĩrwo mũtu.","The river will swarm with frogs, which will go up and come into your house, and into your bedroom, and on your bed, and into the house of your servants, and on your people, and into your ovens, and into your kneading troughs."
Exodus 8:4,Ciũra icio ikũrũgĩrĩre na irũgĩrĩre andũ aku o na anene aku.’ ”,"The frogs shall come up both on you, and on your people, and on all your servants.” ’ ”"
Exodus 8:5,"Ningĩ Jehova akĩĩra Musa atĩrĩ, “Ĩra Harũni atĩrĩ, ‘Tambũrũkia guoko gwaku na rũthanju igũrũ rĩa tũrũũĩ, na mĩtaro, na tũmaria, ũtũme ciũra ciũke bũrũri-inĩ wa Misiri.’ ”","Yahweh said to Moses, “Tell Aaron, ‘Stretch out your hand with your rod over the rivers, over the streams, and over the pools, and cause frogs to come up on the land of Egypt.’ ”"
Exodus 8:6,"Nĩ ũndũ ũcio Harũni agĩtambũrũkia guoko gwake igũrũ rĩa maaĩ ma bũrũri wa Misiri, nacio ciũra ikiumĩra ikĩiyũra bũrũri.","Aaron stretched out his hand over the waters of Egypt; and the frogs came up, and covered the land of Egypt."
Exodus 8:7,"No aringi ciama a bũrũri wa Misiri magĩĩka maũndũ o ta macio na ũndũ wa maũgĩ mao ma ũgo, o nao magĩtũma ciũra ciũke bũrũri wa Misiri.","The magicians did the same thing with their enchantments, and brought up frogs on the land of Egypt."
Exodus 8:8,"Firaũni agĩĩta Musa na Harũni, akĩmeera atĩrĩ, “Hooyai Jehova anjehererie na ehererie andũ akwa ciũra ici, na nĩngũrekereria andũ anyu mathiĩ makarutĩre Jehova magongona.”","Then Pharaoh called for Moses and Aaron, and said, “Entreat Yahweh, that he take away the frogs from me and from my people; and I will let the people go, that they may sacrifice to Yahweh.”"
Exodus 8:9,"Musa akĩĩra Firaũni atĩrĩ, “Wee nĩwe ngũhe gĩtĩĩo gĩa gũtua ihinda rĩa gũkũhoera, wee na anene aku o na andũ aku nĩguo inyuĩ na nyũmba cianyu mwehererwo nĩ ciũra, itigare o iria irĩ thĩinĩ wa Rũũĩ rwa Nili.”","Moses said to Pharaoh, “I give you the honor of setting the time that I should pray for you, and for your servants, and for your people, that the frogs be destroyed from you and your houses, and remain in the river only.”"
Exodus 8:10,"Firaũni akiuga atĩrĩ, “Mũkaahooera rũciũ.” Nake Musa akĩmũcookeria atĩrĩ, “Nĩgũtuĩke ũguo woiga, nĩgeetha ũmenye atĩ gũtirĩ mũndũ ũhaana ta Jehova Ngai witũ.","Pharaoh said, “Tomorrow.” Moses said, “Let it be according to your word, that you may know that there is no one like Yahweh our God."
Exodus 8:11,"Ciũra nĩcigũkweherera na ciehere nyũmba ciaku, cieherere anene aku na andũ aku; itigare o iria irĩ rũũĩ-inĩ rwa Nili.”","The frogs shall depart from you, and from your houses, and from your servants, and from your people. They shall remain in the river only.”"
Exodus 8:12,"Na rĩrĩa Musa na Harũni mehereire Firaũni, Musa agĩkaĩra Jehova ũhoro wĩgiĩ ciũra iria aarehithĩirie Firaũni.","Moses and Aaron went out from Pharaoh, and Moses cried to Yahweh concerning the frogs which he had brought on Pharaoh."
Exodus 8:13,"Nake Jehova agĩĩka o ũrĩa Musa aahooete. Ciũra iria ciarĩ nyũmba, na iria ciarĩ nja na iria ciarĩ mĩgũnda igĩkua.","Yahweh did according to the word of Moses, and the frogs died out of the houses, out of the courts, and out of the fields."
Exodus 8:14,"Ikĩũnganio ikĩigwo irũndo, nacio ikĩnungia bũrũri.","They gathered them together in heaps, and the land stank."
Exodus 8:15,"No rĩrĩa Firaũni onire atĩ marĩkũhoorerwo nĩ thĩĩna-rĩ, akĩũmia ngoro na akĩrega kũigua Musa na Harũni, o ta ũrĩa Jehova oigĩte.","But when Pharaoh saw that there was a respite, he hardened his heart, and didn’t listen to them, as Yahweh had spoken."
Exodus 8:16,"Ningĩ Jehova akĩĩra Musa atĩrĩ, “Ĩra Harũni atĩrĩ, ‘Tambũrũkia rũthanju rwaku ũgũthe rũkũngũ rũrĩa rũrĩ thĩ,’ na bũrũri-inĩ wothe wa Misiri-rĩ, rũkũngũ rũu rũgũtuĩka rwagĩ.”","Yahweh said to Moses, “Tell Aaron, ‘Stretch out your rod, and strike the dust of the earth, that it may become lice throughout all the land of Egypt.’ ”"
Exodus 8:17,"Nao magĩĩka ũguo; na rĩrĩa Harũni aatambũrũkirie guoko anyiitĩte rũthanju-rĩ, agũtha rũkũngũ naguo, rwagĩ rũgĩtambĩrĩra andũ na nyamũ. Rũkũngũ ruothe bũrũri-inĩ wa Misiri rũgĩtuĩka rwagĩ.","They did so; and Aaron stretched out his hand with his rod, and struck the dust of the earth, and there were lice on man, and on animal; all the dust of the earth became lice throughout all the land of Egypt."
Exodus 8:18,"No hĩndĩ ĩrĩa aringi a ciama a bũrũri wa Misiri maageririe kũrehe rwagĩ na maũgĩ mao ma ũgo-rĩ, nĩmaremirwo. Naruo rwagĩ rũgĩtambĩrĩra andũ na nyamũ.","The magicians tried with their enchantments to produce lice, but they couldn’t. There were lice on man, and on animal."
Exodus 8:19,"Aringi acio a ciama makĩĩra Firaũni atĩrĩ, “Ũyũ nĩ hinya wa kĩara kĩa Ngai.” No Firaũni akĩũmia ngoro akĩrega kũigua, o ta ũrĩa Jehova oigĩte.","Then the magicians said to Pharaoh, “This is God’s finger;” but Pharaoh’s heart was hardened, and he didn’t listen to them, as Yahweh had spoken."
Exodus 8:20,"Ningĩ Jehova akĩĩra Musa atĩrĩ, “Ũkĩra rũciinĩ tene, uumĩrĩre Firaũni agĩthiĩ Rũũĩ rwa Nili, ũmwĩre atĩrĩ, ‘Jehova ekuuga ũũ: Rekereria andũ akwa mathiĩ nĩgeetha makandungatĩre.","Yahweh said to Moses, “Rise up early in the morning, and stand before Pharaoh; behold, he comes out to the water; and tell him, ‘This is what Yahweh says, “Let my people go, that they may serve me."
Exodus 8:21,"Ũngĩaga kũreka mathiĩ-rĩ, ngũkũrehera mĩrumbĩ ya ngi, ndehere anene aku na andũ aku, o na ndĩcirehe nyũmba-inĩ cianyu. Nyũmba cia andũ a Misiri ikũiyũra ngi, o na ningĩ ciyũre thĩ kũrĩa guothe marĩ.","Else, if you will not let my people go, behold, I will send swarms of flies on you, and on your servants, and on your people, and into your houses. The houses of the Egyptians shall be full of swarms of flies, and also the ground they are on."
Exodus 8:22,"“ ‘No rĩrĩ, mũthenya ũcio ngeeka ũndũ ũrĩ ngũrani bũrũri-inĩ wa Gosheni, kũrĩa andũ akwa matũũraga; gũtikagĩa na mĩrumbĩ ya ngi kũu, nĩgeetha ũmenye atĩ niĩ, Jehova, ndĩ bũrũri-inĩ ũyũ.","I will set apart in that day the land of Goshen, in which my people dwell, that no swarms of flies shall be there, to the end you may know that I am Yahweh on the earth."
Exodus 8:23,Nĩngekĩra ngũũrani gatagatĩ ka andũ akwa na aku. Rũciũ nĩrĩo kĩama gĩkĩ gĩgekĩka.’ ”,I will put a division between my people and your people. This sign shall happen by tomorrow.” ’ ”
Exodus 8:24,"Na ũguo noguo Jehova eekire. Ngi mĩrumbĩ mĩnene ikĩiyũra nyũmba ya ũthamaki ya Firaũni na igĩtoonya nyũmba cia anene ake, naguo bũrũri wa Misiri wothe ũkĩanangwo nĩ ngi icio.","Yahweh did so; and there came grievous swarms of flies into the house of Pharaoh, and into his servants’ houses. In all the land of Egypt the land was corrupted by reason of the swarms of flies."
Exodus 8:25,"Ningĩ Firaũni agĩĩta Musa na Harũni, akĩmeera atĩrĩ, “Thiĩi mũkarutĩre Ngai wanyu iruta gũkũ bũrũri-inĩ.”","Pharaoh called for Moses and for Aaron, and said, “Go, sacrifice to your God in the land!”"
Exodus 8:26,"No Musa akĩmwĩra atĩrĩ, “Gũtingĩagĩrĩra gwĩka ũguo. Magongona marĩa tũkũrutĩra Jehova Ngai witũ nĩ mekuoneka marĩ magigi nĩ andũ a Misiri. Tũngĩkĩruta magongona marĩ magigi maitho-inĩ mao-rĩ, githĩ matigũtũhũũra na mahiga nyuguto?","Moses said, “It isn’t appropriate to do so; for we shall sacrifice the abomination of the Egyptians to Yahweh our God. Behold, if we sacrifice the abomination of the Egyptians before their eyes, won’t they stone us?"
Exodus 8:27,"No nginya tũthiĩ rũgendo rwa mĩthenya ĩtatũ werũ-inĩ tũkarutĩre Jehova Ngai witũ magongona, o ta ũrĩa atwathĩte.”","We will go three days’ journey into the wilderness, and sacrifice to Yahweh our God, as he shall command us.”"
Exodus 8:28,"Firaũni akiuga atĩrĩ, “Nĩngũmũrekereria mũthiĩ mũkarutĩre Jehova Ngai wanyu magongona werũ-inĩ, no mũtigathiĩ kũraya mũno. Na rĩu, hooerai.”","Pharaoh said, “I will let you go, that you may sacrifice to Yahweh your God in the wilderness, only you shall not go very far away. Pray for me.”"
Exodus 8:29,"Musa agĩcookia atĩrĩ, “Ndaarĩkia kuuma harĩwe, nĩngũhooya Jehova, na rũciũ ngi nĩikoima kũrĩ Firaũni na anene ake, na andũ ake. No ũkĩmenyerere atĩ Firaũni ndageke ũndũ wa kũheenania rĩngĩ, na ũndũ wa kwaga kũrekereria andũ mathiĩ makarutĩre Jehova magongona.”","Moses said, “Behold, I am going out from you. I will pray to Yahweh that the swarms of flies may depart from Pharaoh, from his servants, and from his people, tomorrow; only don’t let Pharaoh deal deceitfully any more in not letting the people go to sacrifice to Yahweh.”"
Exodus 8:30,"Musa agĩkiuma harĩ Firaũni, akĩhooya Jehova,","Moses went out from Pharaoh, and prayed to Yahweh."
Exodus 8:31,"nake Jehova agĩĩka ũrĩa Musa aamũhoire; nacio ngi ikĩeherera Firaũni, na anene ake, na andũ ake, na gũtirĩ ngi yatigarire.","Yahweh did according to the word of Moses, and he removed the swarms of flies from Pharaoh, from his servants, and from his people. There remained not one."
Exodus 8:32,"No rĩrĩ, o na ihinda rĩĩrĩ Firaũni akĩũmia ngoro yake akĩrega kũrekereria andũ mathiĩ.","Pharaoh hardened his heart this time also, and he didn’t let the people go."
Exodus 9:1,"Ningĩ Jehova akĩĩra Musa atĩrĩ, “Thiĩ kũrĩ Firaũni ũkamwĩre atĩrĩ, ‘Jehova, o we Ngai wa Ahibirania ekuuga ũũ: “Rekereria andũ akwa mathiĩ, nĩgeetha makandungatĩre.”","Then Yahweh said to Moses, “Go in to Pharaoh, and tell him, ‘This is what Yahweh, the God of the Hebrews, says: “Let my people go, that they may serve me."
Exodus 9:2,"Ũngĩrega kũmarekereria, na ũthiĩ na mbere kũmarigĩrĩria-rĩ,","For if you refuse to let them go, and hold them still,"
Exodus 9:3,"guoko kwa Jehova nĩgũkũrehithĩria ũhiũ waku ũrĩa ũrĩ ũrĩithio-inĩ mũthiro mũũru mũno kũrĩ mbarathi cianyu na ndigiri, na ngamĩĩra, na ngʼombe cianyu, na ngʼondu na mbũri.","behold, Yahweh’s hand is on your livestock which are in the field, on the horses, on the donkeys, on the camels, on the herds, and on the flocks with a very grievous pestilence."
Exodus 9:4,"No Jehova nĩagekĩra ngũũrani gatagatĩ ka ũhiũ wa andũ a Isiraeli na andũ a Misiri, nĩgeetha gũtikagĩe nyamũ ya Mũisiraeli ĩgũkua.’ ”",Yahweh will make a distinction between the livestock of Israel and the livestock of Egypt; and nothing shall die of all that belongs to the children of Israel.” ’ ”
Exodus 9:5,"Jehova agĩtua ihinda, na akiuga atĩrĩ, “Rũciũ Jehova nĩageeka ũndũ ũyũ gũkũ bũrũri-inĩ.”","Yahweh appointed a set time, saying, “Tomorrow Yahweh shall do this thing in the land.”"
Exodus 9:6,"Na mũthenya ũyũ ũngĩ Jehova agĩgĩka o ũguo: Ũhiũ wothe wa andũ a Misiri ũgĩkua, no gũtirĩ nyamũ o na ĩmwe ya Mũisiraeli yakuire.","Yahweh did that thing on the next day; and all the livestock of Egypt died, but of the livestock of the children of Israel, not one died."
Exodus 9:7,"Firaũni agĩtũma andũ magatuĩrie ũhoro, nao makĩona atĩ gũtiarĩ nyamũ o na ĩmwe ya andũ a Isiraeli yakuĩte. No rĩrĩ, ngoro yake ndĩororoire na ndaigana kũrekereria andũ mathiĩ.","Pharaoh sent, and, behold, there was not so much as one of the livestock of the Israelites dead. But the heart of Pharaoh was stubborn, and he didn’t let the people go."
Exodus 9:8,"Ningĩ Jehova akĩĩra Musa na Harũni atĩrĩ, “Oyai ngundi cia mbiro kuuma riiko rĩrĩa inene, nake Musa amĩikie igũrũ mbere ya Firaũni.","Yahweh said to Moses and to Aaron, “Take handfuls of ashes of the furnace, and let Moses sprinkle it toward the sky in the sight of Pharaoh."
Exodus 9:9,"Mbiro ĩyo nĩĩgatuĩka rũkũngũ rũhinyu, naruo rũiyũre bũrũri wothe wa Misiri, rũcooke rũtuĩke mahũha ma ironda mĩĩrĩ-inĩ ya andũ na ya nyamũ bũrũri-inĩ ũcio wothe.”","It shall become small dust over all the land of Egypt, and shall be boils and blisters breaking out on man and on animal, throughout all the land of Egypt.”"
Exodus 9:10,"Nĩ ũndũ ũcio magĩkĩoya mbiro kuuma riiko inene, makĩrũgama mbere ya Firaũni. Musa akĩmĩikia igũrũ, namo mahũha ma ironda makiumĩra mĩĩrĩ-inĩ ya andũ o na ya nyamũ.","They took ashes of the furnace, and stood before Pharaoh; and Moses sprinkled it up toward the sky; and it became boils and blisters breaking out on man and on animal."
Exodus 9:11,"Aringi ciama a Misiri matingĩahotire kũrũgama mbere ya Musa nĩ ũndũ wa mahũha marĩa maarĩ namo,* hamwe na andũ othe a bũrũri wa Misiri.",The magicians couldn’t stand before Moses because of the boils; for the boils were on the magicians and on all the Egyptians.
Exodus 9:12,"No Jehova akĩũmia ngoro ya Firaũni, akĩrega kũigua Musa na Harũni, o ta ũrĩa Jehova eerĩte Musa.","Yahweh hardened the heart of Pharaoh, and he didn’t listen to them, as Yahweh had spoken to Moses."
Exodus 9:13,"Ningĩ Jehova akĩĩra Musa atĩrĩ, “Ũkĩra rũciinĩ tene, ũkarũgame mbere ya Firaũni ũmwĩre atĩrĩ, ‘Ũũ nĩguo Jehova Ngai wa Ahibirania ekuuga: Rekereria andũ akwa mathiĩ, nĩgeetha makahooe,","Yahweh said to Moses, “Rise up early in the morning, and stand before Pharaoh, and tell him, ‘This is what Yahweh, the God of the Hebrews, says: “Let my people go, that they may serve me."
Exodus 9:14,"kana ihinda rĩĩrĩ ngũtũmĩre mĩthiro yakwa yothe ya hinya, we o hamwe na anene aku na andũ aku, nĩguo ũmenye atĩ gũtirĩ ũngĩ ũhaana ta niĩ gũkũ thĩ guothe.","For this time I will send all my plagues against your heart, against your officials, and against your people; that you may know that there is no one like me in all the earth."
Exodus 9:15,"Nĩgũkorwo nginya rĩu nĩingĩhotete gũtambũrũkia guoko gwakwa, ngakũhũũra na ngahũũra andũ aku na mũthiro ũrĩa ũngĩmũniinĩte inyuothe thĩ.","For now I would have stretched out my hand, and struck you and your people with pestilence, and you would have been cut off from the earth;"
Exodus 9:16,"No ngũrũgamĩtie nĩ ũndũ wa gĩtũmi gĩkĩ kĩũmbe, atĩ nguonie hinya wakwa, na atĩ rĩĩtwa rĩakwa rĩhunjio thĩ yothe.","but indeed for this cause I have made you stand: to show you my power, and that my name may be declared throughout all the earth,"
Exodus 9:17,No wĩyũmĩtie kũhinyĩrĩria andũ akwa na ũkagiria mathiĩ.,"because you still exalt yourself against my people, that you won’t let them go."
Exodus 9:18,"Nĩ ũndũ ũcio-rĩ, rũciũ ihinda ta rĩĩrĩ ngoiria mbura ya mbembe njũru mũno, ĩtarĩ yoira ĩngĩ tayo gũkũ bũrũri wa Misiri kuuma rĩrĩa Misiri kwambĩrĩirie gũtũũrwo nginya rĩu.","Behold, tomorrow about this time I will cause it to rain a very grievous hail, such as has not been in Egypt since the day it was founded even until now."
Exodus 9:19,"Gĩathane rĩu atĩ ũhiũ waku na indo ciothe iria ũrĩ nacio mũgũnda itoonyio handũ ingĩĩgitia, tondũ mbura ĩyo ya mbembe yoirĩra mũndũ o wothe ũrĩ nja kana nyamũ ĩtarehetwo mũciĩ o yothe na ĩrĩ kũu mũgũnda no ĩgũkua.’ ”","Now therefore command that all of your livestock and all that you have in the field be brought into shelter. The hail will come down on every man and animal that is found in the field, and isn’t brought home, and they will die.” ’ ”"
Exodus 9:20,Anene acio a Firaũni arĩa meetigĩrĩte kiugo kĩa Jehova makĩhiũha gũtoonyia ngombo ciao na ũhiũ wao nyũmba thĩinĩ.,Those who feared Yahweh’s word among the servants of Pharaoh made their servants and their livestock flee into the houses.
Exodus 9:21,No arĩa mateetigĩrire kiugo kĩa Jehova maatigire ngombo ciao na ũhiũ wao mĩgũnda-inĩ.,Whoever didn’t respect Yahweh’s word left his servants and his livestock in the field.
Exodus 9:22,"Ningĩ Jehova akĩĩra Musa atĩrĩ, “Tambũrũkia guoko ũkũroretie matu-inĩ nĩgeetha mbura ya mbembe yure bũrũri wa Misiri guothe; yurĩre andũ, na nyamũ na yurĩre kĩndũ gĩothe kĩrakũra mĩgũnda-inĩ ya bũrũri wa Misiri.”","Yahweh said to Moses, “Stretch out your hand toward the sky, that there may be hail in all the land of Egypt, on man, and on animal, and on every herb of the field, throughout the land of Egypt.”"
Exodus 9:23,"Rĩrĩa Musa aatambũrũkirie rũthanju arũroretie matu-inĩ, Jehova agĩtũmakũgĩenamarurumĩhamwenamburayambembe, naruorũhenirũkĩhenũkathĩ. Nĩũndũũcio Jehova akiuria mbura ya mbembe kũu bũrũri wa Misiri;","Moses stretched out his rod toward the heavens, and Yahweh sent thunder and hail; and lightning flashed down to the earth. Yahweh rained hail on the land of Egypt."
Exodus 9:24,"mbura ya mbembe ĩgĩkiura, naruo rũheni rũkĩhenũka kũndũ guothe. Nĩkĩo kĩarĩ kĩhuhũkanio kĩrĩa kĩũru mũno kĩonekanĩte bũrũri wothe wa Misiri kuuma wambĩrĩria gũtũũrwo nĩ andũ.","So there was very severe hail, and lightning mixed with the hail, such as had not been in all the land of Egypt since it became a nation."
Exodus 9:25,"Mbura ĩyo ya mbembe ĩkiura bũrũri wothe wa Misiri, ĩkiurĩra kĩndũ gĩothe kĩarĩ mũgũnda, andũ o hamwe na nyamũ; ĩgĩthũkia kĩndũ gĩothe kĩarĩ mũgũnda na ĩgĩkahũra mĩtĩ yothe.","The hail struck throughout all the land of Egypt all that was in the field, both man and animal; and the hail struck every herb of the field, and broke every tree of the field."
Exodus 9:26,"Kũndũ kũrĩa mbura ĩyo ya mbembe ĩtoirire no bũrũri wa Gosheni, kũrĩa andũ a Isiraeli maarĩ.","Only in the land of Goshen, where the children of Israel were, there was no hail."
Exodus 9:27,"Nake Firaũni agĩĩta Musa na Harũni, akĩmeera atĩrĩ, “Ihinda rĩĩrĩ nĩnjĩhĩtie. Jehova nĩwe wa ma; niĩ na andũ akwa nĩtũhĩtĩtie.","Pharaoh sent and called for Moses and Aaron, and said to them, “I have sinned this time. Yahweh is righteous, and I and my people are wicked."
Exodus 9:28,"Hooyai Jehova, nĩgũkorwo nĩtũiganĩtie marurumĩ na mbura ya mbembe iria tuonete. Nĩngũmũrekereria mũthiĩ; mũtigũikara gũkũ rĩngĩ.”","Pray to Yahweh; for there has been enough of mighty thunderings and hail. I will let you go, and you shall stay no longer.”"
Exodus 9:29,"Musa akĩmũcookeria atĩrĩ, “Ndoima itũũra rĩĩrĩ inene, nĩngũtambũrũkia moko hooe Jehova. Marurumĩ nĩmegũthira, na gũtigũkorwo na mbura ĩngĩ ya mbembe, nĩgeetha ũmenye atĩ thĩ nĩ ya Jehova.","Moses said to him, “As soon as I have gone out of the city, I will spread out my hands to Yahweh. The thunders shall cease, and there will not be any more hail; that you may know that the earth is Yahweh’s."
Exodus 9:30,No nĩnjũũĩ atĩ wee na anene aku mũtirĩ mũretigĩra Jehova Ngai.”,"But as for you and your servants, I know that you don’t yet fear Yahweh God.”"
Exodus 9:31,"(Ũguta na cairi nĩciathũkirio, nĩ ũndũ cairi nĩyarutĩte magira, naguo ũguta ũkaruta kĩro.","The flax and the barley were struck, for the barley had ripened and the flax was blooming."
Exodus 9:32,"No rĩrĩ, ngano o na guthemethu itiathũkirio, tondũ itiarĩ ngũrũ.)","But the wheat and the spelt were not struck, for they had not grown up."
Exodus 9:33,"Hĩndĩ ĩyo Musa akĩehera harĩ Firaũni na akiuma nja ya itũũra inene. Agĩtambũrũkia moko amaroretie na kũrĩ Jehova; marurumĩ na mbura ya mbembe igĩthira, na gũtiacookire kuura.","Moses went out of the city from Pharaoh, and spread out his hands to Yahweh; and the thunders and hail ceased, and the rain was not poured on the earth."
Exodus 9:34,Rĩrĩa Firaũni onire atĩ mbura ya mbembe na marurumĩ nĩciathira akĩĩhia rĩngĩ; we na anene ake makĩũmia ngoro ciao.,"When Pharaoh saw that the rain and the hail and the thunders had ceased, he sinned yet more, and hardened his heart, he and his servants."
Exodus 9:35,"Nĩ ũndũ ũcio ngoro ya Firaũni yarĩ nyũmũ na ndangĩarekereirie andũ a Isiraeli mathiĩ, o ta ũrĩa Jehova aarĩtie na kanua ka Musa.","The heart of Pharaoh was hardened, and he didn’t let the children of Israel go, just as Yahweh had spoken through Moses."
Exodus 10:1,"Ningĩ Jehova akĩĩra Musa atĩrĩ, “Thiĩ kũrĩ Firaũni, nĩgũkorwo nĩnyũmĩtie ngoro yake na ngoro cia anene ake nĩgeetha ninge ciama ici ciakwa gatagatĩ-inĩ kao;","Yahweh said to Moses, “Go in to Pharaoh, for I have hardened his heart and the heart of his servants, that I may show these my signs among them;"
Exodus 10:2,"nĩguo mũkeeraga ciana cianyu na ciana ciacio ũrĩa ndokĩrĩire andũ a Misiri, na ũrĩa ndaringire ciama ciakwa gatagatĩ-inĩ kao, nĩguo mũmenye atĩ niĩ nĩ niĩ Jehova.”","and that you may tell in the hearing of your son, and of your son’s son, what things I have done to Egypt, and my signs which I have done among them; that you may know that I am Yahweh.”"
Exodus 10:3,"Nĩ ũndũ ũcio Musa na Harũni magĩthiĩ kũrĩ Firaũni makĩmwĩra atĩrĩ, “Jehova Ngai wa Ahibirania ekuuga ũũ: ‘Ũgũikara nginya rĩ ũregete kũnjĩnyiihĩria? Rekereria andũ akwa mathiĩ, nĩgeetha makandungatĩre.","Moses and Aaron went in to Pharaoh, and said to him, “This is what Yahweh, the God of the Hebrews, says: ‘How long will you refuse to humble yourself before me? Let my people go, that they may serve me."
Exodus 10:4,"Warega kũmarekereria-rĩ, rũciũ nĩngarehithia ngigĩ bũrũri ũyũ wanyu.","Or else, if you refuse to let my people go, behold, tomorrow I will bring locusts into your country,"
Exodus 10:5,"Ikaiyũra thĩ, imĩhumbĩre yage kuoneka. Nĩikarĩa kĩrĩa gĩothe gĩtigĩtio nĩ mbura ya mbembe, o na irĩe mĩtĩ yothe ĩrĩa ĩrakũra mĩgũnda-inĩ yanyu.","and they shall cover the surface of the earth, so that one won’t be able to see the earth. They shall eat the residue of that which has escaped, which remains to you from the hail, and shall eat every tree which grows for you out of the field."
Exodus 10:6,"Ikaiyũra nyũmba ciaku, na cia anene aku, na cia andũ othe a Misiri, ũndũ maithe manyu kana maguuka manyu matarĩ mona kuuma rĩrĩa mambĩrĩirie gũtũũra bũrũri ũyũ nginya rĩu.’ ” Nake Musa akĩgarũrũka akĩeherera Firaũni.","Your houses shall be filled, and the houses of all your servants, and the houses of all the Egyptians, as neither your fathers nor your fathers’ fathers have seen, since the day that they were on the earth to this day.’ ” He turned, and went out from Pharaoh."
Exodus 10:7,"Anene a Firaũni makĩmwĩra atĩrĩ, “Nĩ nginya rĩ mũndũ ũyũ egũtũũra arĩ mũtego harĩ ithuĩ? Rekereria andũ aya mathiĩ, nĩgeetha makahooe Jehova Ngai wao. Ndũramenya atĩ bũrũri wa Misiri nĩwanangĩtwo?”","Pharaoh’s servants said to him, “How long will this man be a snare to us? Let the men go, that they may serve Yahweh, their God. Don’t you yet know that Egypt is destroyed?”"
Exodus 10:8,"Musa na Harũni magĩcookio kũrĩ Firaũni. Nake akĩmeera atĩrĩ, “Thiĩi mũkahooe Jehova Ngai wanyu; no rĩrĩ, nĩ arĩkũ megũthiĩ?”","Moses and Aaron were brought again to Pharaoh, and he said to them, “Go, serve Yahweh your God; but who are those who will go?”"
Exodus 10:9,"Musa akĩmũcookeria atĩrĩ, “Tũgũthiĩ na andũ aitũ arĩa ethĩ o na arĩa akũrũ, tũthiĩ na aanake na airĩtu aitũ, na tũthiĩ na ũhiũ witũ wothe, tondũ tũrathiĩ gũkũngũĩra Jehova na iruga inene.”","Moses said, “We will go with our young and with our old. We will go with our sons and with our daughters, with our flocks and with our herds; for we must hold a feast to Yahweh.”"
Exodus 10:10,"Firaũni akiuga atĩrĩ, “Hĩ! Kaĩ Jehova arogĩikara na inyuĩ ingĩmũrekereria mũthiĩ na atumia anyu na ciana cianyu-ĩ! Hatirĩ nganja mũrĩ na muoroto mũũru.","He said to them, “Yahweh be with you if I let you go with your little ones! See, evil is clearly before your faces."
Exodus 10:11,"Aca! Thiĩi o arũme oiki,* mũthiĩ mũhooe Jehova, nĩgũkorwo ũguo nĩguo mũkoretwo mũkĩenda.” Nao Musa na Harũni makĩingatwo, makĩehera mbere ya Firaũni.","Not so! Go now you who are men, and serve Yahweh; for that is what you desire!” Then they were driven out from Pharaoh’s presence."
Exodus 10:12,"Nake Jehova akĩĩra Musa atĩrĩ, “Tambũrũkia guoko gwaku igũrũ rĩa bũrũri wa Misiri nĩgeetha ngigĩ ciũke ciyũre bũrũri ũyũ wothe, nacio irĩe kĩndũ gĩothe kĩrakũra mĩgũnda-inĩ, kĩrĩa gĩothe gĩatigirio nĩ mbura ya mbembe.”","Yahweh said to Moses, “Stretch out your hand over the land of Egypt for the locusts, that they may come up on the land of Egypt, and eat every herb of the land, even all that the hail has left.”"
Exodus 10:13,"Nĩ ũndũ ũcio Musa agĩtambũrũkia rũthanju rwake igũrũ rĩa bũrũri wa Misiri, nake Jehova agĩtũma rũhuho ruumĩte irathĩro rũhurutane kũu bũrũri ũcio mũthenya wothe na ũtukũ wothe. Gũgĩkinya rũciinĩ rũhuho rũu nĩ rwarehete ngigĩ.","Moses stretched out his rod over the land of Egypt, and Yahweh brought an east wind on the land all that day, and all night; and when it was morning, the east wind brought the locusts."
Exodus 10:14,Nacio ngigĩ icio ikĩhithũkĩra bũrũri wa Misiri wothe na igĩikara kũndũ guothe bũrũri-inĩ irĩ nyingĩ mũno. Mbere ĩyo gũtiagĩte mũthiro wa ngigĩ ta ũcio na gũtikagĩa ũngĩ ta ũcio.,"The locusts went up over all the land of Egypt, and rested in all the borders of Egypt. They were very grievous. Before them there were no such locusts as they, nor will there ever be again."
Exodus 10:15,"Ikĩhumbĩra thĩ yothe o nginya ĩkĩira. Ikĩrĩa kĩrĩa gĩothe gĩatigarĩtio nĩ mbura ya mbembe, kĩrĩa gĩothe gĩakũraga mĩgũnda o na matunda marĩa maarĩ mĩtĩ-inĩ. Gũtirĩ kĩndũ kĩigũ gĩatigarire mũtĩ-inĩ kana mũmera bũrũri-inĩ wothe wa Misiri.","For they covered the surface of the whole earth, so that the land was darkened, and they ate every herb of the land, and all the fruit of the trees which the hail had left. There remained nothing green, either tree or herb of the field, through all the land of Egypt."
Exodus 10:16,"Nake Firaũni agĩĩta Musa na Harũni narua, akĩmeera atĩrĩ, “Nĩnjĩhĩirie Jehova Ngai wanyu, o na inyuĩnĩndĩmwĩhĩirie.","Then Pharaoh called for Moses and Aaron in haste, and he said, “I have sinned against Yahweh your God, and against you."
Exodus 10:17,RĩundekeraimehiamakwaorĩngĩnamũhooeJehovaNgaiwanyuanjehererie mũthiro ũyũ mũũru.”,"Now therefore please forgive my sin again, and pray to Yahweh your God, that he may also take away from me this death.”"
Exodus 10:18,Hĩndĩ ĩyo Musa akĩeherera Firaũni agĩthiĩ akĩhooya Jehova.,"Moses went out from Pharaoh, and prayed to Yahweh."
Exodus 10:19,"Nake Jehova akĩgarũra rũhuho, akĩrũtua rũhuho rũnene rwa kuuma ithũĩro, naruo rũkĩũmbũra ngigĩ icio, rũgĩcitwara Iria-inĩ Itune. Gũtirĩ gakigĩ o na kamwe gaatigarire bũrũri wa Misiri.","Yahweh sent an exceedingly strong west wind, which took up the locusts, and drove them into the Red Sea.† There remained not one locust in all the borders of Egypt."
Exodus 10:20,"No Jehova akĩũmia ngoro ya Firaũni, nake akĩrega kũrekereria andũ a Isiraeli mathiĩ.","But Yahweh hardened Pharaoh’s heart, and he didn’t let the children of Israel go."
Exodus 10:21,"Ningĩ Jehova akĩĩra Musa atĩrĩ, “Tambũrũkia guoko ũkũroretie igũrũ matu-inĩ nĩgeetha nduma ĩiyũre bũrũri wa Misiri, nduma ĩngĩhutĩka.”","Yahweh said to Moses, “Stretch out your hand toward the sky, that there may be darkness over the land of Egypt, even darkness which may be felt.”"
Exodus 10:22,"Nĩ ũndũ ũcio Musa agĩtambũrũkia guoko akũroretie igũrũ matu-inĩ, nayo nduma nene ĩkĩiyũra bũrũri wa Misiri mĩthenya ĩtatũ.","Moses stretched out his hand toward the sky, and there was a thick darkness in all the land of Egypt for three days."
Exodus 10:23,"Gũtirĩ mũndũ ũngĩahotire kuona ũrĩa ũngĩ kana oime gwake handũ ha mĩthenya ĩtatũ. No andũ a Isiraeli, othe kũrĩa maikaraga kwarĩ na ũtheri.","They didn’t see one another, and nobody rose from his place for three days; but all the children of Israel had light in their dwellings."
Exodus 10:24,"Ningĩ Firaũni agĩĩta Musa, akĩmwĩra atĩrĩ, “Thiĩi mũkahooe Jehova. O na atumia anyu na ciana no mathiĩ na inyuĩ; no rĩrĩ, mũtige ndũũru cianyu cia mbũri na cia ngʼombe.”","Pharaoh called to Moses, and said, “Go, serve Yahweh. Only let your flocks and your herds stay behind. Let your little ones also go with you.”"
Exodus 10:25,"No Musa akĩmwĩra atĩrĩ, “No nginya ũtwĩtĩkĩrie tũkarutĩre Jehova Ngai witũ magongona na maruta ma njino.","Moses said, “You must also give into our hand sacrifices and burnt offerings, that we may sacrifice to Yahweh our God."
Exodus 10:26,"Ũhiũ witũ no nginya tũthiĩ naguo; gũtirĩ o na ihũngũ tũgũtiga na thuutha. No nginya tũhũthĩre imwe ciacio tũkĩhooya Jehova Ngai witũ, na tũtingĩmenya nĩ irĩkũ irĩbatarania mahooya-inĩ nginya tũkinye kũu.”","Our livestock also shall go with us. Not a hoof shall be left behind, for of it we must take to serve Yahweh our God; and we don’t know with what we must serve Yahweh, until we come there.”"
Exodus 10:27,"No Jehova akĩũmia ngoro ya Firaũni, nake akĩrega kũmarekereria mathiĩ.","But Yahweh hardened Pharaoh’s heart, and he wouldn’t let them go."
Exodus 10:28,"Firaũni akĩĩra Musa atĩrĩ, “Uma, ũnjeherere! Wĩmenyerere ndũkanooke mbere yakwa rĩngĩ! Mũthenya ũrĩa ũkoona ũthiũ wakwa, no gũkua ũgaakua.”","Pharaoh said to him, “Get away from me! Be careful to see my face no more; for in the day you see my face you shall die!”"
Exodus 10:29,"Musa akĩmũcookeria atĩrĩ, “O ta ũguo woiga, ndigooka mbere yaku rĩngĩ.”","Moses said, “You have spoken well. I will see your face again no more.”"
Exodus 11:1,"Na rĩrĩ, Jehova nĩeerĩte Musa atĩrĩ, “Nĩngũrehere Firaũni na bũrũri wa Misiri mũthiro ũngĩ ũmwe. Thuutha ũcio, nĩakamũrekereria mũthiĩ mume gũkũ, na rĩrĩa ageeka ũguo, nĩkũmũingata akaamũingata biũ.","Yahweh said to Moses, “I will bring yet one more plague on Pharaoh, and on Egypt; afterwards he will let you go. When he lets you go, he will surely thrust you out altogether."
Exodus 11:2,"Ĩra arũme othe, o hamwe na andũ-a-nja mahooe andũ a matũũra mao indo cia betha na cia thahabu.”","Speak now in the ears of the people, and let every man ask of his neighbor, and every woman of her neighbor, jewels of silver, and jewels of gold.”"
Exodus 11:3,"(Jehova agĩtũma andũ acio metĩkĩrĩke nĩ andũ a Misiri, na Musa we mwene aarĩ mũtĩĩku mũno kũu bũrũri wa Misiri nĩ anene a Firaũni o na andũ arĩa angĩ.)","Yahweh gave the people favor in the sight of the Egyptians. Moreover, the man Moses was very great in the land of Egypt, in the sight of Pharaoh’s servants, and in the sight of the people."
Exodus 11:4,"Nĩ ũndũ ũcio Musa akiuga atĩrĩ, “Jehova ekuuga ũũ: ‘Kũrĩ ta ũtukũ gatagatĩ nĩngatuĩkania bũrũri wa Misiri wothe.","Moses said, “This is what Yahweh says: ‘About midnight I will go out into the middle of Egypt,"
Exodus 11:5,"Mwana wothe wa kahĩĩ wa irigithathi gũkũ bũrũri wa Misiri nĩagaakua, kwambĩrĩria irigithathi rĩa Firaũni, rĩrĩa rĩikaragĩra gĩtĩ kĩa ũnene, nginya irigithathi rĩa ngombo ya mũirĩtu, ũrĩa ũrutaga wĩra gĩthĩi-inĩ, na marigithathi mothe ma ngʼombe o namo.","and all the firstborn in the land of Egypt shall die, from the firstborn of Pharaoh who sits on his throne, even to the firstborn of the female servant who is behind the mill, and all the firstborn of livestock."
Exodus 11:6,"Nĩgũkaagĩa kĩrĩro kĩnene bũrũri wa Misiri wothe, kĩrĩro kĩũru gĩtarĩ gĩakorwo kuo, na gĩtakagĩa kuo rĩngĩ o na rĩ.","There will be a great cry throughout all the land of Egypt, such as there has not been, nor will be any more."
Exodus 11:7,"No gatagatĩ ka andũ a Isiraeli, gũtirĩ ngui ĩgaakũgĩra mũndũ, kana ĩkũgĩre nyamũ.’ Hĩndĩ ĩyo nĩũkamenya atĩ Jehova nĩekĩrĩte ngũũrani harĩ andũ a Misiri na andũ a Isiraeli.","But against any of the children of Israel a dog won’t even bark or move its tongue, against man or animal, that you may know that Yahweh makes a distinction between the Egyptians and Israel."
Exodus 11:8,"Anene aya aku othe magooka kũrĩ niĩ, manyinamĩrĩre makiugaga atĩrĩ, ‘Thiĩ, we mwene o na andũ arĩa makũrũmĩrĩire!’ Thuutha ũcio nĩngathiĩ.” Hĩndĩ ĩyo Musa, acinĩtwo nĩ marakara, akĩeherera Firaũni.","All these servants of yours will come down to me, and bow down themselves to me, saying, “Get out, with all the people who follow you;” and after that I will go out.’ ” He went out from Pharaoh in hot anger."
Exodus 11:9,"Jehova nĩeerĩte Musa atĩrĩ, “Firaũni nĩakarega gũkũigua, nĩgeetha morirũ makwa gũkũ bũrũri wa Misiri mongerereke.”","Yahweh said to Moses, “Pharaoh won’t listen to you, that my wonders may be multiplied in the land of Egypt.”"
Exodus 11:10,"Musa na Harũni nĩmaringire morirũ maya mothe mbere ya Firaũni, no Jehova akĩũmia ngoro ya Firaũni, na ndaigana kũrekereria andũ a Isiraeli moime bũrũri-inĩ wake.","Moses and Aaron did all these wonders before Pharaoh, but Yahweh hardened Pharaoh’s heart, and he didn’t let the children of Israel go out of his land."
Exodus 12:1,"Jehova akĩĩra Musa na Harũni marĩ kũu bũrũri wa Misiri atĩrĩ,","Yahweh spoke to Moses and Aaron in the land of Egypt, saying,"
Exodus 12:2,"“Mweri ũyũ nĩguo ũgũtuĩka mweri wa mbere harĩ inyuĩ, ũtuĩke mweri wa mbere wa mwaka wanyu.",“This month shall be to you the beginning of months. It shall be the first month of the year to you.
Exodus 12:3,"Ĩrai andũ othe a Isiraeli atĩ mũthenya wa ikũmi mweri ũyũ, o mũndũ akanyiitĩra andũ a nyũmba yake gatũrũme; o nyũmba gatũrũme kamwe.","Speak to all the congregation of Israel, saying, ‘On the tenth day of this month, they shall take to them every man a lamb, according to their fathers’ houses, a lamb for a household;"
Exodus 12:4,"Nyũmba ĩngĩgakorwo ĩrĩ nini mũno, ũndũ ĩtangĩniina gatũrũme kamwe-rĩ, nĩmanyiitanĩre gatũrũme kamwe na nyũmba ĩrĩa mahakanĩte nayo, marĩkĩtie gwĩtara mũigana wao meturanĩire. Rorai na mũtue wega nĩ tũtũrũme tũigana tũkabatarania kũringana na mũrĩĩre wa o mũndũ.","and if the household is too little for a lamb, then he and his neighbor next to his house shall take one according to the number of the souls. You shall make your count for the lamb according to what everyone can eat."
Exodus 12:5,"Nyamũ iria mũgũthuura no nginya ikorwo irĩ tũtũrũme twa ũkũrũ wa mwaka ũmwe, na itarĩ na kaũũgũ, na mũgaaciruta kuuma harĩ ngʼondu kana mbũri.","Your lamb shall be without defect, a male a year old. You shall take it from the sheep or from the goats."
Exodus 12:6,"Cimenyererei nginya mũthenya wa ikũmi na ĩna wa mweri, hĩndĩ ĩrĩa andũ othe a Isiraeli magaacithĩnja hwaĩ-inĩ.",You shall keep it until the fourteenth day of the same month; and the whole assembly of the congregation of Israel shall kill it at evening.
Exodus 12:7,"Hĩndĩ ĩyo makooya thakame ĩmwe ya tũtũrũme tũu, nao mamĩhake hingĩro-inĩ cia igũrũ na cia mĩena ya mũrango wa nyũmba ĩrĩa makaarĩĩra tũtũrũme tũu.","They shall take some of the blood, and put it on the two door posts and on the lintel, on the houses in which they shall eat it."
Exodus 12:8,"Ũtukũ o ũcio makaarĩa nyama icio ihĩhĩtio na mwaki, marĩĩanĩrie na nyeni ndũrũ na mĩgate ĩtarĩ mĩĩkĩre ndawa ya kũimbia.","They shall eat the meat in that night, roasted with fire, with unleavened bread. They shall eat it with bitter herbs."
Exodus 12:9,"Mũtikanarĩe nyama irĩ njĩthĩ kana itherũkĩtio na maaĩ, no ihĩhio na mwaki, mũtwe, na magũrũ o na nyama cia nda.","Don’t eat it raw, nor boiled at all with water, but roasted with fire; with its head, its legs and its inner parts."
Exodus 12:10,"Mũtikanatigie imwe ciacio ikinyĩrie rũciinĩ; iria ingĩtigara nginya rũciinĩ, no nginya mũgaacicina.",You shall let nothing of it remain until the morning; but that which remains of it until the morning you shall burn with fire.
Exodus 12:11,"Ũũ nĩguo mũkaarĩa nyama icio: mũkorwo mwĩhotorete mĩcibi yanyu njohero, na iraatũ cianyu irĩ magũrũ,* na mĩtirima yanyu ĩrĩ moko. Mũgaacirĩa naihenya; ĩyo nĩyo Bathaka ya Jehova.","This is how you shall eat it: with your belt on your waist, your sandals on your feet, and your staff in your hand; and you shall eat it in haste: it is Yahweh’s Passover."
Exodus 12:12,"“O ũtukũ ũcio nĩngatuĩkanĩria bũrũri wa Misiri, na nĩngooraga marigithathi mothe ma andũ na ma nyamũ, na nĩngatuĩra ngai cia bũrũri wa Misiri ciothe ciira. Niĩ nĩ niĩ Jehova.","For I will go through the land of Egypt in that night, and will strike all the firstborn in the land of Egypt, both man and animal. I will execute judgments against all the gods of Egypt. I am Yahweh."
Exodus 12:13,"Thakame ĩyo ĩgaatuĩka rũũri rwanyu nyũmba-inĩ iria mũgaakorwo mũrĩ, na rĩrĩa ngoona thakame-rĩ, no kũmũhĩtũka ngaamũhĩtũka. Gũtirĩ mũthiro ũkamũhutia hĩndĩ ĩrĩa ngaahũũra bũrũri wa Misiri.","The blood shall be to you for a token on the houses where you are. When I see the blood, I will pass over you, and no plague will be on you to destroy you when I strike the land of Egypt."
Exodus 12:14,"“Mũthenya ũcio nĩmũrĩũririkanaga; ũkũngũyagĩrei harĩ njiarwa iria igooka ũrĩ wa gĩathĩ kĩa Jehova, ũrĩ ũndũ wathanĩtwo wa gũtũũra.",This day shall be a memorial for you. You shall keep it as a feast to Yahweh. You shall keep it as a feast throughout your generations by an ordinance forever.
Exodus 12:15,"Ihinda rĩa mĩthenya mũgwanja, mũkaarĩĩaga mĩgate ĩtarĩ mĩĩkĩre ndawa ya kũimbia. Mũthenya wa mbere mũkeeheria ndawa ya kũimbia kuuma nyũmba cianyu,† nĩgũkorwo mũndũ o wothe ũngĩrĩa kĩndũ kĩrĩ ndawa ya kũimbia kuuma mũthenya wa mbere nginya wa mũgwanja-rĩ, nĩakaingatwo eherio harĩ andũ a Isiraeli.","“ ‘Seven days you shall eat unleavened bread; even the first day you shall put away yeast out of your houses, for whoever eats leavened bread from the first day until the seventh day, that soul shall be cut off from Israel."
Exodus 12:16,"Gĩai na kĩũngano gĩtheru mũthenya wa mbere, na mũgĩe na kĩngĩ mũthenya wa mũgwanja. Mũtikanarute wĩra o na ũrĩkũ mĩthenya ĩyo, tiga o wa kũhaarĩria irio cia kũrĩĩo nĩ mũndũ wothe, ũguo noguo mũngĩĩka.","In the first day there shall be to you a holy convocation, and in the seventh day a holy convocation; no kind of work shall be done in them, except that which every man must eat, only that may be done by you."
Exodus 12:17,"“Kũngũĩrai Gĩathĩ kĩa Mĩgate Ĩtarĩ Ndawa ya Kũimbia, tondũ nĩ mũthenya ũyũ kĩũmbe ndamũrutire mũrĩ ikundi kuuma bũrũri wa Misiri. Kũngũĩrai mũthenya ũyũ ũrĩ ũndũ wathanĩtwo wa gũtũũra nginya njiarwa iria igooka.",You shall observe the feast of unleavened bread; for in this same day I have brought your armies out of the land of Egypt. Therefore you shall observe this day throughout your generations by an ordinance forever.
Exodus 12:18,"Mweri wa mbere mũrĩrĩĩaga mĩgate ĩtarĩ na ndawa ya kũimbia, kwambĩrĩria hwaĩ-inĩ wa mũthenya wa ikũmi na ĩna, nginya hwaĩ-inĩ wa mũthenya wa mĩrongo ĩrĩ na ũmwe.","In the first month, on the fourteenth day of the month at evening, you shall eat unleavened bread, until the twenty first day of the month at evening."
Exodus 12:19,"Handũ ha matukũ mũgwanja, gũtikoneke ndawa ya kũimbia mĩgate nyũmba-inĩ cianyu. Na rĩrĩ, mũndũ o wothe ũngĩrĩa kĩndũ kĩrĩ na ndawa ya kũimbia nĩakaingatwo athengio mũingĩ-inĩ wa Isiraeli, arĩ mũgeni, kana aciarĩtwo arĩ Mũisiraeli.","There shall be no yeast found in your houses for seven days, for whoever eats that which is leavened, that soul shall be cut off from the congregation of Israel, whether he is a foreigner, or one who is born in the land."
Exodus 12:20,"Mũtikanarĩe kĩndũ gĩĩkĩrĩtwo ndawa ya kũimbia. Kũrĩa guothe mũgaatũũra, mũkaarĩĩaga mĩgate ĩtarĩ ndawa ya kũimbia.”",You shall eat nothing leavened. In all your habitations you shall eat unleavened bread.’ ”
Exodus 12:21,"Nake Musa agĩĩta athuuri a Isiraeli othe, akĩmeera atĩrĩ, “Thiĩi o narua mũgathuure nyamũ nĩ ũndũ wa nyũmba cianyu na mũthĩnje gatũrũme ka Bathaka.","Then Moses called for all the elders of Israel, and said to them, “Draw out, and take lambs according to your families, and kill the Passover."
Exodus 12:22,"Oyai kĩohe kĩa mahuti ma mũthobi, mũgĩtobokie karaĩ-inĩ karĩ na thakame, mũcooke mũmĩhake hingĩro ya igũrũ ya mũrango, o na mĩena yeerĩ ya hingĩro cia mũrango. Gũtikagĩe mũndũ o na ũmwe wanyu ũkuuma nja ya nyũmba yake nginya rũciinĩ.","You shall take a bunch of hyssop, and dip it in the blood that is in the basin, and strike the lintel and the two door posts with the blood that is in the basin. None of you shall go out of the door of his house until the morning."
Exodus 12:23,"Hĩndĩ ĩrĩa Jehova arĩtuĩkania bũrũri nĩguo orage andũ a Misiri-rĩ, nĩarĩona thakame ĩyo ĩrĩ igũrũ na mĩena ya hingĩro cia mĩrango, nake ahĩtũke mũromo wa nyũmba ĩyo, na nĩakagiria mũniinani atoonye nyũmba cianyu amũũrage.","For Yahweh will pass through to strike the Egyptians; and when he sees the blood on the lintel, and on the two door posts, Yahweh will pass over the door, and will not allow the destroyer to come in to your houses to strike you."
Exodus 12:24,“Athĩkĩrai ũrutani ũyũ taarĩ watho wa gũtũũra wathĩkagĩrwo nĩ inyuĩ na njiaro cianyu.,You shall observe this thing for an ordinance to you and to your sons forever.
Exodus 12:25,"Rĩrĩa mũgaatoonya bũrũri ũrĩa Jehova akaamũhe ta ũrĩa eranĩire-rĩ, mũkaamenyagĩrĩra gĩathĩ gĩkĩ.","It shall happen when you have come to the land which Yahweh will give you, as he has promised, that you shall keep this service."
Exodus 12:26,"Na rĩrĩa ciana cianyu ikamũũria atĩrĩ, ‘Gĩathĩ gĩkĩ kiugĩte atĩa harĩ inyuĩ?’","It will happen, when your children ask you, ‘What do you mean by this service?’"
Exodus 12:27,"Mũgaaciĩra atĩrĩ, ‘Nĩ igongona rĩa Bathaka rĩa kũrutĩra Jehova, ũrĩa waagararire nyũmba cia andũ a Isiraeli kũu bũrũri wa Misiri, na akĩhonokia andũ a nyũmba ciitũ hĩndĩ ĩrĩa ooragire andũ a Misiri.’ ” Nao andũ makĩinamĩrĩria mothiũ mao, makĩhooya.","that you shall say, ‘It is the sacrifice of Yahweh’s Passover, who passed over the houses of the children of Israel in Egypt, when he struck the Egyptians, and spared our houses.’ ” The people bowed their heads and worshiped."
Exodus 12:28,Andũ a Isiraeli magĩgĩka o ũrĩa Jehova aathire Musa na Harũni.,"The children of Israel went and did so; as Yahweh had commanded Moses and Aaron, so they did."
Exodus 12:29,"O ũtukũ gatagatĩ Jehova akĩũraga marigithathi mothe kũu bũrũri wa Misiri, kwambĩrĩria irigithathi rĩa Firaũni, ũrĩa waikaragĩra gĩtĩ kĩa ũnene, nginya irigithathi rĩa mũndũ muohe ũrĩa warĩ njeera na marigithathi ma mahiũ mothe.","At midnight, Yahweh struck all the firstborn in the land of Egypt, from the firstborn of Pharaoh who sat on his throne to the firstborn of the captive who was in the dungeon, and all the firstborn of livestock."
Exodus 12:30,"Firaũni na anene ake othe o na andũ a Misiri othe, magĩũkĩra kũrĩ o ũtukũ, nakuo gũkĩgĩa kĩrĩro kĩnene kũu bũrũri wa Misiri, nĩgũkorwo gũtiarĩ nyũmba ĩtaarĩ na mũndũ wakuĩte.","Pharaoh rose up in the night, he, and all his servants, and all the Egyptians; and there was a great cry in Egypt, for there was not a house where there was not one dead."
Exodus 12:31,"O ũtukũ ũcio, Firaũni agĩĩta Musa na Harũni, akĩmeera atĩrĩ, “Ũkĩrai! Ehererai andũ akwa, inyuĩ o na andũ a Isiraeli othe! Thiĩi mũgatungatĩre Jehova o ta ũrĩa mũũrĩtie.","He called for Moses and Aaron by night, and said, “Rise up, get out from among my people, both you and the children of Israel; and go, serve Yahweh, as you have said!"
Exodus 12:32,Oyai ndũũru cianyu cia mbũri na cia ngʼombe o ta ũrĩa mũroigĩte na mũthiĩ. Na mũndathime o na niĩ.”,"Take both your flocks and your herds, as you have said, and be gone; and bless me also!”"
Exodus 12:33,"Nao andũ a Misiri makĩhĩka andũ acio moime bũrũri ũcio na ihenya, nĩgũkorwo moigire atĩrĩ, “Kwaga ũguo, tũgũkua ithuothe!”","The Egyptians were urgent with the people, to send them out of the land in haste, for they said, “We are all dead men.”"
Exodus 12:34,"Nĩ ũndũ ũcio andũ a Isiraeli makĩoya kĩmere kĩao gĩtanekĩrwo ndawa ya kũimbia, na magĩgĩkuua na ciande, nayo mĩharatĩ yoohereirwo nguo-inĩ.","The people took their dough before it was leavened, their kneading troughs being bound up in their clothes on their shoulders."
Exodus 12:35,"Nao andũ a Isiraeli magĩĩka o ta ũrĩa meerĩĩtwo nĩ Musa na makĩhooya andũ a Misiri mamahe indo cia betha na cia thahabu, o na nguo.","The children of Israel did according to the word of Moses; and they asked of the Egyptians jewels of silver, and jewels of gold, and clothing."
Exodus 12:36,Jehova agĩtũma andũ acio metĩkĩrĩke nĩ andũ a Misiri nao makĩmahe kĩrĩa gĩothe meetirie; nĩ ũndũ ũcio magĩtaha indo cia andũ a Misiri.,"Yahweh gave the people favor in the sight of the Egyptians, so that they let them have what they asked. They plundered the Egyptians."
Exodus 12:37,"Andũ a Isiraeli makĩambĩrĩria rũgendo kuuma Ramesese magĩthiĩ Sukothu. Arũme arĩa metwaraga na magũrũ maarĩ ta 600,000 hategũtarwo atumia na ciana.","The children of Israel traveled from Rameses to Succoth, about six hundred thousand on foot who were men, in addition to children."
Exodus 12:38,"Na andũ angĩ aingĩ nĩmathiire na makĩambatania nao, hamwe na ndũũru nene cia mahiũ ma mbũri na ngʼombe.","A mixed multitude went up also with them, with flocks, herds, and even very much livestock."
Exodus 12:39,"Kĩmere kĩrĩa maarutĩte bũrũri wa Misiri nĩkĩo maatũmĩrire gũthondeka mĩgate ĩtarĩ ndawa ya kũimbia. Kĩmere kĩu gĩtiarĩ na ndawa ya kũimbia tondũ nĩkũingatwo maingatirwo bũrũri wa Misiri, na matiigana kũgĩa na ihinda rĩa kũhaarĩria irio ciao.","They baked unleavened cakes of the dough which they brought out of Egypt; for it wasn’t leavened, because they were thrust out of Egypt, and couldn’t wait, and they had not prepared any food for themselves."
Exodus 12:40,Ihinda rĩrĩa andũ a Isiraeli maatũũrire bũrũri wa Misiri nĩ mĩaka 430.,Now the time that the children of Israel lived in Egypt was four hundred thirty years.
Exodus 12:41,"Harĩa mĩaka ĩyo 430 yathirĩire-rĩ, mũthenya o ro ũcio, nĩguo ikundi ciothe cia andũ a Jehova cioimire bũrũri wa Misiri.","At the end of four hundred thirty years, to the day, all of Yahweh’s armies went out from the land of Egypt."
Exodus 12:42,"Tondũ ũtukũ ũcio nĩguo Jehova aikarire eiguĩte nĩguo amarute bũrũri wa Misiri-rĩ, na ũtukũ ũyũ nao andũ a Isiraeli othe nĩmarĩikaraga meiguĩte nĩguo matĩĩage Jehova njiarwa-inĩ ciothe iria igooka.","It is a night to be much observed to Yahweh for bringing them out from the land of Egypt. This is that night of Yahweh, to be much observed by all the children of Israel throughout their generations."
Exodus 12:43,"Jehova akĩĩra Musa na Harũni atĩrĩ, “Maya nĩmo mawatho ma Bathaka: “Gũtirĩ mũgeni ũngĩrĩa Bathaka ĩyo.","Yahweh said to Moses and Aaron, “This is the ordinance of the Passover. No foreigner shall eat of it,"
Exodus 12:44,"Ngombo o yothe ũgũrĩte no ĩrĩe Bathaka ĩyo thuutha wa kũmĩruithia,","but every man’s servant who is bought for money, when you have circumcised him, then shall he eat of it."
Exodus 12:45,no mũrarĩrĩri kana mũruti wĩra wa mũcaara ndakanamĩrĩe.,A foreigner and a hired servant shall not eat of it.
Exodus 12:46,"“No nginya ĩrĩĩagĩrwo thĩinĩ wa nyũmba o ĩmwe, mũtikanoimie nyama o na ĩrĩkũ nja ya nyũmba. Mũtikanoine ihĩndĩ o na rĩmwe rĩayo.",It must be eaten in one house. You shall not carry any of the meat outside of the house. Do not break any of its bones.
Exodus 12:47,Mũingĩ wothe wa Isiraeli no nginya ũkũngũĩre Bathaka.,All the congregation of Israel shall keep it.
Exodus 12:48,"“Mũgeni ũtũũrĩte thĩinĩ wanyu na nĩekwenda gũkũngũĩra Bathaka ya Jehova, no nginya aruithie arũme othe a nyũmba yake; thuutha ũcio nĩrĩo angĩkũngũĩra Bathaka ta mũndũ ũciarĩirwo bũrũri-inĩ. Gũtirĩ mũndũ mũrũme ũtarĩ mũruu ũngĩrĩa Bathaka.","When a stranger lives as a foreigner with you, and would like to keep the Passover to Yahweh, let all his males be circumcised, and then let him come near and keep it. He shall be as one who is born in the land; but no uncircumcised person shall eat of it."
Exodus 12:49,"Watho o ũcio noguo ũgwatha arĩa maciarĩtwo marĩ a bũrũri, o na ageni arĩa matũũranagia na inyuĩ.”","One law shall be to him who is born at home, and to the stranger who lives as a foreigner among you.”"
Exodus 12:50,Andũ a Isiraeli othe magĩĩka o ũrĩa Jehova aathĩte Musa na Harũni.,"All the children of Israel did so. As Yahweh commanded Moses and Aaron, so they did."
Exodus 12:51,"Na mũthenya o ro ũcio, Jehova akĩruta andũ a Isiraeli kuuma bũrũri wa Misiri na ikundi ciao.","That same day, Yahweh brought the children of Israel out of the land of Egypt by their armies."
Exodus 13:1,"Nake Jehova akĩĩra Musa atĩrĩ,","Yahweh spoke to Moses, saying,"
Exodus 13:2,"“Nyamũrĩra marigithathi mothe ma twana twa tũhĩĩ. Maciaro ma mbere ma nda o yothe gatagatĩ-inĩ ka andũ a Isiraeli nĩ makwa, marĩ ma mũndũ kana ma nyamũ.”","“Sanctify to me all the firstborn, whatever opens the womb among the children of Israel, both of man and of animal. It is mine.”"
Exodus 13:3,"Nake Musa akĩĩra andũ atĩrĩ, “Ririkanagai mũthenya ũyũ, mũthenya ũrĩa mwoimire bũrũri wa Misiri, mũkiuma bũrũri wa ũkombo, tondũ Jehova nĩamũrutire kuo na guoko kwa hinya. Mũtikarĩĩage kĩndũ kĩrĩ na ndawa ya kũimbia.","Moses said to the people, “Remember this day, in which you came out of Egypt, out of the house of bondage; for by strength of hand Yahweh brought you out from this place. No leavened bread shall be eaten."
Exodus 13:4,"Ũmũthĩ, mweri-inĩ ũyũ wa Abibu, nĩguo mũroimagara mũthiĩ.",Today you go out in the month Abib.
Exodus 13:5,"Rĩrĩa Jehova akaamũkinyia bũrũri wa Akaanani, na Ahiti, na Aamori, na Ahivi, na Ajebusi bũrũri ũrĩa eehĩtire mbere ya maithe manyu ma tene atĩ nĩakamũhe bũrũri ũrĩ bũthi wa iria na ũũkĩ-rĩ, mũkaamenyagĩrĩra gĩathĩ gĩkĩ mweri-inĩ ũyũ:","It shall be, when Yahweh brings you into the land of the Canaanite, and the Hittite, and the Amorite, and the Hivite, and the Jebusite, which he swore to your fathers to give you, a land flowing with milk and honey, that you shall keep this service in this month."
Exodus 13:6,Ihinda rĩa mĩthenya mũgwanja mũkaarĩĩaga mĩgate ĩtarĩ mĩĩkĩre ndawa ya kũimbia na mũthenya wa mũgwanja mũthondeke iruga inene nĩ ũndũ wa Jehova.,"Seven days you shall eat unleavened bread, and in the seventh day shall be a feast to Yahweh."
Exodus 13:7,"Rĩĩagaimĩgateĩtarĩmĩĩkĩrendawayakũimbiaihindarĩamĩthenyaĩyomũgwanja; gũtikoneke kĩndũ kĩrĩ na ndawa ya kũimbia gatagatĩ kanyu, kana ndawa ya kũimbia yoneke handũ o hothe mĩhaka-inĩ yanyu.","Unleavened bread shall be eaten throughout the seven days; and no leavened bread shall be seen with you. No yeast shall be seen with you, within all your borders."
Exodus 13:8,"Mũthenya ũcio o mũndũ ere mũriũ atĩrĩ, ‘Ndĩreka ũũ tondũ wa ũrĩa Jehova aanjĩkĩire rĩrĩa ndoimire bũrũri wa Misiri.’","You shall tell your son in that day, saying, ‘It is because of that which Yahweh did for me when I came out of Egypt.’"
Exodus 13:9,"Kũmenyerera mũthenya ũyũ nĩkuo kũrĩtuĩkaga ta rũũri guoko-inĩ gwaku, na kĩririkania ũthiũ-inĩ waku, atĩ watho wa Jehova nĩũrĩikaraga iromo-inĩ ciaku. Nĩgũkorwo Jehova nĩakũrutire bũrũri wa Misiri na guoko gwake kwa hinya.","It shall be for a sign to you on your hand, and for a memorial between your eyes, that Yahweh’s law may be in your mouth; for with a strong hand Yahweh has brought you out of Egypt."
Exodus 13:10,"No nginya mũrũmie watho ũyũ mwathane ihinda rĩaguo rĩakinya, mwaka o mwaka.",You shall therefore keep this ordinance in its season from year to year.
Exodus 13:11,"“Thuutha wa Jehova kũmũkinyia bũrũri wa Akaanani na amũhe guo, o ta ũrĩa eeranĩire na mwĩhĩtwa kũrĩ inyuĩ o na maithe manyu ma tene-rĩ,","“It shall be, when Yahweh brings you into the land of the Canaanite, as he swore to you and to your fathers, and will give it to you,"
Exodus 13:12,nĩmũkahe Jehova maciaro ma mbere ma nda ciothe. Marigithathi ma njamba mothe ma ũhiũ wanyu nĩ ma Jehova.,"that you shall set apart to Yahweh all that opens the womb, and every firstborn that comes from an animal which you have. The males shall be Yahweh’s."
Exodus 13:13,"Mũgaakũũraga irigithathi o rĩothe rĩa ndigiri na gatũrũme,* no mũngĩaga kũrĩkũũra-rĩ, mũriune ngingo. Kũũragai marigithathi mothe manyu ma aanake.","Every firstborn of a donkey you shall redeem with a lamb; and if you will not redeem it, then you shall break its neck; and you shall redeem all the firstborn of man among your sons."
Exodus 13:14,"“Matukũ-inĩ marĩa magooka, rĩrĩa mũrũguo agaakũũria atĩrĩ, ‘Ũũ nĩ kuuga atĩa?’ mwĩre atĩrĩ, ‘Jehova aatũrutire bũrũri wa Misiri, agĩtũruta bũrũri wa ũkombo, na guoko gwake kwa hinya.","It shall be, when your son asks you in time to come, saying, ‘What is this?’ that you shall tell him, ‘By strength of hand Yahweh brought us out from Egypt, from the house of bondage."
Exodus 13:15,"Rĩrĩa Firaũni omirie mũtwe akĩrega gũtũrekereria-rĩ, Jehova nĩooragire marigithathi ma bũrũri wa Misiri mothe, andũ o na nyamũ. Ũndũ ũcio nĩguo ũtũmaga ndutĩre Jehova igongona rĩa njamba ciothe iria ciambaga kuuma nda, na ngakũũra mũriũ wakwa wothe wa irigithathi.","When Pharaoh stubbornly refused to let us go, Yahweh killed all the firstborn in the land of Egypt, both the firstborn of man, and the firstborn of livestock. Therefore I sacrifice to Yahweh all that opens the womb, being males; but all the firstborn of my sons I redeem.’"
Exodus 13:16,"Naguo ũndũ ũcio ũrĩtuĩkaga ta rũũri guoko-inĩ gwaku, o na ũtuĩkage kĩonania gĩĩkĩrĩtwo ũthiũ-inĩ waku, atĩ Jehova nĩatũrutire bũrũri wa Misiri na guoko gwake kwa hinya.’ ”","It shall be for a sign on your hand, and for symbols between your eyes; for by strength of hand Yahweh brought us out of Egypt.”"
Exodus 13:17,"Rĩrĩa Firaũni aarekereirie andũ a Isiraeli mathiĩ-rĩ, Ngai ndaamatongoreirie njĩra-inĩ ya kũhĩtũkĩra bũrũri wa Afilisti,† o na gũtuĩka ĩyo nĩyo yarĩ njĩra ĩrĩa nguhĩ. Nĩgũkorwo Ngai oigire atĩrĩ, “Mangĩcemania na mbaara-rĩ, maahota kwĩricũkwo, macooke bũrũri wa Misiri.”","When Pharaoh had let the people go, God didn’t lead them by the way of the land of the Philistines, although that was near; for God said, “Lest perhaps the people change their minds when they see war, and they return to Egypt”;"
Exodus 13:18,Nĩ ũndũ ũcio Ngai agĩgĩtongoria andũ acio mathiũrũrũkĩire njĩra ya werũ-inĩ merekeire Iria Itune. Andũ a Isiraeli maambatire makiuma bũrũri wa Misiri meeohete indo cia mbaara.,but God led the people around by the way of the wilderness by the Red Sea; and the children of Israel went up armed out of the land of Egypt.
Exodus 13:19,"Musa nĩakuuire mahĩndĩ ma Jusufu, nĩ ũndũ Jusufu nĩehĩtithĩtie ariũ a Isiraeli na mwĩhĩtwa. Oigĩte atĩrĩ, “Ti-itherũ Ngai nĩakamũteithia, na inyuĩ hĩndĩ ĩyo no nginya mũgaakuua mahĩndĩ makwa kuuma kũndũ gũkũ.”","Moses took the bones of Joseph with him, for he had made the children of Israel swear, saying, “God will surely visit you, and you shall carry up my bones away from here with you.”"
Exodus 13:20,Thuutha wa kuuma Sukothu maambire kambĩ ciao Ethamu ndeere-inĩ cia werũ.,"They took their journey from Succoth, and encamped in Etham, in the edge of the wilderness."
Exodus 13:21,"Mũthenya, Jehova aathiiaga mbere yao arĩ gĩtugĩ-inĩ gĩa itu gĩa kũmoonereria njĩra, na ũtukũ-rĩ, aathiiaga mbere yao arĩ gĩtugĩ-inĩ kĩa mwaki amamũrĩkĩire njĩra, nĩgeetha mahote gũthiĩ mũthenya o na ũtukũ.","Yahweh went before them by day in a pillar of cloud, to lead them on their way, and by night in a pillar of fire, to give them light, that they might go by day and by night:"
Exodus 13:22,"Gĩtugĩ gĩa itu mũthenya kana gĩtugĩ kĩa mwaki ũtukũ, gũtirĩ kĩeheraga handũ hakĩo mbere ya andũ acio.","the pillar of cloud by day, and the pillar of fire by night, didn’t depart from before the people."
Exodus 14:1,"Ningĩ Jehova akĩĩra Musa atĩrĩ,","Yahweh spoke to Moses, saying,"
Exodus 14:2,"“Ĩra andũ a Isiraeli macooke na thuutha, na mambe hema gũkuhĩ na Pi-Hahirothu, gatagatĩ ka Migidoli na iria. Nĩmambe hema hũgũrũrũ-inĩ cia iria, kũngʼethanĩra na Baali-Zefoni.","“Speak to the children of Israel, that they turn back and encamp before Pihahiroth, between Migdol and the sea, before Baal Zephon. You shall encamp opposite it by the sea."
Exodus 14:3,"Firaũni nĩageciiria atĩrĩ, ‘andũ a Isiraeli marĩ na kĩrigiicano no kũũrũũra marorũũra bũrũri-inĩ, mahingĩrĩirio nĩ werũ.’","Pharaoh will say of the children of Israel, ‘They are entangled in the land. The wilderness has shut them in.’"
Exodus 14:4,"Na nĩngomia ngoro ya Firaũni, nake nĩakamaingatithia. No niĩ mwene nĩngegĩĩra na riiri nĩ ũndũ wa Firaũni na mbũtũ yake yothe ya ita, nao andũ a Misiri nĩmakamenya atĩ niĩ nĩ niĩ Jehova.” Nĩ ũndũ ũcio andũ a Isiraeli magĩĩka o ũguo merĩtwo.","I will harden Pharaoh’s heart, and he will follow after them; and I will get honor over Pharaoh, and over all his armies; and the Egyptians shall know that I am Yahweh.” They did so."
Exodus 14:5,"Rĩrĩa mũthamaki wa bũrũri wa Misiri eerirwo atĩ andũ acio nĩmorĩte-rĩ, Firaũni na anene ake makĩĩricũkwo ũhoro ũcio, magĩkiuga atĩrĩ, “Hĩ! Tweka atĩa? Twarekereria andũ a Isiraeli mathiĩ na ithuĩ tuorĩrwo nĩ ũtungata wao?”","The king of Egypt was told that the people had fled; and the heart of Pharaoh and of his servants was changed toward the people, and they said, “What is this we have done, that we have let Israel go from serving us?”"
Exodus 14:6,"Nĩ ũndũ ũcio akiuga ngaari yake ya ita ĩhaarĩrio, na agĩthiĩ na mbũtũ yake ya ita.","He prepared his chariot, and took his army with him;"
Exodus 14:7,"Agĩthiĩ na ngaari cia ita 600 iria njega mũno, o hamwe na ngaari cia ita iria ingĩ ciothe cia bũrũri wa Misiri, ciothe irũgamĩrĩirwo nĩ anene.","and he took six hundred chosen chariots, and all the chariots of Egypt, with captains over all of them."
Exodus 14:8,"Jehova akĩũmia ngoro ya Firaũni mũthamaki wa bũrũri wa Misiri, na nĩ ũndũ ũcio akĩrũmĩrĩra andũ a Isiraeli na ihenya arĩa moimagarĩte makinyũkĩtie na ũcamba.","Yahweh hardened the heart of Pharaoh king of Egypt, and he pursued the children of Israel; for the children of Israel went out with a high hand.†"
Exodus 14:9,"Andũ a Misiri, hamwe na mbarathi ciothe cia Firaũni na ngaari cia ita, na andũ arĩa mathiiaga mahaicĩte mbarathi, na thigari, makĩrũmĩrĩra andũ a Isiraeli na ihenya makĩmakinyĩra harĩa maambĩte hema rũteere-inĩ rwa iria, hakuhĩ na Pi-Hahirothu kũngʼethera Baali-Zefoni.","The Egyptians pursued them. All the horses and chariots of Pharaoh, his horsemen, and his army overtook them encamping by the sea, beside Pihahiroth, before Baal Zephon."
Exodus 14:10,"Firaũni akuhĩrĩria-rĩ, andũ a Isiraeli makĩĩhũgũra, makĩona andũ a Misiri mamoimĩte thuutha makĩmaka mũno, magĩkaĩra Jehova.","When Pharaoh came near, the children of Israel lifted up their eyes, and behold, the Egyptians were marching after them; and they were very afraid. The children of Israel cried out to Yahweh."
Exodus 14:11,"Makĩĩra Musa atĩrĩ, “Nĩ mbĩrĩra gũtaarĩ bũrũri wa Misiri, nĩguo ũtũrehe tũkuĩre gũkũ werũ-inĩ? Nĩ atĩa ũũ ũtwĩkĩte ũgatũruta bũrũri wa Misiri?","They said to Moses, “Because there were no graves in Egypt, have you taken us away to die in the wilderness? Why have you treated us this way, to bring us out of Egypt?"
Exodus 14:12,"Githĩ tũtiakwĩrire tũrĩ o bũrũri wa Misiri atĩ ũtigane na ithuĩ, ũreke tũtungatĩre andũ a bũrũri wa Misiri? Kũngĩarĩ wega tũtungatĩre andũ a Misiri kũrĩ gũkuĩra werũ-inĩ!”","Isn’t this the word that we spoke to you in Egypt, saying, ‘Leave us alone, that we may serve the Egyptians’? For it would have been better for us to serve the Egyptians than to die in the wilderness.”"
Exodus 14:13,"Musa agĩcookeria andũ acio atĩrĩ, “Tigai gwĩtigĩra. Mwĩhaandei wega, na nĩmũkuona ũhonokio ũrĩa Jehova ekũmũrehere ũmũthĩ. Andũ a Misiri aya mũrona ũmũthĩ, mũtikamona rĩngĩ.","Moses said to the people, “Don’t be afraid. Stand still, and see the salvation of Yahweh, which he will work for you today; for you will never again see the Egyptians whom you have seen today."
Exodus 14:14,"Jehova nĩekũmũrũĩrĩra, mũbatie o gũikara mũhooreire.”","Yahweh will fight for you, and you shall be still.”"
Exodus 14:15,"Ningĩ Jehova akĩĩra Musa atĩrĩ, “Ũrangaĩra nĩkĩ? Ĩra andũ a Isiraeli mathiĩ na mbere.","Yahweh said to Moses, “Why do you cry to me? Speak to the children of Israel, that they go forward."
Exodus 14:16,"Oya rũthanju rwaku, na ũtambũrũkie guoko igũrũ wa iria ũgayanie maaĩ nĩgeetha andũ a Isiraeli matuĩkanĩrie iria-inĩ, mathiĩrĩire thĩ nyũmũ.","Lift up your rod, and stretch out your hand over the sea and divide it. Then the children of Israel shall go into the middle of the sea on dry ground."
Exodus 14:17,"Nĩngũũmia ngoro cia andũ a Misiri nĩgeetha o nao mamarũmĩrĩre. Na nĩngegĩĩra riiri nĩ ũndũ wa Firaũni na mbũtũ yake ya ita, o na nĩ ũndũ wa ngaari ciake cia ita, o na andũ ake arĩa mathiiaga mahaicĩte mbarathi.","Behold, I myself will harden the hearts of the Egyptians, and they will go in after them. I will get myself honor over Pharaoh, and over all his armies, over his chariots, and over his horsemen."
Exodus 14:18,"Nao andũ a Misiri nĩmakamenya atĩ niĩ nĩ niĩ Jehova hĩndĩ ĩyo ngegĩĩra riiri nĩ ũndũ wa Firaũni, na ngaari ciake cia ita na andũ ake arĩa mathiiaga mahaicĩte mbarathi.”","The Egyptians shall know that I am Yahweh when I have gotten myself honor over Pharaoh, over his chariots, and over his horsemen.”"
Exodus 14:19,"Hĩndĩ ĩyo mũraika wa Ngai ũrĩa wathiiaga atongoretie mbũtũ ya thigari cia Isiraeli, akĩehera agĩcooka thuutha wao. Gĩtugĩ gĩa itu nakĩo gĩkiuma hau mbere, gĩkĩrũgama thuutha wao,","The angel of God, who went before the camp of Israel, moved and went behind them; and the pillar of cloud moved from before them, and stood behind them."
Exodus 14:20,"gĩkĩgĩa gatagatĩ ga thigari cia Misiri na cia Isiraeli. Ũtukũ wothe itu rĩu rĩgĩĩkĩra nduma mwena ũmwe, na ũtheri mwena ũrĩa ũngĩ; nĩ ũndũ ũcio gũtirĩ andũ makuhĩrĩirie arĩa angĩ ũtukũ wothe.","It came between the camp of Egypt and the camp of Israel. There was the cloud and the darkness, yet it gave light by night. One didn’t come near the other all night."
Exodus 14:21,"Ningĩ Musa agĩtambũrũkia guoko igũrũ wa iria, na ũtukũ wothe Jehova agĩtindĩka iria na thuutha na ũndũ wa rũhuho rwa kuuma mwena wa irathĩro, na agĩtũma hau hatuĩke thĩ nyũmũ. Maaĩ macio makĩgayũkana,","Moses stretched out his hand over the sea, and Yahweh caused the sea to go back by a strong east wind all night, and made the sea dry land, and the waters were divided."
Exodus 14:22,"nao andũ a Isiraeli makĩringa iria mahĩtũkĩire thĩ nyũmũ, maaĩ marũgamĩte mwena wao wa ũrĩo na wa ũmotho.",The children of Israel went into the middle of the sea on the dry ground; and the waters were a wall to them on their right hand and on their left.
Exodus 14:23,"Nao andũ a Misiri makĩmarũmĩrĩra na ihenya, nacio mbarathi ciothe cia Firaũni na ngaari cia ita, na andũ arĩa mathiiaga mahaicĩte mbarathi makĩmarũmĩrĩra nginya iria-inĩ.","The Egyptians pursued, and went in after them into the middle of the sea: all of Pharaoh’s horses, his chariots, and his horsemen."
Exodus 14:24,"Rũciinĩ ruoro rũgĩtema-rĩ, Jehova agĩcũthĩrĩria mbũtũ ya ita ya andũ a Misiri arĩ gĩtugĩ-inĩ kĩa mwaki na gĩa itu, nake akĩmĩrigiica.","In the morning watch, Yahweh looked out on the Egyptian army through the pillar of fire and of cloud, and confused the Egyptian army."
Exodus 14:25,"Agĩtũma magũrũ ma ngaari ciao cia ita macomoke nĩgeetha makorwo na thĩĩna wa gũcitwarithia. Nao andũ a Misiri makiuga atĩrĩ, “Nĩtũũrei twehere harĩ andũ aya a Isiraeli! Jehova nĩwe ũramarũĩrĩra kũrĩ andũ a Misiri.”","He took off their chariot wheels, and they drove them heavily; so that the Egyptians said, “Let’s flee from the face of Israel, for Yahweh fights for them against the Egyptians!”"
Exodus 14:26,"Ningĩ Jehova akĩĩra Musa atĩrĩ, “Tambũrũkia guoko igũrũ wa iria nĩgeetha maaĩ macooke mahubanĩrie andũ a Misiri na ngaari ciao cia ita, na andũ arĩa mathiiaga mahaicĩte mbarathi.”","Yahweh said to Moses, “Stretch out your hand over the sea, that the waters may come again on the Egyptians, on their chariots, and on their horsemen.”"
Exodus 14:27,"Musa agĩtambũrũkia guoko gwake igũrũ wa iria, na gũgĩkĩa-rĩ, iria rĩgĩcooka gũtherera o ta mbere. Nao andũ a Misiri makĩgeria kũrĩũrĩra, no Jehova akĩmahubanĩria iria-inĩ thĩinĩ.","Moses stretched out his hand over the sea, and the sea returned to its strength when the morning appeared; and the Egyptians fled against it. Yahweh overthrew the Egyptians in the middle of the sea."
Exodus 14:28,"Maaĩ magĩcookana, magĩthika ngaari cia ita na andũ arĩa mathiiaga mahaicĩte mbarathi; nĩo mbũtũ yothe ya Firaũni ĩrĩa yarũmĩrĩire andũ a Isiraeli iria-inĩ. Gũtirĩ o na ũmwe wao wahonokire.","The waters returned, and covered the chariots and the horsemen, even all Pharaoh’s army that went in after them into the sea. There remained not so much as one of them."
Exodus 14:29,"No andũ a Isiraeli maaringire iria magereire njĩra nyũmũ, rũthingo rwa maaĩ rũrũgamĩte mwena wao wa ũrĩo na wa ũmotho.","But the children of Israel walked on dry land in the middle of the sea, and the waters were a wall to them on their right hand and on their left."
Exodus 14:30,"Mũthenya ũcio Jehova akĩhonokia Isiraeli kuuma moko-inĩ ma andũ a Misiri, nao andũ a Isiraeli makĩĩonera ciimba cia andũ a Misiri kũu hũgũrũrũ-inĩ cia iria.",Thus Yahweh saved Israel that day out of the hand of the Egyptians; and Israel saw the Egyptians dead on the seashore.
Exodus 14:31,"Na rĩrĩa andũ a Isiraeli moonire hinya mũnene ũrĩa Jehova onirie andũ a Misiri-rĩ, andũ acio magĩĩtigĩra Jehova na makĩmwĩhoka o na makĩĩhoka Musa ndungata yake.","Israel saw the great work which Yahweh did to the Egyptians, and the people feared Yahweh; and they believed in Yahweh and in his servant Moses."
Exodus 15:1,"Hĩndĩ ĩyo Musa na andũ a Isiraeli makĩinĩra Jehova rwĩmbo rũrũ: “Nĩngũinĩra Jehova, nĩgũkorwo nĩwe ũtũũgĩrĩtio mũno. Mbarathi amĩikĩtie iria-inĩ hamwe na mũmĩhaici.","Then Moses and the children of Israel sang this song to Yahweh, and said, “I will sing to Yahweh, for he has triumphed gloriously. He has thrown the horse and his rider into the sea."
Exodus 15:2,"Jehova nĩwe hinya wakwa na rwĩmbo rwakwa; nĩwe ũtuĩkĩte ũhonokio wakwa. Nĩwe Ngai wakwa na nĩndĩĩmũgoocaga, Nĩwe Ngai wa baba na nĩndĩĩmũtũũgagĩria.","Yah is my strength and song. He has become my salvation. This is my God, and I will praise him; my father’s God, and I will exalt him."
Exodus 15:3,Jehova nĩ njamba ya ita; Jehova nĩrĩo rĩĩtwa rĩake.,Yahweh is a man of war. Yahweh is his name.
Exodus 15:4,Ngaari cia ita cia Firaũni na mbũtũ yake aamĩikirie iria-inĩ. Anene arĩa ega mũno a Firaũni moorĩire maaĩ-inĩ ma Iria Itune.,He has cast Pharaoh’s chariots and his army into the sea. His chosen captains are sunk in the Red Sea.
Exodus 15:5,Maaĩ marĩa mariku nĩmamathikĩte; Nao magakĩrikĩra kũrĩa kũriku ta ihiga.,The deeps cover them. They went down into the depths like a stone.
Exodus 15:6,"“Wee Jehova, guoko gwaku kwa ũrĩo kwarĩ gwa kũgegania, gũkagĩa hinya. Wee Jehova, guoko gwaku kwa ũrĩo nĩ gwathuthangire thũ.","Your right hand, Yahweh, is glorious in power. Your right hand, Yahweh, dashes the enemy in pieces."
Exodus 15:7,"Nĩ ũndũ wa ũnene waku wa magegania, nĩwakurumanirie arĩa magũũkĩrĩire. Nĩwaitũrũrire marakara maku mahiũ; makĩmacina taarĩ mahuti.","In the greatness of your excellency, you overthrow those who rise up against you. You send out your wrath. It consumes them as stubble."
Exodus 15:8,"Na ũndũ wa mũrurumo wa mĩhũmũ ya maniũrũ maku-rĩ, maaĩ nĩmeiganĩrĩire hĩba. Makũmbĩ ma maaĩ makĩrũgama ta rũthingo; maaĩ ma kũrĩa kũriku makĩnyiitana gatagatĩ ka iria.","With the blast of your nostrils, the waters were piled up. The floods stood upright as a heap. The deeps were congealed in the heart of the sea."
Exodus 15:9,"“Thũ nayo yetĩĩte, ĩkoiga atĩrĩ, ‘Nĩngamarũmĩrĩra na ihenya, ndĩmakinyĩre. Ngagayania indo iria matahĩte, ndĩĩhũũnĩrĩrie nacio. Nĩngũcomora rũhiũ rwakwa rwa njora, nakuo guoko gwakwa kũmaniine.’","The enemy said, ‘I will pursue. I will overtake. I will divide the plunder. My desire will be satisfied on them. I will draw my sword. My hand will destroy them.’"
Exodus 15:10,"No wahuhire rũhuho rũkĩhurutana, narĩo iria rĩkĩmathika, makĩrika ta kĩgera maaĩ-inĩ maingĩ.",You blew with your wind. The sea covered them. They sank like lead in the mighty waters.
Exodus 15:11,"“Wee Jehova-rĩ, nũũ ũhaana tawe harĩ ngai ciothe? Nũũ ũhaana tawe, wee ũrĩ ũtheru wa magegania, wee wĩtigĩrĩtwo nĩ ũndũ wa riiri waku, wee wĩkaga maũndũ ma magegania?","Who is like you, Yahweh, among the gods? Who is like you, glorious in holiness, fearful in praises, doing wonders?"
Exodus 15:12,"Watambũrũkirie guoko gwaku kwa ũrĩo, nayo thĩ ĩkĩmameria.",You stretched out your right hand. The earth swallowed them.
Exodus 15:13,"“Nĩ ũndũ wa wendo waku ũtathiraga, nĩũgũtongoria andũ arĩa ũkũũrĩte. Nĩũkamatongoria na ũndũ wa hinya waku, ũmatware nginya gĩikaro gĩaku gĩtheru.","“You, in your loving kindness, have led the people that you have redeemed. You have guided them in your strength to your holy habitation."
Exodus 15:14,"Ndũrĩrĩ ikaigua, nacio ciinaine; ruo rũnyiite andũ a Filistia.",The peoples have heard. They tremble. Pangs have taken hold of the inhabitants of Philistia.
Exodus 15:15,"Aathani a Edomu nĩmakamaka mũno, na atongoria a Moabi manyiitwo nĩ kũinaina, andũ a Kaanani makaiyũrwo nĩ maaĩ nda;",Then the chiefs of Edom were dismayed. Trembling takes hold of the mighty men of Moab. All the inhabitants of Canaan have melted away.
Exodus 15:16,"guoya na kĩmako nĩikamakinyĩrĩra. Na ũndũ wa hinya wa guoko gwaku-rĩ, makahaana ta ihiga matekwĩnyagunyia, nginya andũ aku, Wee Jehova, maringe, nginya andũ arĩa wegũrĩire maringe.","Terror and dread falls on them. By the greatness of your arm they are as still as a stone, until your people pass over, Yahweh, until the people you have purchased pass over."
Exodus 15:17,"Ũkaamarehe thĩinĩ na ũmahaande kĩrĩma-inĩ kĩa igai rĩaku, o handũ harĩa, Wee Jehova, wombire hatuĩke gĩikaro gĩaku, handũ-harĩa-haamũre, harĩa Wee Jehova, wahaandire na moko maku.","You will bring them in, and plant them in the mountain of your inheritance, the place, Yahweh, which you have made for yourself to dwell in: the sanctuary, Lord, which your hands have established."
Exodus 15:18,Jehova agaathamaka tene na tene.”,Yahweh will reign forever and ever.”
Exodus 15:19,"Hĩndĩ ĩrĩa mbarathi cia Firaũni, na ngaari cia ita, na andũ arĩa maathiiaga mahaicĩte mbarathi maatoonyire iria-inĩ-rĩ, Jehova agĩcookania maaĩ ma iria, makĩmathika. No rĩrĩ, andũ a Isiraeli maatuĩkanirie iria-inĩ mathiĩrĩire thĩ nyũmũ.","For the horses of Pharaoh went in with his chariots and with his horsemen into the sea, and Yahweh brought back the waters of the sea on them; but the children of Israel walked on dry land in the middle of the sea."
Exodus 15:20,"Hĩndĩ ĩyo Miriamu ũrĩa mũnabii mũndũ-wa-nja, mwarĩ wa nyina na Harũni, akĩoya kĩhembe gĩa kũinio, nao atumia othe makĩmuuma thuutha marĩ na ihembe ciao makĩinaga.","Miriam the prophetess, the sister of Aaron, took a tambourine in her hand; and all the women went out after her with tambourines and with dances."
Exodus 15:21,"Miriamu akĩmainĩra atĩrĩ: “Inĩrai Jehova, nĩgũkorwo nĩwe ũtũũgĩrĩtio mũno. Mbarathi amĩikĩtie iria-inĩ, hamwe na mũmĩhaici.”","Miriam answered them, “Sing to Yahweh, for he has triumphed gloriously. He has thrown the horse and his rider into the sea.”"
Exodus 15:22,Ningĩ Musa agĩtongoria Isiraeli kuuma Iria Itune magĩthiĩ Werũ wa Shuri. Magĩthiĩ rũgendo rwa mĩthenya ĩtatũ werũ-inĩ na matekuona maaĩ.,"Moses led Israel onward from the Red Sea, and they went out into the wilderness of Shur; and they went three days in the wilderness, and found no water."
Exodus 15:23,"Rĩrĩa maakinyire Mara, matingĩahotire kũnyua maaĩ makuo tondũ maarĩ marũrũ. (Nĩkĩo handũ hau hetagwo Mara.)","When they came to Marah, they couldn’t drink from the waters of Marah, for they were bitter. Therefore its name was called Marah.†"
Exodus 15:24,"Nĩ ũndũ ũcio andũ magĩtetia Musa, makiuga atĩrĩ, “Tũkũnyua kĩ?”","The people murmured against Moses, saying, “What shall we drink?”"
Exodus 15:25,"Nake Musa agĩkaĩra Jehova, nake Jehova akĩmuonia kamũtĩ. Agĩgaikia maaĩ-inĩ, namo makĩgĩa mũcamo mwega. O hau Jehova agĩathana, akĩmathondekera watho na uuge wa kũrũmagĩrĩrwo, na akĩmagereria ho.","Then he cried to Yahweh. Yahweh showed him a tree, and he threw it into the waters, and the waters were made sweet. There he made a statute and an ordinance for them, and there he tested them."
Exodus 15:26,"Akiuga atĩrĩ, “Mũngĩthikĩrĩria mũgambo wa Jehova Ngai wanyu wega, na mwĩke maũndũ marĩa magĩrĩire maitho-inĩ make, mũngĩrũmbũiya maathani make na mũmenyerere wathani wake wothe- rĩ, ndikamũrehera mũrimũ o na ũmwe wa ĩrĩa ndareheire andũ a Misiri, nĩgũkorwo niĩ nĩ niĩ Jehova, ũrĩa ũmũhonagia.”","He said, “If you will diligently listen to Yahweh your God’s voice, and will do that which is right in his eyes, and will pay attention to his commandments, and keep all his statutes, I will put none of the diseases on you which I have put on the Egyptians; for I am Yahweh who heals you.”"
Exodus 15:27,"Ningĩ magĩkinya Elimu, harĩa haarĩ ithima ikũmi na igĩrĩ, na mĩtende mĩrongo mũgwanja, nao makĩamba hema hau hakuhĩ na maaĩ.","They came to Elim, where there were twelve springs of water and seventy palm trees. They encamped there by the waters."
Exodus 16:1,"Mũingĩ wothe wa Isiraeli nĩwoimagararire ũkiuma Elimu ũgĩkinya Werũ wa Sini, ũrĩa ũrĩ gatagatĩ ka Elimu na kĩrĩma gĩa Sinai, mũthenya wa ikũmi na ĩtano wa mweri wa keerĩ thuutha wao kuuma bũrũri wa Misiri.","They took their journey from Elim, and all the congregation of the children of Israel came to the wilderness of Sin, which is between Elim and Sinai, on the fifteenth day of the second month after their departing out of the land of Egypt."
Exodus 16:2,"Kũu werũ-inĩ, mũingĩ ũcio wothe nĩwatetirie Musa na Harũni.",The whole congregation of the children of Israel murmured against Moses and against Aaron in the wilderness;
Exodus 16:3,"Andũ a Isiraeli makĩmeera atĩrĩ, “Naarĩ korwo Jehova aatũũragĩire bũrũri wa Misiri na guoko gwake! Kũu twaikaraga tũthiũrũrũkĩirie nyũngũ cia nyama, na tũkarĩĩaga o kĩrĩa gĩothe twendaga, no inyuĩ mũtũrehete gũkũ werũ-inĩ nĩguo mũũrage kĩũngano gĩkĩ gĩothe na ngʼaragu.”","and the children of Israel said to them, “We wish that we had died by Yahweh’s hand in the land of Egypt, when we sat by the meat pots, when we ate our fill of bread, for you have brought us out into this wilderness to kill this whole assembly with hunger.”"
Exodus 16:4,"Hĩndĩ ĩyo Jehova akĩĩra Musa atĩrĩ, “Ngũmuurĩria mĩgate kuuma igũrũ ta mbura. Andũ mariumaga nja o mũthenya makongania mĩgate ya kũmaigana o mũthenya ũcio. Ngũmageria na njĩra ĩyo nyone kana nĩmekũrũmĩrĩra ũrutani wakwa.","Then Yahweh said to Moses, “Behold, I will rain bread from the sky for you, and the people shall go out and gather a day’s portion every day, that I may test them, whether they will walk in my law or not."
Exodus 16:5,"Mũthenya wa gatandatũ-rĩ, marĩharagĩria kĩrĩa mainũkia, nakĩo gĩkoragwo kĩrĩ maita meerĩ ma kĩrĩa monganagia mĩthenya ĩrĩa ĩngĩ.”","It shall come to pass on the sixth day, that they shall prepare that which they bring in, and it shall be twice as much as they gather daily.”"
Exodus 16:6,"Nĩ ũndũ ũcio Musa na Harũni makĩĩra andũ othe a Isiraeli atĩrĩ, “Hwaĩ-inĩ-rĩ, nĩmũrĩmenya atĩ nĩ Jehova wamũrutire bũrũri wa Misiri,","Moses and Aaron said to all the children of Israel, “At evening, you shall know that Yahweh has brought you out from the land of Egypt."
Exodus 16:7,"na rũciinĩ nĩmũkona riiri wa Jehova, tondũ nĩaiguĩte ũrĩa mũmũtetetie. Ithuĩ tũkĩrĩ a, atĩ nĩguo mũtũtetie?”","In the morning, you shall see Yahweh’s glory; because he hears your murmurings against Yahweh. Who are we, that you murmur against us?”"
Exodus 16:8,"O na ningĩ Musa akĩmeera atĩrĩ, “Nĩmũkamenya atĩ ũcio nĩ Jehova, rĩrĩa akaamũhe nyama mũrĩe hwaĩ-inĩ na amũhe mĩgate ĩrĩa yothe mũkwenda rũciinĩ, tondũ nĩaiguĩte ũrĩa mũmũtetetie. Ithuĩ tũkĩrĩ a? Ti ithuĩ mũratetia, no nĩ Jehova mũratetia.”","Moses said, “Now Yahweh will give you meat to eat in the evening, and in the morning bread to satisfy you, because Yahweh hears your murmurings which you murmur against him. And who are we? Your murmurings are not against us, but against Yahweh.”"
Exodus 16:9,"Ningĩ Musa akĩĩra Harũni atĩrĩ, “Ĩra mũingĩ wothe wa Isiraeli atĩrĩ, ‘Ũkai mbere ya Jehova, nĩgũkorwo nĩaiguĩte gũteta kwanyu.’ ”","Moses said to Aaron, “Tell all the congregation of the children of Israel, ‘Come close to Yahweh, for he has heard your murmurings.’ ”"
Exodus 16:10,"Hĩndĩ ĩrĩa Harũni aaragĩria mũingĩ wothe wa Isiraeli-rĩ, makĩrora na mwena wa werũ-inĩ, na kũu makĩona riiri wa Jehova ũrĩ itu-inĩ.","As Aaron spoke to the whole congregation of the children of Israel, they looked toward the wilderness, and behold, Yahweh’s glory appeared in the cloud."
Exodus 16:11,"Jehova akĩĩra Musa atĩrĩ,","Yahweh spoke to Moses, saying,"
Exodus 16:12,"“Nĩnjiguĩte gũteta kwa andũ a Isiraeli. Meere atĩrĩ, ‘Hwaĩ-inĩ mũrĩrĩĩaga nyama na rũciinĩ mũkarĩa mĩgate mũkahũũna. Hĩndĩ ĩyo nĩmũkamenya atĩ niĩ, nĩ niĩ Jehova Ngai wanyu.’ ”","“I have heard the murmurings of the children of Israel. Speak to them, saying, ‘At evening you shall eat meat, and in the morning you shall be filled with bread. Then you will know that I am Yahweh your God.’ ”"
Exodus 16:13,Hwaĩ-inĩ ũcio gũgĩũka tũnyoni tũrĩa twĩtagwo tũmakia-arũme tũkĩiyũra kambĩ ciao. Naguo rũciinĩ kwarĩ ime rĩathiũrũrũkĩirie kambĩ ciao.,"In the evening, quail came up and covered the camp; and in the morning the dew lay around the camp."
Exodus 16:14,"Ime rĩaitĩka-rĩ, gũkĩoneka tũthendũ twa gĩthiũrũrĩ tũhaana maaĩ magandie nĩ mbaa, tũgwĩte thĩ kũu werũ-inĩ.","When the dew that lay had gone, behold, on the surface of the wilderness was a small round thing, small as the frost on the ground."
Exodus 16:15,"Rĩrĩa andũ a Isiraeli maatuonire, makĩũrania atĩrĩ, “Gĩkĩ nĩ kĩĩ?” nĩgũkorwo matiamenyaga nĩ kĩĩ. Musa akĩmeera atĩrĩ, “Nĩ mĩgate ĩrĩa Jehova amũheete mũrĩe.","When the children of Israel saw it, they said to one another, “What is it?” For they didn’t know what it was. Moses said to them, “It is the bread which Yahweh has given you to eat."
Exodus 16:16,Jehova aathanĩte ũũ: ‘O mũndũ nĩonganie o ĩrĩa ĩkũmũigana. Oyagai o kĩbaba kĩmwe kĩa omeri* kĩa o mũndũ wothe ũrĩ hema-inĩ cianyu.’ ”,"This is the thing which Yahweh has commanded: ‘Gather of it everyone according to his eating; an omer† a head, according to the number of your persons, you shall take it, every man for those who are in his tent.’ ”"
Exodus 16:17,"Andũ a Isiraeli magĩĩka o ta ũrĩa meerirwo; amwe makĩũngania mĩingĩ, na amwe makĩũngania mĩnini.","The children of Israel did so, and some gathered more, some less."
Exodus 16:18,"Na rĩrĩa yathimirwo na kĩbaba kĩa omeri, gũkĩoneka atĩ ũrĩa wonganĩtie mĩingĩ-rĩ, ndaarĩ na mĩingĩ makĩria; nake ũrĩa wonganirie mĩnini, ndaarĩ na mĩnini makĩria. O mũndũ oonganĩtie mũigana wa ũrĩa aabataire.","When they measured it with an omer, he who gathered much had nothing over, and he who gathered little had no lack. They each gathered according to his eating."
Exodus 16:19,"Ningĩ Musa akĩmeera atĩrĩ, “Gũtikagĩe mũndũ ũkũiga kĩndũ o na kĩnini kĩayo nginya rũciinĩ.”","Moses said to them, “Let no one leave of it until the morning.”"
Exodus 16:20,"No rĩrĩ, amwe matiigana kũrũmbũiya ũrĩa Musa oigire; makĩĩigĩra ĩmwe yayo nginya rũciinĩ, nayo ĩgĩkorwo ĩiyũrĩte igunyũ na ĩkambĩrĩria kũnunga. Nĩ ũndũ ũcio Musa akĩrakario nĩo.","Notwithstanding they didn’t listen to Moses, but some of them left of it until the morning, so it bred worms and became foul; and Moses was angry with them."
Exodus 16:21,"O rũciinĩ mũndũ o mũndũ nĩoyaga ĩrĩa abatairio nĩyo, narĩo riũa rĩahiũha ĩgatweka.","They gathered it morning by morning, everyone according to his eating. When the sun grew hot, it melted."
Exodus 16:22,"Mũthenya wa gatandatũ-rĩ, nĩmoonganagia maita meerĩ; ibaba igĩrĩ cia omeri† harĩ o mũndũ. Nao atongoria a mũingĩ magĩũka makĩĩra Musa ũhoro ũcio.","On the sixth day, they gathered twice as much bread, two omers for each one; and all the rulers of the congregation came and told Moses."
Exodus 16:23,"Nake Musa akĩmeera atĩrĩ, “Ũũ nĩguo Jehova aathanĩte, ‘Rũciũ nĩ mũthenya wa kũhurũka, Thabatũ Theru ya Jehova. Nĩ ũndũ ũcio rugai ĩrĩa yothe mũkwenda kũruga, na mũcamũkie kĩrĩa gĩothe mũkwenda gũcamũkia. Kĩrĩa gĩgũtigara-rĩ, mũkĩige nginya rũciinĩ.’ ”","He said to them, “This is that which Yahweh has spoken, ‘Tomorrow is a solemn rest, a holy Sabbath to Yahweh. Bake that which you want to bake, and boil that which you want to boil; and all that remains over lay up for yourselves to be kept until the morning.’ ”"
Exodus 16:24,"Nĩ ũndũ ũcio makĩiga imwe nginya rũciinĩ, o ta ũrĩa maathĩtwo nĩ Musa, nacio itiigana kũnunga, kana kũgĩa na igunyũ.","They laid it up until the morning, as Moses ordered, and it didn’t become foul, and there were no worms in it."
Exodus 16:25,"Musa akĩmeera atĩrĩ, “Cirĩei ũmũthĩ, tondũ ũmũthĩ nĩ mũthenya wa Thabatũ ya Jehova. Ũmũthĩ mũtigũciona igwĩte thĩ.","Moses said, “Eat that today, for today is a Sabbath to Yahweh. Today you shall not find it in the field."
Exodus 16:26,"Mĩthenya ĩtandatũ nĩguo mũrĩciũnganagia, no mũthenya wa mũgwanja-rĩ, ũcio wa Thabatũ, gũtirĩkoragwo kũrĩ kĩndũ o na kĩ.”","Six days you shall gather it, but on the seventh day is the Sabbath. In it there shall be none.”"
Exodus 16:27,"No rĩrĩ, andũ amwe makiumagara mũthenya ũcio wa mũgwanja, magĩthiĩ gũciũngania, nao matiigana kuona kĩndũ.","On the seventh day, some of the people went out to gather, and they found none."
Exodus 16:28,"Ningĩ Jehova akĩĩra Musa atĩrĩ, “Nĩ nginya hĩndĩ ĩrĩkũ mũgũtũũra mũregete kũmenyerera maathani makwa na kũigua ũrutani wakwa?","Yahweh said to Moses, “How long do you refuse to keep my commandments and my laws?"
Exodus 16:29,Menyai atĩ Jehova nĩamũheete Thabatũ; na nĩkĩo amũheaga mĩgate ya mĩthenya ĩĩrĩ mũthenya ũcio wa gatandatũ. Mũndũ o wothe nĩaikarage harĩa arĩ mũthenya ũcio wa mũgwanja; gũtikanagĩe mũndũ ũkumagara.”,"Behold, because Yahweh has given you the Sabbath, therefore he gives you on the sixth day the bread of two days. Everyone stay in his place. Let no one go out of his place on the seventh day.”"
Exodus 16:30,Nĩ ũndũ ũcio andũ makĩhurũka mũthenya wa mũgwanja.,So the people rested on the seventh day.
Exodus 16:31,"Andũ a Isiraeli magĩĩta mĩgate ĩyo mana. Maarĩ merũ ta mbegũ cia korianda, na maacamaga ta tũmĩgate tũthondeketwo na ũũkĩ.","The house of Israel called its name “Manna”,‡ and it was like coriander seed, white; and its taste was like wafers with honey."
Exodus 16:32,"Musa akiuga atĩrĩ, “Jehova aathanĩte atĩrĩ; ‘Oyai kĩbaba kĩa omeri ĩmwe ya mana na mũkĩige nĩ ũndũ wa njiarwa iria igooka thuutha, nĩgeetha makoona mĩgate ĩrĩa ndaamũheire mũrĩe mũrĩ werũ-inĩ, rĩrĩa ndamũrutire bũrũri wa Misiri.’ ”","Moses said, “This is the thing which Yahweh has commanded, ‘Let an omer-full of it be kept throughout your generations, that they may see the bread with which I fed you in the wilderness, when I brought you out of the land of Egypt.’ ”"
Exodus 16:33,"Nĩ ũndũ ũcio Musa akĩĩra Harũni atĩrĩ, “Oya ndigithũ na wĩkĩre omeri ĩmwe ya mana thĩinĩ wayo. Ningĩ ũcooke ũmĩige mbere ya Jehova ĩigĩrwo njiarwa iria igooka thuutha.”","Moses said to Aaron, “Take a pot, and put an omer-full of manna in it, and lay it up before Yahweh, to be kept throughout your generations.”"
Exodus 16:34,"O ta ũrĩa Jehova aathire Musa-rĩ, Harũni akĩiga mana mbere ya ithandũkũ rĩa Ũira, nĩguo matũũre ho.","As Yahweh commanded Moses, so Aaron laid it up before the Testimony, to be kept."
Exodus 16:35,Andũ a Isiraeli maarĩire mana mĩaka mĩrongo ĩna nginya magĩkinya bũrũri ũrĩa watũũragwo nĩ andũ; maarĩire mana nginya rĩrĩa maakinyire mũhaka-inĩ wa Kaanani.,"The children of Israel ate the manna forty years, until they came to an inhabited land. They ate the manna until they came to the borders of the land of Canaan."
Exodus 16:36,(Omeri ĩmwe ĩigana ta gĩcunjĩ gĩa ikũmi kĩa eba ĩmwe.),Now an omer is one tenth of an ephah.
Exodus 17:1,"Mũingĩ wothe wa Isiraeli ũkiumagara kuuma Werũ wa Sini, ũkoimaga handũ hamwe ũgathiĩ harĩa hangĩ o ta ũrĩa Jehova aathanaga. Makĩamba hema ciao Refidimu, no gũtiarĩ maaĩ ma kũnyuuo nĩ andũ acio.","All the congregation of the children of Israel traveled from the wilderness of Sin, starting according to Yahweh’s commandment, and encamped in Rephidim; but there was no water for the people to drink."
Exodus 17:2,"Nĩ ũndũ ũcio andũ acio makĩnegenia Musa, makĩmwĩra atĩrĩ, “Tũhe maaĩ ma kũnyua.” Nake Musa akĩmacookeria atĩrĩ, “Mũranegenia nĩkĩ? Nĩ kĩĩ gĩgũtũma mũgerie Jehova?”","Therefore the people quarreled with Moses, and said, “Give us water to drink.” Moses said to them, “Why do you quarrel with me? Why do you test Yahweh?”"
Exodus 17:3,"No andũ nĩmanyootire marĩ kũu, nao magĩtetia Musa makĩmũũria atĩrĩ, “Watũrutire bũrũri wa Misiri nĩkĩ, tũũke ũtũũrage na nyoota ithuĩ na ciana ciitũ na ũhiũ witũ?”","The people were thirsty for water there; so the people murmured against Moses, and said, “Why have you brought us up out of Egypt, to kill us, our children, and our livestock with thirst?”"
Exodus 17:4,"Nake Musa agĩkaĩra Jehova akĩmũũria atĩrĩ, “Ngwĩka atĩa na andũ aya? Marĩ hakuhĩ kũhũũra na mahiga nyuguto.”","Moses cried to Yahweh, saying, “What shall I do with these people? They are almost ready to stone me.”"
Exodus 17:5,"Jehova agĩcookeria Musa, akĩmwĩra atĩrĩ, “Thiĩ mbere ya andũ aya. Thiĩi na athuuri amwe a Isiraeli na ũkuue rũthanju rũrĩa wagũthire Nili naruo.","Yahweh said to Moses, “Walk on before the people, and take the elders of Israel with you, and take the rod in your hand with which you struck the Nile, and go."
Exodus 17:6,"Niĩ ngũrũgama hau mbere yaku, o hau hakuhĩ na rwaro rwa ihiga kũu Horebu. Gũtha ihiga, na maaĩ nĩmekuuma thĩinĩ warĩo nĩguo andũ manyue.” Nĩ ũndũ ũcio Musa agĩĩka ũguo athuuri a Isiraeli makĩonaga.","Behold, I will stand before you there on the rock in Horeb. You shall strike the rock, and water will come out of it, that the people may drink.” Moses did so in the sight of the elders of Israel."
Exodus 17:7,"Nake agĩĩta handũ hau Masa na Meriba, tondũ nĩho andũ a Isiraeli maanegenirie na makĩgeria Jehova, makĩũragia atĩrĩ, “Ĩĩ Jehova arĩ hamwe na ithuĩ kana aca?”","He called the name of the place Massah,† and Meribah,‡ because the children of Israel quarreled, and because they tested Yahweh, saying, “Is Yahweh among us, or not?”"
Exodus 17:8,Andũ a Amaleki nĩmookire makĩhithũkĩra andũ a Isiraeli kũu Refidimu.,Then Amalek came and fought with Israel in Rephidim.
Exodus 17:9,"Musa akĩĩra Joshua atĩrĩ, “Thuura andũ amwe aitũ mumagare mũkahũũrane na andũ a Amaleki. Rũciũ ngaarũgama kĩrĩma igũrũ nyiitĩte rũthanju rwa Ngai na guoko.”","Moses said to Joshua, “Choose men for us, and go out to fight with Amalek. Tomorrow I will stand on the top of the hill with God’s rod in my hand.”"
Exodus 17:10,"Nĩ ũndũ ũcio Joshua akĩhũũrana na andũ a Amaleki o ta ũrĩa Musa aathanĩte; nake Musa, na Harũni na Huri makĩhaica kĩrĩma-inĩ.","So Joshua did as Moses had told him, and fought with Amalek; and Moses, Aaron, and Hur went up to the top of the hill."
Exodus 17:11,"Rĩrĩa rĩothe Musa akoragwo oete moko make na igũrũ-rĩ, andũ a Isiraeli makahootana, no rĩrĩa agũithia moko make, andũ a Amaleki makahootana.","When Moses held up his hand, Israel prevailed. When he let down his hand, Amalek prevailed."
Exodus 17:12,"Rĩrĩa Musa aanogire moko-rĩ, makĩoya ihiga makĩiga thĩ akĩrĩikarĩra. Harũni na Huri magĩkĩnyiitĩrĩra moko make, o ũmwe akanyiitĩrĩra guoko kũmwe, na ũcio ũngĩ kũu kũngĩ. Nĩ ũndũ ũcio moko ma Musa magĩikara mambarairio nginya riũa rĩgĩthũa.","But Moses’ hands were heavy; so they took a stone, and put it under him, and he sat on it. Aaron and Hur held up his hands, the one on the one side, and the other on the other side. His hands were steady until sunset."
Exodus 17:13,Nĩ ũndũ ũcio Joshua akĩhoota mbũtũ cia andũ a Amaleki na rũhiũ rwa njora.,Joshua defeated Amalek and his people with the edge of the sword.
Exodus 17:14,"Ningĩ Jehova akĩĩra Musa atĩrĩ, “Andĩka ũndũ ũyũ ibuku-inĩ rĩa gĩkũnjo ũrĩ ũndũ wa gũtũũra ũririkanagwo na ũreke Joshua aũigue, tondũ nĩngeheria rĩĩtwa rĩa Amaleki biũ nao matigacooka kũririkanwo gũkũ thĩ.”","Yahweh said to Moses, “Write this for a memorial in a book, and rehearse it in the ears of Joshua: that I will utterly blot out the memory of Amalek from under the sky.”"
Exodus 17:15,Musa agĩaka kĩgongona na agĩgĩĩta atĩrĩ “Jehova Nĩwe Bendera yakwa.”,"Moses built an altar, and called its name “Yahweh our Banner”.§"
Exodus 17:16,"Akiuga atĩrĩ, “Nĩgũkorwo moko nĩmambararirio na igũrũ kwerekera gĩtĩ-inĩ kĩa ũnene kĩa Jehova. Jehova arĩhũũranaga na andũ a Amaleki kuuma njiarwa na njiarwa.”","He said, “Yah has sworn: ‘Yahweh will have war with Amalek from generation to generation.’ ”"
Exodus 18:1,"Na rĩrĩ, Jethero, ũrĩa warĩ mũthĩnjĩri ngai wa Midiani na mũthoni-we wa Musa, akĩigua maũndũ mothe marĩa Ngai eekĩire Musa na andũ ake a Isiraeli, na ũrĩa Jehova aarutire andũ a Isiraeli kuuma bũrũri wa Misiri.","Now Jethro, the priest of Midian, Moses’ father-in-law, heard of all that God had done for Moses and for Israel his people, how Yahweh had brought Israel out of Egypt."
Exodus 18:2,"Thuutha wa Musa gũcookia mũtumia wake Zipora, mũthoni-we Jethero nĩamwamũkĩrire,","Jethro, Moses’ father-in-law, received Zipporah, Moses’ wife, after he had sent her away,"
Exodus 18:3,"hamwe na ariũ ake eerĩ. Mũriũ ũmwe eetagwo Gerishomu, nĩgũkorwo Musa oigire atĩrĩ, “Nĩnduĩkĩte mũgeni bũrũri-inĩ wene”;","and her two sons. The name of one son was Gershom,† for Moses said, “I have lived as a foreigner in a foreign land”."
Exodus 18:4,"mũriũ ũcio ũngĩ eetagwo Eliezeri, nĩgũkorwo oigire atĩrĩ, “Ngai wa baba nĩwe warĩ mũteithia wakwa; nĩahonokirie kuuma rũhiũ-inĩ rwa Firaũni.”","The name of the other was Eliezer,‡ for he said, “My father’s God was my help and delivered me from Pharaoh’s sword.”"
Exodus 18:5,"Jethero, mũthoni-we wa Musa, hamwe na mũtumia wa Musa na ariũ ake, magĩũka kũrĩ we kũu werũ-inĩ, kũrĩa aambĩte hema hakuhĩ na kĩrĩma kĩa Ngai.","Jethro, Moses’ father-in-law, came with Moses’ sons and his wife to Moses into the wilderness where he was encamped, at the Mountain of God."
Exodus 18:6,"Jethero nĩamũtũmanĩire akoiga atĩrĩ, “Niĩ, mũthoni-guo Jethero, nĩndĩrooka kũrĩ we tũrĩ na mũtumia waku na ariũ aku eerĩ.”","He said to Moses, “I, your father-in-law Jethro, have come to you with your wife, and her two sons with her.”"
Exodus 18:7,"Nĩ ũndũ ũcio Musa agĩkiumagara agatũnge mũthoni-we, akĩinamĩrĩra, akĩmũmumunya. Makĩgei- thania, na magĩcooka magĩtoonya hema thĩinĩ.","Moses went out to meet his father-in-law, and bowed and kissed him. They asked each other of their welfare, and they came into the tent."
Exodus 18:8,"Musa akĩhe mũthoni-we ũhoro wothe wa ũrĩa Jehova eekire Firaũni na andũ a Misiri nĩ ũndũ wa andũ a Isiraeli na, akĩmwĩra mathĩĩna mothe marĩa moonete rũgendo-inĩ, na ũrĩa Jehova aamahonoketie.","Moses told his father-in-law all that Yahweh had done to Pharaoh and to the Egyptians for Israel’s sake, all the hardships that had come on them on the way, and how Yahweh delivered them."
Exodus 18:9,"Jethero nĩakenirio nĩ kũigua maũndũ macio mothe mega marĩa Jehova eekĩire Isiraeli, nĩ ũndũ wa kũhonokia andũ a Isiraeli kuuma guoko-inĩ kwa andũ a Misiri.","Jethro rejoiced for all the goodness which Yahweh had done to Israel, in that he had delivered them out of the hand of the Egyptians."
Exodus 18:10,"Jethero akiuga atĩrĩ, “Jehova arogoocwo, ũrĩa wamũteithũrire kuuma guoko-inĩ kwa andũ a Misiri na gwa Firaũni, na agĩteithũra andũ kuuma guoko-inĩ kwa andũ a Misiri.","Jethro said, “Blessed be Yahweh, who has delivered you out of the hand of the Egyptians, and out of the hand of Pharaoh; who has delivered the people from under the hand of the Egyptians."
Exodus 18:11,"Rĩu niĩ nĩmenyete atĩ Jehova nĩ mũnene gũkĩra ngai iria ingĩ ciothe, nĩgũkorwo ũguo nĩguo eekire arĩa maahatĩrĩirie Isiraeli metĩĩte.”",Now I know that Yahweh is greater than all gods because of the way that they treated people arrogantly.”
Exodus 18:12,"Hĩndĩ ĩyo Jethero, mũthoni-we wa Musa, akĩrehe maruta ma njino na magongona mangĩ ma kũrutĩra Ngai, nake Harũni agĩũka marĩ na athuuri othe a Isiraeli nĩguo marĩĩanĩre irio na mũthoni-we wa Musa, marĩ mbere ya Ngai.","Jethro, Moses’ father-in-law, took a burnt offering and sacrifices for God. Aaron came with all the elders of Israel, to eat bread with Moses’ father-in-law before God."
Exodus 18:13,"Mũthenya ũyũ ũngĩ Musa agĩikarĩra gĩtĩ nĩguo atuithanie andũ ciira, nao andũ makĩrũgama mamũthiũrũrũkĩirie kuuma rũciinĩ nginya o hwaĩ-inĩ.","On the next day, Moses sat to judge the people, and the people stood around Moses from the morning to the evening."
Exodus 18:14,"Rĩrĩa mũthoni-we onire wĩra ũrĩa wothe Musa aarutagĩra andũ, akĩmũũria atĩrĩ, “Nĩ wĩra ũrĩkũ ũyũ ũrarutĩra andũ aya? Nĩ kĩĩ gĩgũtũma ũrute wĩra wa gũtuithania ciira ũrĩ o wiki, nao andũ aya othe matindage marũngiĩ magũthiũrũrũkĩirie kuuma rũciinĩ nginya o hwaĩ-inĩ?”","When Moses’ father-in-law saw all that he did to the people, he said, “What is this thing that you do for the people? Why do you sit alone, and all the people stand around you from morning to evening?”"
Exodus 18:15,"Musa akĩmũcookeria, akĩmwĩra atĩrĩ, “Tondũ andũ aya marokaga kũrĩ niĩ nĩguo mamenye wendi wa Ngai.","Moses said to his father-in-law, “Because the people come to me to inquire of God."
Exodus 18:16,"Rĩrĩa rĩothe marĩ na ũndũ matekũiguanĩra, ũrehagwo kũrĩ niĩ, na niĩ ngamatuithania na ngamamenyithia uuge wa Ngai na mawatho make.”","When they have a matter, they come to me, and I judge between a man and his neighbor, and I make them know the statutes of God, and his laws.”"
Exodus 18:17,"Mũthoni-we wa Musa akĩmũcookeria, akĩmwĩra atĩrĩ, “Ũrĩa ũreka ti wega.","Moses’ father-in-law said to him, “The thing that you do is not good."
Exodus 18:18,"Wee, na andũ aya marooka kũrĩ we nĩmũkwĩnogia na mĩnoga. Wĩra ũyũ nĩ mũritũ mũno makĩria harĩwe; ndũngĩũhota ũrĩ wiki.","You will surely wear away, both you, and this people that is with you; for the thing is too heavy for you. You are not able to perform it yourself alone."
Exodus 18:19,"Rĩu-rĩ, ta thikĩrĩria ngũtaare, na Ngai aroikara nawe. Wee tuĩka mũtũmwo wa Ngai kũrĩ andũ aya, na ũkamũtwaragĩra maũndũ marĩa matekũiguanĩra.","Listen now to my voice. I will give you counsel, and God be with you. You represent the people before God, and bring the causes to God."
Exodus 18:20,"Marute uuge wa Ngai na mawatho make, na ũmoonie njĩra njega ya mũtũũrĩre na mawĩra marĩa magĩrĩire kũruta.","You shall teach them the statutes and the laws, and shall show them the way in which they must walk, and the work that they must do."
Exodus 18:21,"No rĩrĩ, thuura andũ marĩ na ũhoti kuuma andũ-inĩ aya, andũ etigĩri Ngai, na andũ ehokeku arĩa mathũire kwamũkĩra ihaki, na ũmatue anene a kũrũgamagĩrĩra ikundi cia ngiri, na ikundi cia magana, na ikundi cia mĩrongo ĩtano, na ikundi cia makũmi.","Moreover you shall provide out of all the people able men which fear God: men of truth, hating unjust gain; and place such over them, to be rulers of thousands, rulers of hundreds, rulers of fifties, and rulers of tens."
Exodus 18:22,"Reke matuĩke a gũtuithania andũ aya ciira mahinda mothe, no makũrehagĩre maciira marĩa maritũ; marĩa mahũthũ makamatuithanagia arĩ o. Ũndũ ũcio nĩũgũkũhũthĩria mũrigo, tondũ nĩmarĩgayanaga nawe.","Let them judge the people at all times. It shall be that every great matter they shall bring to you, but every small matter they shall judge themselves. So shall it be easier for you, and they shall share the load with you."
Exodus 18:23,"Ũngĩka ũguo na Ngai agwathe, nĩũrĩhotaga gwĩtiiria mĩnoga, na andũ aya othe marĩinũkaga maiganĩire.”","If you will do this thing, and God commands you so, then you will be able to endure, and all these people also will go to their place in peace.”"
Exodus 18:24,Musa nĩathikĩrĩirie mũthoni-we na agĩĩka ũrĩa wothe aamũtaarire.,"So Moses listened to the voice of his father-in-law, and did all that he had said."
Exodus 18:25,"Agĩthuura andũ marĩ na ũhoti kuuma Isiraeli guothe, akĩmatua atongoria a andũ acio; akĩmatua anene a ikundi cia ngiri, na ikundi cia magana, na ikundi cia mĩrongo ĩtano, na ikundi cia makũmi.","Moses chose able men out of all Israel, and made them heads over the people, rulers of thousands, rulers of hundreds, rulers of fifties, and rulers of tens."
Exodus 18:26,"Magĩtuĩka a gũtuithanagia andũ ciira hĩndĩ ciothe. Maciira marĩa maritũ magatwarĩra Musa, no marĩa mahũthũ magatuithanagia arĩ o.","They judged the people at all times. They brought the hard cases to Moses, but every small matter they judged themselves."
Exodus 18:27,"Musa agĩcooka akiugĩra mũthoni-we ũhoro, nake Jethero agĩcooka bũrũri wake mwene.","Moses let his father-in-law depart, and he went his way into his own land."
Exodus 19:1,"Mweri wa gatatũ thuutha wa andũ a Isiraeli kuuma bũrũri wa Misiri, mũthenya o ũcio-rĩ, magĩkinya Werũ wa Sinai.","In the third month after the children of Israel had gone out of the land of Egypt, on that same day they came into the wilderness of Sinai."
Exodus 19:2,"Thuutha wa kuuma Refidimu, magĩtoonya werũ wa Sinai, nao andũ a Isiraeli makĩamba hema ciao kũu werũ-inĩ, magũrũ-inĩ ma kĩrĩma kĩu kĩa Sinai.","When they had departed from Rephidim, and had come to the wilderness of Sinai, they encamped in the wilderness; and there Israel encamped before the mountain."
Exodus 19:3,"Ningĩ Musa akĩambata kĩrĩma-inĩ harĩ Ngai, nake Jehova akĩmwĩta arĩ kĩrĩma-inĩ, akĩmwĩra atĩrĩ, “Ũũ nĩguo ũkwĩra nyũmba ya Jakubu, na wĩre andũ a Isiraeli:","Moses went up to God, and Yahweh called to him out of the mountain, saying, “This is what you shall tell the house of Jacob, and tell the children of Israel:"
Exodus 19:4,"‘Inyuĩ ene nĩmweyoneire ũrĩa Ndeekire bũrũri wa Misiri, o na ũrĩa ndahaanire ta ndamũkuuire na mathagu ma nderi, ngĩmũrehe harĩ niĩ.","‘You have seen what I did to the Egyptians, and how I bore you on eagles’ wings, and brought you to myself."
Exodus 19:5,"Na rĩrĩ, mũngĩnjathĩkĩra biũ na mũmenyerere kĩrĩkanĩro gĩakwa-rĩ, gatagatĩ-inĩ ka ndũrĩrĩ ciothe, inyuĩ mũgaatuĩka andũ akwa a goro. O na gũtuĩka thĩ yothe nĩ yakwa-rĩ,","Now therefore, if you will indeed obey my voice and keep my covenant, then you shall be my own possession from among all peoples; for all the earth is mine;"
Exodus 19:6,inyuĩ mũgaatuĩka ũthamaki wakwa wa athĩnjĩri-Ngai na rũrĩrĩ rwamũre.’ Ciugo icio nĩcio ũkwĩra andũ a Isiraeli.”,and you shall be to me a kingdom of priests and a holy nation.’ These are the words which you shall speak to the children of Israel.”
Exodus 19:7,"Nĩ ũndũ ũcio Musa agĩcooka, na agĩĩta athuuri arĩa matongoragia andũ, akĩmahe ũhoro wothe ũrĩa Jehova aamwathĩte ameere.","Moses came and called for the elders of the people, and set before them all these words which Yahweh commanded him."
Exodus 19:8,"Nao andũ acio magĩĩtĩkanĩria hamwe makiuga atĩrĩ, “Nĩtũgwĩka ũrĩa wothe Jehova oigĩte.” Nĩ ũndũ ũcio Musa agĩcookeria Jehova ũhoro ũrĩa moigire.","All the people answered together, and said, “All that Yahweh has spoken we will do.” Moses reported the words of the people to Yahweh."
Exodus 19:9,"Jehova akĩĩra Musa atĩrĩ, “Nĩngũũka kũrĩ inyuĩ ndĩ thĩinĩ wa itu itumanu, nĩgeetha andũ maanjigue ngĩaria nawe, nao nĩ megũtũũra makwĩhokete.” Musa agĩcooka akĩĩra Jehova ũrĩa andũ moigĩte.","Yahweh said to Moses, “Behold, I come to you in a thick cloud, that the people may hear when I speak with you, and may also believe you forever.” Moses told the words of the people to Yahweh."
Exodus 19:10,"Nake Jehova akĩĩra Musa atĩrĩ, “Thiĩ kũrĩ andũ ũmatherie ũmũthĩ na rũciũ. Meere math- ambie nguo ciao,","Yahweh said to Moses, “Go to the people, and sanctify them today and tomorrow, and let them wash their garments,"
Exodus 19:11,"na makorwo mehaarĩirie mũthenya wa gatatũ, tondũ mũthenya ũcio Jehova nĩagaikũrũka igũrũ rĩa Kĩrĩma gĩa Sinai andũ othe makĩonaga.",and be ready for the third day; for on the third day Yahweh will come down in the sight of all the people on Mount Sinai.
Exodus 19:12,"Ĩkĩra mĩhaka ĩthiũrũrũkĩrie kĩrĩma, na ũmeere ũũ, ‘Mwĩmenyererei mũtikahaice kĩrĩma kana mũhutie magũrũ-inĩ ma kĩo. Ũrĩa wothe ũkaahutia kĩrĩma ti-itherũ nĩakooragwo.","You shall set bounds to the people all around, saying, ‘Be careful that you don’t go up onto the mountain, or touch its border. Whoever touches the mountain shall be surely put to death."
Exodus 19:13,"Ti-itherũ nĩakahũũrwo na mahiga nyuguto, kana arathwo na mĩguĩ; hatirĩ guoko gũkaamũhutia. Ndagetĩkĩrio atũũre muoyo, arĩ mũndũ kana nyamũ.’ No rĩrĩa coro wa rũhĩa rwa ndũrũme ũrĩgamba, no rĩo marĩhaica kĩrĩma igũrũ.”","No hand shall touch him, but he shall surely be stoned or shot through; whether it is animal or man, he shall not live.’ When the trumpet sounds long, they shall come up to the mountain.”"
Exodus 19:14,"Thuutha wa Musa gũikũrũka oimĩte kĩrĩma-inĩ agĩthiĩ kũrĩ andũ, akĩmatheria, nao magĩthambia nguo ciao.","Moses went down from the mountain to the people, and sanctified the people; and they washed their clothes."
Exodus 19:15,"Ningĩ akĩmeera atĩrĩ, “Mwĩhaarĩriei nĩ ũndũ wa mũthenya wa gatatũ. Mũtigakome na andũ-a-nja.”","He said to the people, “Be ready by the third day. Don’t have sexual relations with a woman.”"
Exodus 19:16,"Rũciinĩ rwa mũthenya wa gatatũ, gũkĩgĩa ngwa o na heni, na itu itumanu rĩgĩikara igũrũ rĩa kĩrĩma, gũkĩiguuo mũgambo mũnene wa coro. Andũ othe arĩa maarĩ kambĩ, makĩinaina.","On the third day, when it was morning, there were thunders and lightnings, and a thick cloud on the mountain, and the sound of an exceedingly loud trumpet; and all the people who were in the camp trembled."
Exodus 19:17,"Hĩndĩ ĩyo Musa agĩtongoria andũ kuuma kambĩ magacemanie na Ngai, nao makĩrũgama magũrũ-inĩ ma kĩrĩma.",Moses led the people out of the camp to meet God; and they stood at the lower part of the mountain.
Exodus 19:18,"Kĩrĩma gĩa Sinai kĩahumbĩrĩtwo nĩ ndogo, tondũ Jehova aikũrũkire igũrũ wakĩo arĩ mwaki- inĩ. Nayo ndogo ĩgĩtoogororoka kuuma igũrũ rĩa kĩrĩma ta ndogo ĩkuuma riiko-inĩ inene; nakĩo kĩrĩma gĩgĩthingitha na hinya,","All of Mount Sinai smoked, because Yahweh descended on it in fire; and its smoke ascended like the smoke of a furnace, and the whole mountain quaked greatly."
Exodus 19:19,"naguo mũgambo wa coro ũgĩkĩrĩrĩria kũneneha. Nake Musa akĩaria, naguo mũgambo wa Ngai ũkĩmũcookeria.","When the sound of the trumpet grew louder and louder, Moses spoke, and God answered him by a voice."
Exodus 19:20,"Jehova agĩikũrũka igũrũ rĩa Kĩrĩma gĩa Sinai na agĩĩta Musa ahaice kũu kĩrĩma igũrũ. Nĩ ũndũ ũcio Musa akĩhaica,","Yahweh came down on Mount Sinai, to the top of the mountain. Yahweh called Moses to the top of the mountain, and Moses went up."
Exodus 19:21,"nake Jehova akĩmwĩra atĩrĩ, “Ikũrũka na ũkaanie andũ matikehatĩrĩrie kwambata gũũka kuona Jehova, nĩguo aingĩ ao matigakue.","Yahweh said to Moses, “Go down, warn the people, lest they break through to Yahweh to gaze, and many of them perish."
Exodus 19:22,"O na athĩnjĩri-Ngai arĩa me gũthengerera Jehova, no nginya metherie kana Jehova amahithũkĩre, amaniine.”","Let the priests also, who come near to Yahweh, sanctify themselves, lest Yahweh break out on them.”"
Exodus 19:23,"Musa akĩĩra Jehova atĩrĩ, “Andũ matingĩhaica Kĩrĩma gĩa Sinai tondũ we mwene nĩwatũkaanirie, ũgĩtwĩra atĩrĩ, ‘Ĩkĩra mũhaka ũthiũrũrũkĩrie kĩrĩma, na ũkĩamũre gĩtuĩke gĩtheru.’ ”","Moses said to Yahweh, “The people can’t come up to Mount Sinai, for you warned us, saying, ‘Set bounds around the mountain, and sanctify it.’ ”"
Exodus 19:24,"Jehova akĩmũcookeria atĩrĩ, “Ikũrũka, mwambate na Harũni. No athĩnjĩri-Ngai na andũ matikehatĩrĩrie kwambata mathiĩ kũrĩ Jehova kana amahithũkĩre amaniine.”","Yahweh said to him, “Go down! You shall bring Aaron up with you, but don’t let the priests and the people break through to come up to Yahweh, lest he break out against them.”"
Exodus 19:25,"Nĩ ũndũ ũcio Musa agĩikũrũka kũrĩ andũ acio, akĩmahe ũhoro ũcio.","So Moses went down to the people, and told them."
Exodus 20:1,"Nake Ngai akĩaria ciugo ici ciothe, akiuga atĩrĩ:","God† spoke all these words, saying,"
Exodus 20:2,"“Nĩ niĩ Jehova Ngai waku, ũrĩa wakũrutire bũrũri wa Misiri, kuuma bũrũri wa ũkombo.","“I am Yahweh your God, who brought you out of the land of Egypt, out of the house of bondage."
Exodus 20:3,“Ndũkanagĩe na ngai ingĩ tiga niĩ.,“You shall have no other gods before me.
Exodus 20:4,"“Ndũkanethondekere mũhianano mũicũhie wa mũhianĩre wa kĩndũ o gĩothe kĩrĩ kũũrĩa igũrũ kana gũkũ thĩ, kana kĩrĩ maaĩ-inĩ marĩa marĩ mũhuro wa thĩ.","“You shall not make for yourselves an idol, nor any image of anything that is in the heavens above, or that is in the earth beneath, or that is in the water under the earth:"
Exodus 20:5,"Ndũkanacinamĩrĩre kana ũcihooe, nĩgũkorwo niĩ, Jehova Ngai waku, ndĩ Ngai ũrĩ ũiru, herithagia ciana nĩ ũndũ wa mehia ma maithe mao nginya rũciaro rwa gatatũ na rwa kana rwa andũ arĩa maathũire,","you shall not bow yourself down to them, nor serve them, for I, Yahweh your God, am a jealous God, visiting the iniquity of the fathers on the children, on the third and on the fourth generation of those who hate me,"
Exodus 20:6,no ngonania wendo kũrĩ njiarwa ngiri na ngiri cia andũ arĩa manyendete na magaathĩkĩra maathani makwa.,and showing loving kindness to thousands of those who love me and keep my commandments.
Exodus 20:7,"“Ndũkanagwete rĩĩtwa rĩa Jehova Ngai waku na itherũ, nĩgũkorwo Jehova ndagatua atĩ mũndũ ndehĩtie ũrĩa ũgwetaga rĩĩtwa rĩake na itherũ.","“You shall not misuse the name of Yahweh your God,‡ for Yahweh will not hold him guiltless who misuses his name."
Exodus 20:8,“Ririkanaga mũthenya wa Thabatũ ũwamũrage.,"“Remember the Sabbath day, to keep it holy."
Exodus 20:9,"Rutaga wĩra waku wothe mĩthenya ĩtandatũ,","You shall labor six days, and do all your work,"
Exodus 20:10,"no mũthenya wa mũgwanja nĩ Thabatũ ya Jehova Ngai waku. Mũthenya ũcio ndũkanarute wĩra o na ũrĩkũ, wee mwene, kana mũrũ-guo, kana mwarĩ-guo, kana ndungata yaku ya mũndũ mũrũme, kana ya mũndũ-wa-nja, kana ũhiũ waku, kana mũgeni ũrĩ gwaku mũciĩ.","but the seventh day is a Sabbath to Yahweh your God. You shall not do any work in it, you, nor your son, nor your daughter, your male servant, nor your female servant, nor your livestock, nor your stranger who is within your gates;"
Exodus 20:11,"Nĩgũkorwo Jehova ombire igũrũ na thĩ, na iria rĩrĩa inene na indo ciothe iria irĩ kuo, na mĩthenya ĩtandatũ, no akĩhurũka mũthenya wa mũgwanja. Nĩ ũndũ ũcio Jehova akĩrathima mũthenya ũcio wa Thabatũ, akĩwaamũra.","for in six days Yahweh made heaven and earth, the sea, and all that is in them, and rested the seventh day; therefore Yahweh blessed the Sabbath day, and made it holy."
Exodus 20:12,"“Tĩĩa thoguo na nyũkwa, nĩgeetha ũtũũre matukũ maingĩ bũrũri ũrĩa Jehova Ngai waku egũkũhe.","“Honor your father and your mother, that your days may be long in the land which Yahweh your God gives you."
Exodus 20:13,“Ndũkanoragane.,“You shall not murder.
Exodus 20:14,“Ndũkanatharanie.,“You shall not commit adultery.
Exodus 20:15,“Ndũkanaiye.,“You shall not steal.
Exodus 20:16,“Ndũkanaigĩrĩre mũndũ ũrĩa ũngĩ kĩgeenyo.,“You shall not give false testimony against your neighbor.
Exodus 20:17,"“Ndũkanacumĩkĩre nyũmba ya mũndũ ũrĩa ũngĩ. Ndũkanacumĩkĩre mũtumia wa mũndũ ũngĩ, kana ũcumĩkĩre ndungata yake ya mũndũ mũrũme kana ya mũndũ-wa-nja, kana ndegwa yake kana ndigiri yake, o na kana kĩndũ gĩothe gĩake.”","“You shall not covet your neighbor’s house. You shall not covet your neighbor’s wife, nor his male servant, nor his female servant, nor his ox, nor his donkey, nor anything that is your neighbor’s.”"
Exodus 20:18,"Rĩrĩa andũ maiguire marurumĩ, na makĩona rũheni, na makĩigua coro ũkĩgamba, na makĩona kĩrĩma gĩgĩtoga ndogo, makĩinaina nĩ guoya. Magĩikara o haraaya,","All the people perceived the thunderings, the lightnings, the sound of the trumpet, and the mountain smoking. When the people saw it, they trembled, and stayed at a distance."
Exodus 20:19,"na makĩĩra Musa atĩrĩ, “Twarĩrie arĩ we, na nĩtũgũkũigua, no tiga kũreka twarĩrio nĩ Ngai, tũtigakue.”","They said to Moses, “Speak with us yourself, and we will listen; but don’t let God speak with us, lest we die.”"
Exodus 20:20,"Musa akĩĩra andũ acio atĩrĩ, “Tigai gwĩtigĩra. Ngai okĩte kũmũgeria, nĩgeetha mũtũũre mwĩtigĩrĩte Ngai, mwagage kwĩhia.”","Moses said to the people, “Don’t be afraid, for God has come to test you, and that his fear may be before you, that you won’t sin.”"
Exodus 20:21,"Andũ acio magĩgĩikara o haraaya, nowe Musa agĩthengerera harĩa haarĩ nduma ndumanu, harĩa Ngai aarĩ.","The people stayed at a distance, and Moses came near to the thick darkness where God was."
Exodus 20:22,"Ningĩ Jehova akĩĩra Musa atĩrĩ, “Ĩra andũ a Isiraeli ũndũ ũyũ: ‘Nĩmweyonera inyuĩ ene atĩ ndaaria na inyuĩ ndĩ o igũrũ:","Yahweh said to Moses, “This is what you shall tell the children of Israel: ‘You yourselves have seen that I have talked with you from heaven."
Exodus 20:23,Mũtikanathondeke ngai ingĩ cia kũhooyagwo hamwe na niĩ; mũtikanethondekere ngai cia betha kana ngai cia thahabu.,You shall most certainly not make gods of silver or gods of gold for yourselves to be alongside me.
Exodus 20:24,"“ ‘Njakĩrai kĩgongona gĩa tĩĩri, na mũrutĩre ngʼondu na mbũri na ngʼombe cianyu ho irĩ magongona manyu ma njino na ma ũiguano. Kũrĩa guothe ngaatũma rĩĩtwa rĩakwa rĩtĩĩagwo, nĩndĩũkaga kũrĩ inyuĩ na ngamũrathima.","You shall make an altar of earth for me, and shall sacrifice on it your burnt offerings and your peace offerings, your sheep and your cattle. In every place where I record my name I will come to you and I will bless you."
Exodus 20:25,"Mũngĩnjakĩra kĩgongona kĩa mahiga, mũtigagĩake na mahiga marĩa maacũhie, nĩgũkorwo mũngĩgaatũmĩra kĩndũ gĩa gwacũhia nĩmũgagĩthaahia.","If you make me an altar of stone, you shall not build it of cut stones; for if you lift up your tool on it, you have polluted it."
Exodus 20:26,"Mũtikanahaice kĩgongona gĩakwa na ngathĩ, nĩguo njaga yanyu ndĩkanonekanĩre ho.’","You shall not go up by steps to my altar, that your nakedness may not be exposed to it.’"
Exodus 21:1,“Maya nĩmo mawatho marĩa ũkũhe andũ a Isiraeli:,“Now these are the ordinances which you shall set before them:
Exodus 21:2,"“Ũngĩgũra Mũhibirania arĩ ndungata, agaakũrutĩra wĩra mĩaka ĩtandatũ. No mwaka wa mũgwanja, nĩũkamũrekereria athiĩ, na ndagakũrĩha kĩndũ.","“If you buy a Hebrew servant, he shall serve six years, and in the seventh he shall go out free without paying anything."
Exodus 21:3,"Angĩgooka arĩ wiki, akaarekererio athiĩ arĩ o wiki; no angĩgooka arĩ na mũtumia, makaarekererio mathiĩ marĩ hamwe.","If he comes in by himself, he shall go out by himself. If he is married, then his wife shall go out with him."
Exodus 21:4,"Mwathi wa ndungata ĩyo angĩmĩhe mũtumia nake mũtumia ũcio amũciarĩre ciana cia aanake na airĩtu, mũtumia ũcio na ciana ciake magaatuĩka a mwathi ũcio wake, na no ndungata ĩyo ya mũndũ mũrũme ĩkaarekererio ĩthiĩ.","If his master gives him a wife and she bears him sons or daughters, the wife and her children shall be her master’s, and he shall go out by himself."
Exodus 21:5,"“No ndungata ĩyo ĩngĩkaaria, ĩmwĩre atĩrĩ, ‘Nĩnyendete mwathi wakwa, na mũtumia wakwa na ciana na ndikwenda kũrekererio thiĩ,’","But if the servant shall plainly say, ‘I love my master, my wife, and my children. I will not go out free;’"
Exodus 21:6,"hĩndĩ ĩyo mwathi wa ndungata ĩyo nĩakamĩtwara mbere ya atuithania ciira. Akaamĩtwara mũrango-inĩ, kana hingĩro-inĩ ya mũrango, na amĩtũre gũtũ na mũkuha.* Nayo ndungata ĩyo ĩgaatuĩka ya mwathi ũcio matukũ ma muoyo wayo wothe.","then his master shall bring him to God, and shall bring him to the door or to the doorpost, and his master shall bore his ear through with an awl, and he shall serve him forever."
Exodus 21:7,"“Mũndũ angĩendia mwarĩ agatuĩke ndungata, ndĩkarekererio ĩthiĩ ta ũrĩa ndungata cia arũme ciĩkagwo.","“If a man sells his daughter to be a female servant, she shall not go out as the male servants do."
Exodus 21:8,"Ĩngĩaga gũkenia mwathi ũrĩa wamĩthuurĩte, no nginya etĩkĩre ndungata ĩyo ĩkũũrwo. Ndarĩ na kĩhooto gĩa kwendia ndungata ĩyo kũrĩ ageni, tondũ nĩagĩte kwĩhokeka harĩ yo.","If she doesn’t please her master, who has married her to himself, then he shall let her be redeemed. He shall have no right to sell her to a foreign people, since he has dealt deceitfully with her."
Exodus 21:9,"Angĩmĩũrĩria mũriũ, no nginya amĩtue ta ĩrĩ mwarĩ wake mwene.","If he marries her to his son, he shall deal with her as a daughter."
Exodus 21:10,"Mũriũ angĩhikia mũtumia ũngĩ, ndakaime ũrĩa wa mbere irio na nguo, na ndakamũime kĩhooto gĩake ta mũtumia wake.","If he takes another wife to himself, he shall not diminish her food, her clothing, and her marital rights."
Exodus 21:11,"Angĩaga kũmũhingĩria maũndũ maya matatũ-rĩ, akĩrekererio athiĩ, gũtarĩ na mbeeca ikũrĩhwo.","If he doesn’t do these three things for her, she may go free without paying any money."
Exodus 21:12,"“Mũndũ ũrĩa ũngĩgũtha mũndũ amũũrage, ti-itherũ o nake no akooragwo.","“One who strikes a man so that he dies shall surely be put to death,"
Exodus 21:13,"No rĩrĩ, angĩkorwo ekĩte ũguo atekwenda-rĩ, no gũtuĩke nĩ Ngai ũtũmĩte ũndũ ũcio wĩkĩke, nake mũndũ ũcio nĩakoorĩra kũndũ kũrĩa ngaathuura.","but not if it is unintentional, but God allows it to happen; then I will appoint you a place where he shall flee."
Exodus 21:14,"No mũndũ angĩtũmĩra mawara na oorage mũndũ ũrĩa ũngĩ akĩendaga-rĩ, mweheriei kĩgongona-inĩ gĩakwa, na mũmũũrage.","If a man schemes and comes presumptuously on his neighbor to kill him, you shall take him from my altar, that he may die."
Exodus 21:15,“Mũndũ ũrĩa ũngĩtharĩkĩra ithe kana nyina no nginya ooragwo.,“Anyone who attacks his father or his mother shall be surely put to death.
Exodus 21:16,"“Mũndũ ũngĩiya mũndũ ũngĩ na hinya akamwendie, kana o na anyiitwo arĩ nake atanamwendia- rĩ, no nginya ooragwo.","“Anyone who kidnaps someone and sells him, or if he is found in his hand, he shall surely be put to death."
Exodus 21:17,“Mũndũ ũrĩa ũngĩruma ithe kana nyina no nginya ooragwo.,“Anyone who curses his father or his mother shall surely be put to death.
Exodus 21:18,"“Andũ mangĩũgitana na ũmwe aringe ũrĩa ũngĩ na ihiga kana na ngundi na aage gũkua, no akome ũrĩrĩ kwa ihinda-rĩ,","“If men quarrel and one strikes the other with a stone, or with his fist, and he doesn’t die, but is confined to bed;"
Exodus 21:19,"ũcio mũringani ndagacookererwo nĩ mahĩtia angĩkorwo ũrĩa waringĩtwo nĩakehota na etware nja na mũtirima wake. No rĩrĩ, no nginya arĩhe mahinda ma mũndũ ũcio mũtihie marĩa morĩte na one atĩ nĩahona biũ.","if he rises again and walks around with his staff, then he who struck him shall be cleared; only he shall pay for the loss of his time, and shall provide for his healing until he is thoroughly healed."
Exodus 21:20,"“Mũndũ angĩhũũra ngombo yake ya mũndũ mũrũme kana ya mũndũ-wa-nja na rũthanju, nayo ngombo ĩyo ĩkue nĩ ihũũra rĩu-rĩ, no nginya aherithio,","“If a man strikes his servant or his maid with a rod, and he dies under his hand, the man shall surely be punished."
Exodus 21:21,"no ndangĩherithio ngombo ĩyo ĩngĩarahũka thuutha wa mũthenya ũmwe kana ĩĩrĩ, tondũ ngombo ĩyo nĩ kĩndũ gĩake.","Notwithstanding, if his servant gets up after a day or two, he shall not be punished, for the servant is his property."
Exodus 21:22,"“Andũ mangĩkorwo makĩrũa, maringe mũtumia ũrĩ nda, ahune no ndagĩe na thĩĩna ũngĩ-rĩ, ũrĩa ũmũringĩte nĩakarĩha kĩrĩa gĩothe mũthuuri wa mũtumia ũcio ageetia, igooti rĩetĩkĩria.","“If men fight and hurt a pregnant woman so that she gives birth prematurely, and yet no harm follows, he shall be surely fined as much as the woman’s husband demands and the judges allow."
Exodus 21:23,"No mũtumia ũcio angĩtihio ũũru, muoyo nĩũrĩhagio na muoyo, na","But if any harm follows, then you must take life for life,"
Exodus 21:24,"riitho rĩrĩhagio na riitho, na igego rĩrĩhagio na igego, na guoko kũrĩhagio na guoko, na kũgũrũ kũrĩhagio na kũgũrũ, na","eye for eye, tooth for tooth, hand for hand, foot for foot,"
Exodus 21:25,"ihĩa rĩrĩhagio na ihĩa, na itihia rĩrĩhagio na itihia, naruo rũhara rũrĩhagio na rũhara.","burning for burning, wound for wound, and bruise for bruise."
Exodus 21:26,"“Mũndũ angĩgũtha ndungata ya mũndũ mũrũme kana ya mũndũ-wa-nja riitho narĩo rĩthũke-rĩ, no nginya akaarekereria ndungata ĩyo ĩĩthiĩre, ũndũ ũcio ũtuĩke nĩguo irĩhi rĩa riitho.","“If a man strikes his servant’s eye, or his maid’s eye, and destroys it, he shall let him go free for his eye’s sake."
Exodus 21:27,"Na angĩkũũra igego rĩa ndungata ya mũndũ mũrũme kana ya mũndũ-wa-nja, no nginya arekererie ndungata ĩyo ĩĩthiĩre, ũndũ ũcio ũtuĩke nĩguo irĩhi rĩa igego.","If he strikes out his male servant’s tooth, or his female servant’s tooth, he shall let the servant go free for his tooth’s sake."
Exodus 21:28,"“Ndegwa ĩngĩtheeca mũndũ mũrũme kana mũndũ-wa-nja na rũhĩa akue, ndegwa ĩyo no nginya ĩhũũrwo na mahiga nginya ĩkue, na nyama ciayo itikarĩĩo. No mwene ndegwa ndangĩũrio.","“If a bull gores a man or a woman to death, the bull shall surely be stoned, and its meat shall not be eaten; but the owner of the bull shall not be held responsible."
Exodus 21:29,"No rĩrĩ, angĩkorwo ndegwa ĩyo nĩĩmenyerete gũtheeca andũ na rũhĩa, na mwene nĩamenyithĩtio ũhoro ũcio nake akaaga kũmĩhingĩra, nayo ĩcooke yũrage mũndũ mũrũme kana mũndũ-wa-nja-rĩ, ndegwa ĩyo no nginya ĩhũũrwo na mahiga ĩkue, na mwene o nake no nginya ooragwo.","But if the bull had a habit of goring in the past, and this has been testified to its owner, and he has not kept it in, but it has killed a man or a woman, the bull shall be stoned, and its owner shall also be put to death."
Exodus 21:30,"Na rĩrĩ, angĩtuĩka nĩ gwĩtio irĩhi-rĩ, no akũũre muoyo wake na kũrĩha kĩrĩa gĩothe angĩĩtio.","If a ransom is imposed on him, then he shall give for the redemption of his life whatever is imposed."
Exodus 21:31,Watho ũyũ noguo ũrũgamĩrĩire ndegwa ĩngĩtheeca mwanake kana mũirĩtu wa mũndũ na rũhĩa.,"Whether it has gored a son or has gored a daughter, according to this judgment it shall be done to him."
Exodus 21:32,"Ndegwa ĩngĩtheeca ngombo ya mũndũ mũrũme kana mũndũ-wa-nja, mwene no nginya arĩhe cekeri mĩrongo ĩtatũ cia betha kũrĩ mwathi wa ngombo ĩyo,† nayo ndegwa ĩyo no nginya ĩhũũrwo na mahiga.","If the bull gores a male servant or a female servant, thirty shekels† of silver shall be given to their master, and the ox shall be stoned."
Exodus 21:33,"“Mũndũ angĩkunũra irima, kana enje rĩmwe na aage kũrĩkunĩka, nayo ndegwa kana ndigiri ĩgwe thĩinĩ warĩo,","“If a man opens a pit, or if a man digs a pit and doesn’t cover it, and a bull or a donkey falls into it,"
Exodus 21:34,"mwene irima rĩu no nginya arĩhe hathara ĩyo; no nginya arĩhe mwene nyamũ, nayo nyamũ ĩyo ĩkuĩte ĩtuĩke yake.","the owner of the pit shall make it good. He shall give money to its owner, and the dead animal shall be his."
Exodus 21:35,"“Ndegwa ya mũndũ ĩngĩtihia ndegwa ya mũndũ ũngĩ ĩkue, andũ acio nĩmakendia ndegwa ĩrĩa ĩrĩ muoyo, magayane mbeeca na magayane nyamũ ĩyo ĩkuĩte.","“If one man’s bull injures another’s, so that it dies, then they shall sell the live bull, and divide its price; and they shall also divide the dead animal."
Exodus 21:36,"No rĩrĩ, kũngĩkorwo nĩkũmenyekete atĩ ndegwa ĩyo nĩĩmenyerete gũtheecana na rũhĩa, nake mwene akaaga kũmĩhingĩra-rĩ, no nginya mwene arĩhe, nyamũ ĩrĩhio na nyamũ ĩngĩ, na ĩrĩa ĩkuĩte ĩtuĩke yake.","Or if it is known that the bull was in the habit of goring in the past, and its owner has not kept it in, he shall surely pay bull for bull, and the dead animal shall be his own."
Exodus 22:1,"“Mũndũ angĩiya ndegwa kana ngʼondu, na amĩthĩnje kana amĩendie-rĩ, no nginya arĩhe ndegwa ithano nĩ ũndũ wa ndegwa ĩyo na ngʼondu inya nĩ ũndũ wa ngʼondu ĩyo.","“If a man steals an ox or a sheep, and kills it or sells it, he shall pay five oxen for an ox, and four sheep for a sheep."
Exodus 22:2,"“Mũici angĩnyiitwo agĩtua nyũmba nake agũthwo akue-rĩ, mũmũgũthi ndarĩ na ihĩtia rĩa gũita thakame;","If the thief is found breaking in, and is struck so that he dies, there shall be no guilt of bloodshed for him."
Exodus 22:3,"no ũndũ ũcio ũngĩkĩka thuutha wa riũa kũratha, mũndũ ũcio wagũthana arĩ na ihĩtia rĩa gũita thakame. “Mũici no nginya arĩhe kĩrĩa aiyĩte, no angĩkorwo ndarĩ na kĩndũ, no nginya endio nĩguo kĩrĩa aiyĩte kĩrĩhwo.","If the sun has risen on him, he is guilty of bloodshed. He shall make restitution. If he has nothing, then he shall be sold for his theft."
Exodus 22:4,"“Nyamũ ĩrĩa ĩiyĩtwo ĩngĩonekana ĩrĩ muoyo moko-inĩ make, ĩrĩ ndegwa kana ndigiri kana ngʼondu no nginya arĩhe maita meerĩ.","If the stolen property is found in his hand alive, whether it is ox, donkey, or sheep, he shall pay double."
Exodus 22:5,"“Mũndũ angĩrĩithia ũhiũ wake mũgũnda wene o na kana arĩithie mũgũnda wene wa mĩthabibũ, aũrekererie ũrĩe mũgũnda wa mũndũ ũngĩ-rĩ, no nginya arĩhe na indo iria njega cia mũgũnda wake o na arĩhe na thabibũ iria njega mũno cia mũgũnda wake.","“If a man causes a field or vineyard to be eaten by letting his animal loose, and it grazes in another man’s field, he shall make restitution from the best of his own field, and from the best of his own vineyard."
Exodus 22:6,"“Mwaki ũngĩtuthũka na ũcine ihinga cia mĩigua nginya ũkinyĩre itĩĩa cia ngano kana ngano ĩrũngiĩ, kana ũcine mũgũnda wothe, mwakia wa mwaki ũcio no nginya arĩhe ngano ĩyo.","“If fire breaks out, and catches in thorns so that the shocks of grain, or the standing grain, or the field are consumed; he who kindled the fire shall surely make restitution."
Exodus 22:7,"“Mũndũ angĩhithia mũndũ wa itũũra rĩake betha kana indo amũigĩre-rĩ, nacio indo icio ciywo kuuma nyũmba yake, mũici ũcio angĩnyiitwo no nginya arĩhe indo icio maita meerĩ.","“If a man delivers to his neighbor money or stuff to keep, and it is stolen out of the man’s house, if the thief is found, he shall pay double."
Exodus 22:8,"No mũici ũcio angĩaga kũnyiitwo, mwene nyũmba no nginya athiĩ mbere ya aciirithania nĩguo kũmenyeke kana nĩwe ũiyĩte indo icio cia mũndũ ũcio ũngĩ.","If the thief isn’t found, then the master of the house shall come near to God, to find out whether or not he has put his hand on his neighbor’s goods."
Exodus 22:9,"Ha ũhoro o wothe wa mũndũ gũkorwo na kĩndũ na njĩra ĩrĩa ĩtagĩrĩire, kĩrĩ ndegwa, kana ndigiri, kana ngʼondu, kana nguo, kana kĩndũ kĩngĩ gĩothe kĩũrĩte kĩrĩa mũndũ ũngĩ angiuga atĩrĩ, ‘Kĩndũ gĩkĩ nĩ gĩakwa,’ andũ acio eerĩ no nginya marehe ũhoro wao mbere ya aciirithania. Mũndũ ũrĩa aciirithania magatua atĩ nĩehĩtie-rĩ, no nginya arĩhe mũndũ ũcio ũngĩ maita meerĩ.","For every matter of trespass, whether it is for ox, for donkey, for sheep, for clothing, or for any kind of lost thing, about which one says, ‘This is mine,’ the cause of both parties shall come before God. He whom God condemns shall pay double to his neighbor."
Exodus 22:10,"“Mũndũ angĩhithia mũndũ wa itũũra rĩake ndigiri, kana ndegwa, kana ngʼondu kana nyamũ o yothe amũigĩre, nayo ĩkue, kana ĩtihio, kana ĩiywo, hatarĩ mũndũ ũroona-rĩ,","“If a man delivers to his neighbor a donkey, an ox, a sheep, or any animal to keep, and it dies or is injured, or driven away, no man seeing it;"
Exodus 22:11,"ũhoro ũcio wao ũgaatuuo na njĩra ya kwĩhĩta mwĩhĩtwa mbere ya Jehova atĩ ũrĩa ũhithĩtio tiwe ũiyĩte indo icio. Mwene nake etĩkĩre mwĩhĩtwa ũcio, na hatikagĩa ũhoro wa kũrĩhania.","the oath of Yahweh shall be between them both, he has not put his hand on his neighbor’s goods; and its owner shall accept it, and he shall not make restitution."
Exodus 22:12,"No angĩkorwo nyamũ nĩkũiywo yaiirwo kuuma kũrĩa yahithĩtio-rĩ, no nginya mũndũ ũcio arĩhe mwene.","But if it is stolen from him, the one who stole shall make restitution to its owner."
Exodus 22:13,"Angĩkorwo yatambuurirwo nĩ nyamũ cia gĩthaka, nĩakonania matigari matuĩke ũira, na ndakaarĩhio nyamũ ĩyo ĩtambuurĩtwo nĩ nyamũ.","If it is torn in pieces, let him bring it for evidence. He shall not make good that which was torn."
Exodus 22:14,"“Mũndũ angĩgwatio nyamũ ya mũndũ ũngĩ, nayo ĩtihio kana ĩkue mwene atarĩ hakuhĩ, no nginya amĩrĩhe.","“If a man borrows anything of his neighbor’s, and it is injured, or dies, its owner not being with it, he shall surely make restitution."
Exodus 22:15,"No nyamũ ĩyo ĩngĩkorwo ĩrĩ na mwene-rĩ, ũrĩa ũgwatĩtio ndangĩmĩrĩha. Angĩkorwo nyamũ nĩgũkomborithio yakomborithĩtio, mbeeca iria ĩkomboretwo nĩirĩhĩte hathara ĩyo.","If its owner is with it, he shall not make it good. If it is a leased thing, it came for its lease."
Exodus 22:16,"“Mũndũ angiuha mũirĩtu gathirange ũtoorĩtio kũhikio, nake akome nake, no nginya arĩhe rũracio, nake mũirĩtu ũcio atuĩke mũtumia wake.","“If a man entices a virgin who isn’t pledged to be married, and lies with her, he shall surely pay a dowry for her to be his wife."
Exodus 22:17,"Ithe wa mũirĩtu angĩrega biũ kũmũheana kũrĩ mũndũ ũcio, no nginya mũndũ ũcio arĩhe rũracio rwa airĩtu gathirange.","If her father utterly refuses to give her to him, he shall pay money according to the dowry of virgins."
Exodus 22:18,“Mũtigetĩkĩrie mũndũ-wa-nja mũrogi atũũre muoyo.,“You shall not allow a sorceress to live.
Exodus 22:19,“Mũndũ ũngĩgwata nyamũ no nginya ooragwo.,“Whoever has sex with an animal shall surely be put to death.
Exodus 22:20,“Mũndũ ũkaarutĩra ngai ingĩ iruta tiga Jehova nĩakaniinwo.,"“He who sacrifices to any god, except to Yahweh only, shall be utterly destroyed."
Exodus 22:21,"“Mũtigeke mũgeni ũũru kana mũmũhinyĩrĩrie, nĩgũkorwo o na inyuĩ mwarĩ ageni bũrũri wa Misiri.","“You shall not wrong an alien or oppress him, for you were aliens in the land of Egypt."
Exodus 22:22,“Mũtikanahinyĩrĩrie mũtumia wa ndigwa kana mwana wa ngoriai.,“You shall not take advantage of any widow or fatherless child.
Exodus 22:23,"Mũngĩĩka ũguo nao mangaĩre, hatirĩ nganja nĩngaigua kĩrĩro kĩao.","If you take advantage of them at all, and they cry at all to me, I will surely hear their cry;"
Exodus 22:24,"Nĩngacinwo nĩ marakara, na nĩngamũũraga na rũhiũ rwa njora, nao atumia anyu matuĩke a ndigwa na ciana cianyu ituĩke cia ngoriai.","and my wrath will grow hot, and I will kill you with the sword; and your wives shall be widows, and your children fatherless."
Exodus 22:25,"“Ũngĩkombera mũndũ ũmwe wakwa gatagatĩ-inĩ kanyu mbeeca abatairio nĩcio-rĩ, ndũgatuĩke ta mũkombanĩri wa mbeeca; ndũkamũrĩhie uumithio wacio.","“If you lend money to any of my people with you who is poor, you shall not be to him as a creditor. You shall not charge him interest."
Exodus 22:26,"Mũndũ ũngĩ angĩkũnengera nguo yake ya igũrũ ĩrũgamĩrĩre thiirĩ, mũcookerie riũa rĩtanathũa,","If you take your neighbor’s garment as collateral, you shall restore it to him before the sun goes down,"
Exodus 22:27,"tondũ noyo arĩ nayo ya kwĩhumbĩra. Angĩkĩĩhumbĩra nakĩ agĩkoma? Angaĩra, nĩngamũigua, nĩgũkorwo ndĩ mũigua tha.","for that is his only covering, it is his garment for his skin. What would he sleep in? It will happen, when he cries to me, that I will hear, for I am gracious."
Exodus 22:28,“Ndũkanarume Ngai kana ũrume mũnene wa andũ anyu.,"“You shall not blaspheme God, nor curse a ruler of your people."
Exodus 22:29,“Ndũgacerithĩrie maruta kuuma makũmbĩ-inĩ maku kana mahihĩro-inĩ maku ma ndibei. “No nginya ũũheage marigithathi ma ariũ aku.,“You shall not delay to offer from your harvest and from the outflow of your presses. “You shall give the firstborn of your sons to me.
Exodus 22:30,"Wĩkage o ũguo mwena-inĩ wĩgiĩ ngʼombe na ngʼondu ciaku. Iria ciaciarwo ũrekage igaikara na manyina mĩthenya mũgwanja, mũthenya wa ĩnana ũgacineana kũrĩ niĩ.","You shall do likewise with your cattle and with your sheep. It shall be with its mother seven days, then on the eighth day you shall give it to me."
Exodus 22:31,“Inyuĩ mũgũtuĩka andũ akwa aamũre. Nĩ ũndũ ũcio mũtikanarĩe nyama cia nyamũ ndamburange nĩ nyamũ cia gĩthaka; ciikagĩriei ngui.,"“You shall be holy men to me, therefore you shall not eat any meat that is torn by animals in the field. You shall cast it to the dogs."
Exodus 23:1,“Ndũkanamemerekie ndeto cia maheeni. Ndũgateithĩrĩrie mũndũ mwaganu na ũndũ wa kũrũgamĩrĩra ũira wa maheeni.,“You shall not spread a false report. Don’t join your hand with the wicked to be a malicious witness.
Exodus 23:2,"“Ndũkarũmanĩrĩre na mũingĩ gwĩka ũũru. Ũngĩruta ũira igooti-inĩ, ndũkogomie kĩhooto ũkĩnyiitanĩra na mũingĩ,",“You shall not follow a crowd to do evil. You shall not testify in court to side with a multitude to pervert justice.
Exodus 23:3,na ndũkonanie kĩmenyano harĩ mũndũ mũthĩĩni ciira-inĩ wake.,You shall not favor a poor man in his cause.
Exodus 23:4,"“Ũngĩona ndegwa kana ndigiri ya mũndũ mũrĩ ũthũ nake yũrĩte-rĩ, tigĩrĩra atĩ nĩwamĩcookia kũrĩ we.","“If you meet your enemy’s ox or his donkey going astray, you shall surely bring it back to him again."
Exodus 23:5,"Ũngĩona ndigiri ya mũndũ ũgũthũire ĩgwĩte ĩkaremererwo nĩ mũrigo wayo-rĩ, ndũkamĩtige hau; no nginya ũmũteithie kũmĩũkĩria.","If you see the donkey of him who hates you fallen down under his burden, don’t leave him. You shall surely help him with it."
Exodus 23:6,“Ndũkanaime andũ anyu arĩa athĩĩni kĩhooto ciira-inĩ wao.,“You shall not deny justice to your poor people in their lawsuits.
Exodus 23:7,"Ndũkahutanie na thitango ya ma- heeni, na ndũkoorage mũndũ ũtarĩ na mahĩtia kana mũndũ mwĩhokeku, nĩgũkorwo ndikarekereria mũndũ mwĩhia.","“Keep far from a false charge, and don’t kill the innocent and righteous; for I will not justify the wicked."
Exodus 23:8,"“Ndũkoe ihaki, nĩgũkorwo ihaki nĩrĩtũmaga arĩa monaga matuĩke atumumu, na rĩkoogomia ciugo cia andũ arĩa athingu.","“You shall take no bribe, for a bribe blinds those who have sight and perverts the words of the righteous."
Exodus 23:9,"“Ndũkahatĩrĩrie mũgeni; inyuĩ nĩmũũĩ ũrĩa mũgeni aiguaga, tondũ mwarĩ ageni bũrũri wa Misiri.","“You shall not oppress an alien, for you know the heart of an alien, since you were aliens in the land of Egypt."
Exodus 23:10,"“Haandaga irio mĩgũnda yaku mĩaka ĩtandatũ, na ũkagetha irio iria iciarĩte mĩaka ĩyo,","“For six years you shall sow your land, and shall gather in its increase,"
Exodus 23:11,"no mwaka wa mũgwanja ũkarekaga mũgũnda ũikare ũguo ũtarĩmĩtwo na ũtekũhũthĩrwo. Nao arĩa athĩĩni gatagatĩ ka andũ anyu makonaga irio kuuma mũgũnda ũcio, nacio nyamũ cia gĩthaka ikarĩĩaga kĩrĩa marĩtigagia. Ĩkaga o ũguo na mũgũnda waku wa mĩthabibũ na wa mĩtamaiyũ.","but the seventh year you shall let it rest and lie fallow, that the poor of your people may eat; and what they leave the animal of the field shall eat. In the same way, you shall deal with your vineyard and with your olive grove."
Exodus 23:12,"“Rutaga wĩra waku mĩthenya ĩtandatũ, no mũthenya wa mũgwanja ndũkanarute wĩra, nĩgeetha ndegwa na ndigiri yaku ihurũke, nayo ngombo ĩrĩa ĩciarĩirwo gwaku, kana mũgeni, o nao magĩage na ihinda rĩa kũnogoka.","“Six days you shall do your work, and on the seventh day you shall rest, that your ox and your donkey may have rest, and the son of your servant, and the alien may be refreshed."
Exodus 23:13,“Menyagĩrĩra wĩkage maũndũ marĩa mothe ngwĩrĩte. Ndũkanagwete marĩĩtwa ma ngai ingĩ; ndũkareke maiguuo makĩgwetwo na kanua gaku.,“Be careful to do all things that I have said to you; and don’t invoke the name of other gods or even let them be heard out of your mouth.
Exodus 23:14,“Gĩagai na gĩathĩ gĩa gũkũngũĩra maita matatũ o mwaka.,“You shall observe a feast to me three times a year.
Exodus 23:15,"“Kũngũyagĩra Gĩathĩ kĩa Mĩgate Ĩtarĩ na Ndawa ya Kũimbia; handũ ha mĩthenya mũgwanja ũrĩĩage mĩgate ĩtarĩ na ndawa ya kũimbia, o ta ũrĩa ndagwaathire. Ĩkaga ũndũ ũyũ hĩndĩ ĩrĩa ĩtuĩtwo mweri-inĩ wa Abibu, tondũ nĩ mweri-inĩ ũcio woimire bũrũri wa Misiri. “Gũtikanagĩe mũndũ ũrĩũkaga mbere yakwa moko matheri.","You shall observe the feast of unleavened bread. Seven days you shall eat unleavened bread, as I commanded you, at the time appointed in the month Abib (for in it you came out of Egypt), and no one shall appear before me empty."
Exodus 23:16,"“Kũngũyagĩra Gĩathĩ kĩa Magetha* na maciaro ma mbere ma irio iria ũhaandĩte mĩgũnda yaku. “Kũngũyagĩra Gĩathĩ kĩa Igetha mũthia-inĩ wa mwaka, rĩrĩa ũgũcookanĩrĩria irio ciaku kuuma mũgũnda.","And the feast of harvest, the first fruits of your labors, which you sow in the field; and the feast of ingathering, at the end of the year, when you gather in your labors out of the field."
Exodus 23:17,“Arũme othe nĩmarĩthiiaga mbere ya Mwathani Jehova maita matatũ o mwaka.,Three times in the year all your males shall appear before the Lord Yahweh.
Exodus 23:18,“Ndũkanandutĩre thakame ya igongona hamwe na kĩndũ kĩrĩ na ndawa ya kũimbia. “Maguta ma maruta makwa ma gĩathĩ matikaigwo nginya rũciinĩ.,“You shall not offer the blood of my sacrifice with leavened bread. The fat of my feast shall not remain all night until the morning.
Exodus 23:19,“Rehaga indo iria njega cia maciaro ma mbere nyũmba-inĩ ya Jehova Ngai waku. “Ndũkanaruge koori na iria rĩa nyina.†,You shall bring the first of the first fruits of your ground into the house of Yahweh your God. “You shall not boil a young goat in its mother’s milk.
Exodus 23:20,"“Na rĩrĩ, niĩ nĩndĩratũma mũraika athiĩ mbere yanyu, amũrangĩre njĩra-inĩ na amũkinyie handũ harĩa ndĩmũhaarĩirie.","“Behold, I send an angel before you, to keep you by the way, and to bring you into the place which I have prepared."
Exodus 23:21,"Iguagai na mwathĩkagĩre ũrĩa ekũmwĩra. Mũtikanamũkararie tondũ ndakamũrekera ũremi wanyu, nĩgũkorwo Rĩĩtwa rĩakwa rĩrĩ thĩinĩ wake.","Pay attention to him, and listen to his voice. Don’t provoke him, for he will not pardon your disobedience, for my name is in him."
Exodus 23:22,"Mũngĩmũigua kũna ũrĩa aroiga, na mwĩke ũrĩa wothe ngaamwĩra, nĩngatuĩka thũ kũrĩ thũ cianyu, na njũkĩrĩre arĩa makaamũũkĩrĩra.","But if you indeed listen to his voice, and do all that I speak, then I will be an enemy to your enemies, and an adversary to your adversaries."
Exodus 23:23,"Mũraika wakwa nĩagathiĩ mbere yanyu, na amũkinyie bũrũri wa Aamori, na Ahiti, na Aperizi, na Akaanani, na Ahivi, na Ajebusi, na niĩ nĩngamaniina biũ.","For my angel shall go before you, and bring you in to the Amorite, the Hittite, the Perizzite, the Canaanite, the Hivite, and the Jebusite; and I will cut them off."
Exodus 23:24,"Mũtikanainamĩrĩre ngai ciao, kana mũcihooe, kana mũrũmĩrĩre mĩtugo yao. No nginya mũcianange, nayo mĩhianano ya ngai ciao cia mahiga mũmiunange tũcunjĩ.","You shall not bow down to their gods, nor serve them, nor follow their practices, but you shall utterly overthrow them and demolish their pillars."
Exodus 23:25,"Hooyagai Jehova Ngai wanyu nake, nĩarĩrathimaga irio cianyu na maaĩ manyu. Nĩndĩĩmweheragĩria mĩrimũ gatagatĩ-inĩ kanyu,","You shall serve Yahweh your God, and he will bless your bread and your water, and I will take sickness away from among you."
Exodus 23:26,na gũtirĩ mũndũ ũkaahuna kana atuĩke thaata bũrũri-inĩ wanyu. Nĩndĩĩmũkinyagĩria matukũ marĩa mwathĩrĩirio ma gũtũũra muoyo.,No one will miscarry or be barren in your land. I will fulfill the number of your days.
Exodus 23:27,"“Nĩngũtũma kĩmakania gĩakwa mbere yanyu, na ndũme ndũrĩrĩ iria mũrĩĩkoragĩrĩra inyiitwo nĩ kĩrigiicano. Nĩndĩtũmaga thũ cianyu imũũragĩre.","I will send my terror before you, and will confuse all the people to whom you come, and I will make all your enemies turn their backs to you."
Exodus 23:28,"Nĩngatũma magi mbere yanyu, maingate Ahivi, na Akaanani na Ahiti mamweherere.","I will send the hornet before you, which will drive out the Hivite, the Canaanite, and the Hittite, from before you."
Exodus 23:29,"No rĩrĩ, ndikamaingata o mwaka ũmwe, tondũ bũrũri wahota gũcooka gĩthaka, nacio nyamũ cia gĩthaka imũingĩhĩre mũno.","I will not drive them out from before you in one year, lest the land become desolate, and the animals of the field multiply against you."
Exodus 23:30,"Ndĩmaingataga o kahora o kahora, nginya rĩrĩa mũkaingĩha mũhote kwĩnyiitĩra bũrũri ũcio.","Little by little I will drive them out from before you, until you have increased and inherit the land."
Exodus 23:31,"“Nĩngekĩra mĩhaka yanyu kuuma Iria Itune, ndĩmĩikũrũkie nginya Iria rĩa Afilisti, na kuuma werũ-inĩ nginya Rũũĩ rwa Farati. Andũ arĩa maikaraga kũu nĩngamaneana moko-inĩ manyu, na inyuĩ mũmaingate mamweherere.","I will set your border from the Red Sea even to the sea of the Philistines, and from the wilderness to the River; for I will deliver the inhabitants of the land into your hand, and you shall drive them out before you."
Exodus 23:32,Mũtikagĩe na kĩrĩkanĩro nao kana na ngai ciao.,"You shall make no covenant with them, nor with their gods."
Exodus 23:33,"Mũtikareke matũũre bũrũri-inĩ wanyu; nĩ tondũ no matũme mũnjĩhĩrie, nĩ tondũ kũhooya ngai icio ciao ti-itherũ nĩgũkamũtoonyia mũtego-inĩ.”","They shall not dwell in your land, lest they make you sin against me, for if you serve their gods, it will surely be a snare to you.”"
Exodus 24:1,"Nake Jehova akĩĩra Musa atĩrĩ, “Ambata, ũũke kũrĩ Jehova, wee na Harũni, na Nadabu, na Abihu, na athuuri mĩrongo mũgwanja a Isiraeli, mũinamĩrĩre mũhooe mũrĩ haraaya,","He said to Moses, “Come up to Yahweh, you, and Aaron, Nadab, and Abihu, and seventy of the elders of Israel; and worship from a distance."
Exodus 24:2,no Musa wiki ũgaakuhĩrĩria Jehova; acio angĩ matigooke hakuhĩ. Nao andũ acio angĩ a Isiraeli matikambate nawe.”,"Moses alone shall come near to Yahweh, but they shall not come near. The people shall not go up with him.”"
Exodus 24:3,"Nake Musa agĩthiĩ na akĩĩra andũ ciugo ciothe cia Jehova na mawatho make, nao andũ magĩĩtĩkanĩria na mũgambo ũmwe, makiuga atĩrĩ, “Ũrĩa wothe Jehova oigĩte, nĩtũgwĩka.”","Moses came and told the people all Yahweh’s words, and all the ordinances; and all the people answered with one voice, and said, “All the words which Yahweh has spoken will we do.”"
Exodus 24:4,"Nake Musa akĩandĩka ũhoro wothe ũrĩa Jehova aarĩtie. Mũthenya ũyũ ũngĩ agĩũkĩra rũciinĩ tene, agĩaka kĩgongona magũrũ-inĩ ma kĩrĩma, na akĩrũgamia itugĩ ikũmi na igĩrĩ cia mahiga irũgamĩrĩire mĩhĩrĩga ikũmi na ĩĩrĩ ya Isiraeli.","Moses wrote all Yahweh’s words, then rose up early in the morning and built an altar at the base of the mountain, with twelve pillars for the twelve tribes of Israel."
Exodus 24:5,"Ningĩ agĩtũma aanake amwe a Isiraeli, nao makĩruta magongona ma njino, na magĩthĩnja tũtegwa tũrĩ igongona rĩa ũiguano kũrĩ Jehova.","He sent young men of the children of Israel, who offered burnt offerings and sacrificed peace offerings of cattle to Yahweh."
Exodus 24:6,"Musa akĩoya nuthu ya thakame yatuo akĩmĩĩkĩra mbakũri-inĩ, na nuthu ĩrĩa ĩngĩ akĩmĩminjaminjĩria kĩgongona kĩu.","Moses took half of the blood and put it in basins, and half of the blood he sprinkled on the altar."
Exodus 24:7,"Ningĩ akĩoya Ibuku rĩa Kĩrĩkanĩro, na akĩrĩthomera andũ. Nao andũ magĩĩtĩkanĩria, makiuga atĩrĩ, “Nĩtũgwĩka ũrĩa wothe Jehova oigĩte; nĩtũgwathĩka.”","He took the book of the covenant and read it in the hearing of the people, and they said, “We will do all that Yahweh has said, and be obedient.”"
Exodus 24:8,"Musa agĩcooka akĩoya thakame ĩyo, akĩmĩminjaminjĩria andũ, na akiuga atĩrĩ, “Ĩno nĩ thakame ya kĩrĩkanĩro kĩrĩa Jehova aarĩkanĩire na inyuĩ kũringana na ciugo ici ciothe.”","Moses took the blood, and sprinkled it on the people, and said, “Look, this is the blood of the covenant, which Yahweh has made with you concerning all these words.”"
Exodus 24:9,"Musa na Harũni, na Nadabu na Abihu hamwe na athuuri acio mĩrongo mũgwanja a Isiraeli makĩambata,","Then Moses, Aaron, Nadab, Abihu, and seventy of the elders of Israel went up."
Exodus 24:10,"na makĩona Ngai wa Isiraeli. Rungu rwa makinya make haarĩ handũ haakĩtwo wega na mahiga ma yakuti ya bururu, matherete o ta igũrũ rĩo rĩene.","They saw the God of Israel. Under his feet was like a paved work of sapphire† stone, like the skies for clearness."
Exodus 24:11,"No Jehova ndaigana kũhũũra atongoria acio a Isiraeli; nĩmoonire Ngai, na makĩrĩa na makĩnyua.","He didn’t lay his hand on the nobles of the children of Israel. They saw God, and ate and drank."
Exodus 24:12,"Nake Jehova akĩĩra Musa atĩrĩ, “Ambata, ũũke kũrĩ niĩ kĩrĩma igũrũ, na ũikare ho, na nĩngũcooka ngũnengere ihengere cia mahiga, irĩ na maandĩko ma watho na maathani marĩa nyandĩkĩte nĩguo ũmarutage andũ a Isiraeli.”","Yahweh said to Moses, “Come up to me on the mountain, and stay here, and I will give you the stone tablets with the law and the commands that I have written, that you may teach them.”"
Exodus 24:13,"Ningĩ Musa akiumagara marĩ na mũteithĩrĩria wake Joshua, nake Musa akĩambata kĩrĩma-inĩ kĩa Ngai.","Moses rose up with Joshua, his servant, and Moses went up onto God’s Mountain."
Exodus 24:14,"Akĩĩra athuuri acio atĩrĩ, “Twetererei haha nginya rĩrĩa tũgaacooka. Harũni na Huri marĩ hamwe na inyuĩ, mũndũ o wothe ũrĩa ũngĩgĩa na ciira nĩathiiage kũrĩ o.”","He said to the elders, “Wait here for us, until we come again to you. Behold, Aaron and Hur are with you. Whoever is involved in a dispute can go to them.”"
Exodus 24:15,"Rĩrĩa Musa aambatire kĩrĩma-inĩ, itu rĩkĩhumbĩra kĩrĩma,","Moses went up on the mountain, and the cloud covered the mountain."
Exodus 24:16,"naguo riiri wa Jehova ũgĩikara igũrũ rĩa Kĩrĩma gĩa Sinai. Kĩrĩma gĩkĩhumbĩrwo nĩ itu rĩu mĩthenya ĩtandatũ, na mũthenya wa mũgwanja Jehova agĩĩta Musa arĩ itu-inĩ rĩu.","Yahweh’s glory settled on Mount Sinai, and the cloud covered it six days. The seventh day he called to Moses out of the middle of the cloud."
Exodus 24:17,andũ a Isiraeli moonaga riiri wa Jehova ũtariĩ ta mwaki wa kũniinana ũrĩ kĩrĩma igũrũ.,The appearance of Yahweh’s glory was like devouring fire on the top of the mountain in the eyes of the children of Israel.
Exodus 24:18,"Hĩndĩ ĩyo Musa agĩtoonya itu-inĩ o akĩambataga kĩrĩma. Agĩikara kũu kĩrĩma-inĩ matukũ mĩrongo ĩna, ũtukũ na mũthenya.","Moses entered into the middle of the cloud, and went up on the mountain; and Moses was on the mountain forty days and forty nights."
Exodus 25:1,"Jehova akĩĩra Musa atĩrĩ,","Yahweh spoke to Moses, saying,"
Exodus 25:2,“Ĩra andũ a Isiraeli mandehere iruta. Nĩwe ũkwamũkĩra iruta rĩu handũ hakwa kuuma kũrĩ mũndũ o wothe ũrĩa ngoro yake ĩkwenda kũheana.,"“Speak to the children of Israel, that they take an offering for me. From everyone whose heart makes him willing you shall take my offering."
Exodus 25:3,"Maruta marĩa ũrĩamũkagĩra kuuma kũrĩ o nĩmo maya: thahabu, na betha na gĩcango;","This is the offering which you shall take from them: gold, silver, bronze,"
Exodus 25:4,"na ndigi cia rangi wa bururu, na cia rangi wa ndathi, na cia rangi mũtune ta gakarakũ, na gatani ĩrĩa njega, o na guoya wa mbũri;","blue, purple, scarlet, fine linen, goats’ hair,"
Exodus 25:5,"na njũa cia ndũrũme itoboketio rangi-inĩ mũtune, na njũa cia pomboo, na mbaũ cia mũgaa;","rams’ skins dyed red, sea cow hides,† acacia wood,"
Exodus 25:6,"na maguta ma mũtamaiyũ ma gwakia tawa; na mahuti manungi wega ma gũthondeka maguta ma gũitanĩrĩrio, na ũbumba ũrĩa mũnungi wega;","oil for the light, spices for the anointing oil and for the sweet incense,"
Exodus 25:7,"na tũhiga twa onigithi, na tũhiga tũngĩ twa goro twa gwĩkĩrwo ebodi- inĩ na gakuo ga gĩthũri.*","onyx stones, and stones to be set for the ephod and for the breastplate."
Exodus 25:8,"“Ningĩ ũnjakithĩrie handũ haamũre, na niĩ nĩngatũũranagia nao.","Let them make me a sanctuary, that I may dwell among them."
Exodus 25:9,"Thondekai hema ĩno nyamũre, na mwĩkĩre indo cia thĩinĩ kũringana na mũhano ũrĩa ngũkuonia.","According to all that I show you, the pattern of the tabernacle, and the pattern of all of its furniture, even so you shall make it."
Exodus 25:10,"“Nĩmathondekere ithandũkũ rĩa mbaũ cia mũgaa. Ũraihu warĩo ũkorwo ũrĩ mĩkono ĩĩrĩ na nuthu,† na kwarama kwarĩo gũkorwo kũrĩ mũkono ũmwe na nuthu,‡ na kũraiha na igũrũ kwarĩo gũkorwo nĩ mũkono ũmwe na nuthu.","“They shall make an ark of acacia wood. Its length shall be two and a half cubits,‡ its width a cubit and a half, and a cubit and a half its height."
Exodus 25:11,"Ithandũkũ rĩu rĩgemio na thahabu therie mĩena yeerĩ nja na thĩinĩ, na mũrĩtirihe na mũcibi wa thahabu mĩena yothe.","You shall overlay it with pure gold. You shall overlay it inside and outside, and you shall make a gold molding around it."
Exodus 25:12,"Rĩtwekerie icũhĩ inya cia thahabu, na ũcioherere magũrũ-inĩ marĩo mana, icũhĩ igĩrĩ mwena ũmwe na icũhĩ igĩrĩ mwena ũrĩa ũngĩ.","You shall cast four rings of gold for it, and put them in its four feet. Two rings shall be on the one side of it, and two rings on the other side of it."
Exodus 25:13,Ũcooke ũthondeke mĩtĩ mĩraaya ya mũgaa ũmĩgemie na thahabu.,"You shall make poles of acacia wood, and overlay them with gold."
Exodus 25:14,Toonyia mĩtĩ ĩyo mĩraaya icũhĩ- inĩ iria irĩ mĩena ya ithandũkũ nĩgeetha rĩkuuĩkage.,You shall put the poles into the rings on the sides of the ark to carry the ark.
Exodus 25:15,"Mĩtĩ ĩyo mĩraaya ĩrekwo ĩikarage icũhĩ-inĩ cia ithandũkũ rĩĩrĩ, na ndĩkeheragio.",The poles shall be in the rings of the ark. They shall not be taken from it.
Exodus 25:16,"Ũcooke wĩkĩre thĩinĩ wa ithandũkũ rĩu Ũira, ũrĩa ngũkũhe.",You shall put the covenant which I shall give you into the ark.
Exodus 25:17,"“Thondeka gĩtĩ gĩa tha gĩa thahabu therie, gĩkorwo kĩrĩ kĩa ũraihu wa mĩkono ĩĩrĩ na nuthu,§ na wariĩ wa mũkono ũmwe na nuthu.*","You shall make a mercy seat of pure gold. Two and a half cubits shall be its length, and a cubit and a half its width."
Exodus 25:18,"Na ũture makerubi meerĩ ma thahabu, ũmekĩre mĩthia-inĩ ya gĩtĩ kĩu gĩa tha.",You shall make two cherubim of hammered gold. You shall make them at the two ends of the mercy seat.
Exodus 25:19,"Thondeka ikerubi rĩmwe rĩikare mũthia-inĩ ũmwe, na ikerubi rĩu rĩngĩ rĩikare mũthia-inĩ ũrĩa ũngĩ wa gĩtĩ gĩa tha; thondeka makerubi macio maanyiitanĩte na gĩtĩ gĩa tha mĩthia- inĩ yeerĩ.","Make one cherub at the one end, and one cherub at the other end. You shall make the cherubim on its two ends of one piece with the mercy seat."
Exodus 25:20,"Makerubi macio makorwo matambũrũkĩtie mathagu mamo na igũrũ, magathiĩka gĩtĩ kĩu gĩa tha namo. Makerubi macio makorwo maroranĩte, na marorete gĩtĩ kĩu gĩa tha.","The cherubim shall spread out their wings upward, covering the mercy seat with their wings, with their faces toward one another. The faces of the cherubim shall be toward the mercy seat."
Exodus 25:21,"Igĩrĩra gĩtĩ kĩu gĩa tha igũrũ rĩa ithandũkũ, na wĩkĩre thĩinĩ wa ithandũkũ rĩu Ũira ũrĩa ngũkũhe.","You shall put the mercy seat on top of the ark, and in the ark you shall put the covenant that I will give you."
Exodus 25:22,"Na hau igũrũ wa gĩtĩ gĩa tha, gatagatĩ ka makerubi macio meerĩ marĩ igũrũ wa ithandũkũ rĩa Ũira nĩngacemania nawe ngũhe maathani makwa mothe nĩ ũndũ wa andũ a Isiraeli.","There I will meet with you, and I will tell you from above the mercy seat, from between the two cherubim which are on the ark of the covenant, all that I command you for the children of Israel."
Exodus 25:23,"“Thondeka metha na mbaũ cia mũgaa, ũraihu wayo ũkorwo ũrĩ wa mĩkono ĩĩrĩ,† na wariĩ wayo ũkorwo ũrĩ wa mũkono ũmwe,‡ na kũraiha na igũrũ ĩkorwo ĩrĩ na mũkono ũmwe na nuthu.§","“You shall make a table of acacia wood. Its length shall be two cubits, and its width a cubit, and its height one and a half cubits."
Exodus 25:24,"Ũmĩgemie na thahabu therie, na ũmĩtirihe na mũcibi wa thahabu.","You shall overlay it with pure gold, and make a gold molding around it."
Exodus 25:25,"Mĩthondekere karũbaũ gaceke ka wariĩ wa rũhĩ* gathiũrũrũkĩrie metha ĩyo, na ũgatirihe na mũcibi wa thahabu.",You shall make a rim of a hand width around it. You shall make a golden molding on its rim around it.
Exodus 25:26,"Thondekera metha ĩyo icũhĩ inya cia thahabu, ũcioherere koona-inĩ iria inya o harĩa magũrũ macio mana marĩ.","You shall make four rings of gold for it, and put the rings in the four corners that are on its four feet."
Exodus 25:27,"Icũhĩ icio ikorwo irĩ hakuhĩ na mũcibi wa karũbaũ karĩa gaceke, nĩgeetha inyiitagĩrĩre mĩtĩ ĩrĩa ya gũkuuaga metha ĩyo.","The rings shall be close to the rim, for places for the poles to carry the table."
Exodus 25:28,"Thondeka mĩtĩ mĩraaya ya mbaũ cia mũgaa, ũmĩgemie na thahabu na ũkuuage metha nayo.","You shall make the poles of acacia wood, and overlay them with gold, that the table may be carried with them."
Exodus 25:29,"Na ũthondeke thaani ciayo, na thaani nene cia thahabu therie na ndigithũ, na mbakũri cia gũitaga maruta.","You shall make its dishes, its spoons, its ladles, and its bowls with which to pour out offerings. You shall make them of pure gold."
Exodus 25:30,"Iga mĩgate ĩrĩa ĩigagwo mbere yakwa igũrũ rĩa metha ĩyo, nayo ĩikarage hau mbere yakwa mahinda mothe.",You shall set bread of the presence on the table before me always.
Exodus 25:31,"“Thondeka mũtĩ wa kũigĩrĩrwo matawa ma thahabu therie, kĩrũgamo o na gĩtina kĩaguo iturwo inyiitanĩte; ikombe ciaguo ihaana ta mahũa, na tũkonyo twaguo o na mahũa ikorwo irĩ kĩndũ kĩmwe inyiitanĩte naguo.","“You shall make a lamp stand of pure gold. The lamp stand shall be made of hammered work. Its base, its shaft, its cups, its buds, and its flowers shall be of one piece with it."
Exodus 25:32,"Honge ithathatũ ciumĩre mĩena-inĩ ya mũrũgamo wa mũtĩ ũcio wa kũigĩrĩrwo matawa, ithatũ mwena ũmwe na ithatũ mwena ũrĩa ũngĩ.","There shall be six branches going out of its sides: three branches of the lamp stand out of its one side, and three branches of the lamp stand out of its other side;"
Exodus 25:33,"Ikombe ithatũ iturĩtwo na mũhiano wa mahũa ma mũrothi irĩ na tũkonyo na mahũa ikorwo irĩ rũhonge-inĩ rũmwe, nacio ithatũ ikorwo rũu rũngĩ; honge icio ciothe ithathatũ ikorwo ihaana o ũguo, ciumĩte mũtĩ-inĩ ũcio wa kũigĩrĩrwo matawa.","three cups made like almond blossoms in one branch, a bud and a flower; and three cups made like almond blossoms in the other branch, a bud and a flower, so for the six branches going out of the lamp stand;"
Exodus 25:34,Na mũtĩ-inĩ ũcio wa kũigĩrĩra matawa hagĩe ikombe inya cia mũhiano wa mahũa ma mũrothi irĩ na tũkonyo na mahũa.,"and in the lamp stand four cups made like almond blossoms, its buds and its flowers;"
Exodus 25:35,"Gakonyo kamwe gakorwo karĩ rungu rwa honge cia mbere igĩrĩ ciumĩte mũrũgamo-inĩ wa mũtĩ ũcio wa kũigĩrĩrwo matawa, nako gakonyo ga keerĩ kagĩe rungu rwa honge cia keerĩ igĩrĩ, nako gakonyo ga gatatũ kagĩe thĩ wa honge cia gatatũ igĩrĩ, ciothe nĩ honge ithathatũ.","and a bud under two branches of one piece with it, and a bud under two branches of one piece with it, and a bud under two branches of one piece with it, for the six branches going out of the lamp stand."
Exodus 25:36,"Tũkonyo tũu na honge icio ikorwo irĩ kĩndũ kĩmwe na mũtĩ ũcio wa kũigĩrĩrwo matawa, iturĩtwo na thahabu therie.","Their buds and their branches shall be of one piece with it, all of it one beaten work of pure gold."
Exodus 25:37,“Ningĩ ũthondeke matawa mũgwanja maguo na ũmaigĩrĩre igũrũ rĩaguo nĩgeetha mamũrĩke hau mbere ya guo.,"You shall make its lamps seven, and they shall light its lamps to give light to the space in front of it."
Exodus 25:38,Magathĩ ma gũtinia ndaambĩ na thaani cia mũrarĩ wa ndaambĩ ikorwo irĩ cia thahabu therie.,Its snuffers and its snuff dishes shall be of pure gold.
Exodus 25:39,Taranda† ya thahabu therie ĩhũthĩrwo gũthondeka mũtĩ wa kũigĩrĩrwo matawa o na indo icio ciothe.,"It shall be made of a talent§ of pure gold, with all these accessories."
Exodus 25:40,Ũtigĩrĩre atĩ nĩwacithondeka kũringana na mũhianĩre ũrĩa wonirio ũrĩ kĩrĩma-inĩ.,"See that you make them after their pattern, which has been shown to you on the mountain."
Exodus 26:1,"“Thondeka hema nyamũre ĩrĩ na itambaya ikũmi cia gũcuurio itumĩtwo na gatani yogothetwo wega ya ndigi cia rangi wa bururu, na cia rangi wa ndathi, na cia rangi mũtune ta gakarakũ, na igemio na makerubi nĩ mũtumi mũũgĩ na wĩra ũcio.","“Moreover you shall make the tabernacle with ten curtains of fine twined linen, and blue, and purple, and scarlet, with cherubim. You shall make them with the work of a skillful workman."
Exodus 26:2,"Itambaya icio cia gũcuurio ciothe ikorwo ciiganaine, mĩkono mĩrongo ĩĩrĩ na ĩnana* kũraiha na mĩkono ĩna† kwarama.","The length of each curtain shall be twenty-eight cubits,† and the width of each curtain four cubits: all the curtains shall have one measure."
Exodus 26:3,"Itambaya ithano-rĩ, itumanio hamwe, na icio ingĩ ithano itumanio hamwe.","Five curtains shall be coupled together to one another, and the other five curtains shall be coupled to one another."
Exodus 26:4,"Kundĩka ciana cia gĩtambaya kĩa rangi wa bururu mũthia-inĩ wa gĩtambaya gĩa gũcuurio kĩrĩa kĩrĩ mũico wa mwena ũmwe, na wĩke o ro ũguo harĩ gĩtambaya kĩa mũico kĩa mwena ũcio ũngĩ.","You shall make loops of blue on the edge of the one curtain from the edge in the coupling, and you shall do likewise on the edge of the curtain that is outermost in the second coupling."
Exodus 26:5,"Kundĩka ciana mĩrongo ĩtano gĩtambaya-inĩ kĩmwe gĩa gũcuurio, na ingĩ mĩrongo ĩtano gĩtambaya-inĩ kĩa mũico kĩa mwena ũcio ũngĩ, na ũringithanie o kĩana na kĩrĩa kĩngĩ.","You shall make fifty loops in the one curtain, and you shall make fifty loops in the edge of the curtain that is in the second coupling. The loops shall be opposite one another."
Exodus 26:6,"Ningĩ ũthondeke ngathĩka mĩrongo ĩtano cia thahabu, na ũcihũthĩre na kuohithania itambaya icio cia gũcuurio nĩguo hema ĩyo nyamũre ĩtuĩke kĩndũ kĩmwe.","You shall make fifty clasps of gold, and couple the curtains to one another with the clasps. The tabernacle shall be a unit."
Exodus 26:7,“Tuma itambaya ikũmi na kĩmwe cia guoya wa mbũri ituĩke hema ya kũhumbĩra hema ĩrĩa nyamũre.,“You shall make curtains of goats’ hair for a covering over the tabernacle. You shall make eleven curtains.
Exodus 26:8,"Itambaya icio ciothe ikũmi na kĩmwe ikorwo ciiganaine, ikorwo irĩ mĩkono mĩrongo ĩtatũ‡ kũraiha na mĩkono ĩna§ kwarama.","The length of each curtain shall be thirty cubits, and the width of each curtain four cubits: the eleven curtains shall have one measure."
Exodus 26:9,"Tumania itambaya ithano cia icio cia gũcuurio ituĩke kĩndũ kĩmwe, nacio icio ingĩ ithathatũ itumanio hamwe. Kũnja gĩtambaya gĩa gatandatũ maita meerĩ mwena wa mbere wa hema.","You shall couple five curtains by themselves, and six curtains by themselves, and shall double over the sixth curtain in the forefront of the tent."
Exodus 26:10,"Kundĩka ciana mĩrongo ĩtano mũthia-inĩ wa itambaya cia gũcuurio cia mwena ũmwe, ningĩ wĩke o ũguo mũthia-inĩ wa itambaya icio cia mwena ũrĩa ũngĩ.","You shall make fifty loops on the edge of the one curtain that is outermost in the coupling, and fifty loops on the edge of the curtain which is outermost in the second coupling."
Exodus 26:11,"Ningĩ ũthondeke ngathĩka mĩrongo ĩtano cia gĩcango, na ũcitoonyie ciana-inĩ nĩgeetha hema ĩyo ĩtuĩke kĩndũ kĩmwe.","You shall make fifty clasps of bronze, and put the clasps into the loops, and couple the tent together, that it may be one."
Exodus 26:12,"Harĩ ũraihu wa gĩtambaya gĩa gũcuurio ũrĩa ũngĩtigara, nuthu ya gĩtambaya kĩrĩa gĩtigaire nĩ gĩcunjuure mwena wa thuutha wa hema ĩyo nyamũre.",The overhanging part that remains of the curtains of the tent—the half curtain that remains—shall hang over the back of the tabernacle.
Exodus 26:13,Itambaya cia gũcuurio cia hema ikorwo iraihĩte kũrĩ icio ingĩ na mũkono ũmwe* mĩena yeerĩ; kĩrĩa gĩgũtigara gĩcunjuure kĩhumbĩre mĩena ya hema ĩyo nyamũre.,"The cubit on the one side and the cubit on the other side, of that which remains in the length of the curtains of the tent, shall hang over the sides of the tabernacle on this side and on that side, to cover it."
Exodus 26:14,"Thondekera hema ĩyo kĩandarũa kĩa njũa cia ndũrũme itoboketio rangi-inĩ mũtune igatunĩha, na igũrũ wakĩo ũkĩhumbĩre na njũa cia pomboo.","You shall make a covering for the tent of rams’ skins dyed red, and a covering of sea cow hides above."
Exodus 26:15,“Thondeka mbaũ cia kũrũgama cia mũtĩ wa mũgaa cia gwaka hema ĩyo nyamũre.,"“You shall make the boards for the tabernacle of acacia wood, standing upright."
Exodus 26:16,"O rũbaũ-inĩ rũkorwo rũrĩ rwa mĩkono ikũmi† kũraiha na mũkono ũmwe na nuthu‡ kwarama,","Ten cubits shall be the length of a board, and one and a half cubits the width of each board."
Exodus 26:17,mbaũ icio igĩe na tũhocio tũcomokete tũigananĩirie. Thondeka mbaũ icio ciothe cia Hema-ĩrĩa-Nyamũre na njĩra ĩyo.,"There shall be two tenons in each board, joined to one another: thus you shall make for all the boards of the tabernacle."
Exodus 26:18,"Thondeka mbaũ mĩrongo ĩĩrĩ cia mwena wa gũthini wa hema ĩyo nyamũre,","You shall make twenty boards for the tabernacle, for the south side southward."
Exodus 26:19,"na ũthondeke itina cia betha mĩrongo ĩna cia gũikarĩrwo nĩ mbaũ icio mĩrongo ĩĩrĩ, o rũbaũ rũmwe rũgaikarĩra itina igĩrĩ, o rũmwe rũkorwo rũrĩ rungu rwa kahocio.","You shall make forty sockets of silver under the twenty boards; two sockets under one board for its two tenons, and two sockets under another board for its two tenons."
Exodus 26:20,"Ningĩ mwena ũcio ũngĩ, mwena wa gathigathini wa hema ĩyo nyamũre, thondeka mbaũ mĩrongo ĩĩrĩ","For the second side of the tabernacle, on the north side, twenty boards,"
Exodus 26:21,na itina mĩrongo ĩna cia betha o igĩrĩ igaikarĩrwo nĩ rũbaũ rũmwe.,"and their forty sockets of silver; two sockets under one board, and two sockets under another board."
Exodus 26:22,"Thondeka mbaũ ithathatũ cia mwena wa na thuutha, nĩguo mwena wa mũthia wa ithũĩro wa hema ĩyo nyamũre,",For the far side of the tabernacle westward you shall make six boards.
Exodus 26:23,na ũthondeke mbaũ igĩrĩ cia koine cia mwena wa na thuutha.,You shall make two boards for the corners of the tabernacle in the far side.
Exodus 26:24,"Koine-inĩ icio cierĩ no nginya ikorwo irĩ mbaũ igĩrĩ igĩrĩ kuuma thĩ nginya igũrũ, na ciohanio na mũrĩnga ũmwe; koine cierĩ igakorwo itariĩ ũguo.","They shall be double beneath, and in the same way they shall be whole to its top to one ring: thus shall it be for them both; they shall be for the two corners."
Exodus 26:25,"Nĩ ũndũ ũcio hegũkorwo na mbaũ inyanya, na itina ikũmi na ithathatũ cia betha, o igĩrĩ igaikarĩrwo nĩ rũbaũ rũmwe.","There shall be eight boards, and their sockets of silver, sixteen sockets; two sockets under one board, and two sockets under another board."
Exodus 26:26,"“Ningĩ ũthondeke mĩgamba ya mbaũ cia mũgaa: ĩtano yayo nĩ ũndũ wa mbaũ cia mwena ũmwe wa hema ĩyo nyamũre,","“You shall make bars of acacia wood: five for the boards of the one side of the tabernacle,"
Exodus 26:27,"na ĩtano nĩ ũndũ wa mbaũ cia mwena ũcio ũngĩ, na ĩtano nĩ ũndũ wa mbaũ cia mwena wa ithũĩro mũthia-inĩ ũrĩa wa na thuutha wa hema ĩyo nyamũre.","and five bars for the boards of the other side of the tabernacle, and five bars for the boards of the side of the tabernacle, for the far side westward."
Exodus 26:28,"Mũgamba wa gatagatĩ uume mũthia ũmwe nginya ũrĩa ũngĩ, ũgereire gatagatĩ ka mbaũ icio.",The middle bar in the middle of the boards shall pass through from end to end.
Exodus 26:29,"Gemia mbaũ icio na thahabu, na ũthondeke mĩrĩnga ya thahabu ya kũnyiitĩrĩra mĩgamba ĩyo. O nayo mĩgamba ĩyo nĩĩgemio na thahabu.","You shall overlay the boards with gold, and make their rings of gold for places for the bars. You shall overlay the bars with gold."
Exodus 26:30,“Aka hema ĩyo nyamũre kũringana na mũhianĩre ũrĩa wonirio rĩrĩa warĩ kĩrĩma-inĩ.,You shall set up the tabernacle according to the way that it was shown to you on the mountain.
Exodus 26:31,"“Tuma gĩtambaya gĩa gũcuurio kĩa ndigi cia rangi wa bururu, na cia rangi wa ndathi na cia rangi mũtune ta gakarakũ, na cia gatani ĩrĩa yogothetwo wega na ĩkagemio na makerubi nĩ mũbundi mũũgĩ.","“You shall make a veil of blue, and purple, and scarlet, and fine twined linen, with cherubim. It shall be the work of a skillful workman."
Exodus 26:32,"Cuuria gĩtambaya kĩu na tũcuurio twa thahabu ikĩngĩ-inĩ inya cia mũgaa iria igemetio na thahabu, na ikarũgama igũrũ rĩa njikarĩro inya cia betha.","You shall hang it on four pillars of acacia overlaid with gold; their hooks shall be of gold, on four sockets of silver."
Exodus 26:33,"Cuuria gĩtambaya kĩu gĩa gũcuurio na ngathĩka, na ũcooke ũige ithandũkũ rĩa Ũira thuutha wa gĩtambaya kĩu gĩa gũcuurio. Gĩtambaya kĩu gĩa gũcuurio kĩhakanie Handũ-harĩa-Hatheru na Handũ-harĩa-Hatheru-Mũno.§","You shall hang up the veil under the clasps, and shall bring the ark of the covenant in there within the veil. The veil shall separate the holy place from the most holy for you."
Exodus 26:34,Igĩrĩra gĩtĩ gĩa tha igũrũ rĩa ithandũkũ rĩa Ũira thĩinĩ wa Handũ-harĩa-Hatheru-Mũno.,You shall put the mercy seat on the ark of the covenant in the most holy place.
Exodus 26:35,"Iga metha nja ya gĩtambaya kĩu gĩa gũcuurio mwena wa gathigathini wa hema ĩyo nyamũre, naguo mũtĩ wa kũigĩrĩra matawa ũũige mwena wa gũthini ũngʼethanĩre na metha ĩyo.","You shall set the table outside the veil, and the lamp stand opposite the table on the side of the tabernacle toward the south. You shall put the table on the north side."
Exodus 26:36,"“Itoonyero-inĩ rĩa hema, thondeka gĩtambaya gĩa gũcuurio kĩa rangi wa bururu, na rangi wa ndathi, na rangi mũtune ta gakarakũ, na gatani ĩrĩa yogothetwo wega, kĩgemetio nĩ mũgemia mũũgĩ.","“You shall make a screen for the door of the Tent, of blue, and purple, and scarlet, and fine twined linen, the work of the embroiderer."
Exodus 26:37,Thondekera gĩtambaya kĩu gĩa gũcuurio tũcuurio twa thahabu na itugĩ ithano cia mũgaa igemetio na thahabu. Na ũcitwekerie itina ithano cia gĩcango.,"You shall make for the screen five pillars of acacia, and overlay them with gold. Their hooks shall be of gold. You shall cast five sockets of bronze for them."
Exodus 27:1,"“Aka kĩgongona na mbaũ cia mũgaa, kĩa mĩkono ĩtatũ* kũraiha na igũrũ; gĩkorwo kĩiganaine mĩena yothe, mĩkono ĩtano† kũraiha na mĩkono ĩtano kwarama.","“You shall make the altar of acacia wood, five cubits† long, and five cubits wide. The altar shall be square. Its height shall be three cubits.‡"
Exodus 27:2,"Thondeka hĩa inya, o rũmwe koine- inĩ ĩmwe ya kĩgongona, nĩgeetha hĩa icio na kĩgongona ikorwo irĩ kĩndũ kĩmwe, nakĩo kĩgongona kĩu ũkĩgemie na gĩcango.",You shall make its horns on its four corners. Its horns shall be of one piece with it. You shall overlay it with bronze.
Exodus 27:3,"Thondeka indo ciothe cia kĩgongona irĩ cia gĩcango, ũgĩthondekere nyũngũ cia kũrutaga mũhu, na icakũri na mbakũri cia gwĩkĩrwo thakame ya kũminjaminja, na njibe cia kũnyiita nyama, na ngĩo cia mwaki.","You shall make its pots to take away its ashes; and its shovels, its basins, its meat hooks, and its fire pans. You shall make all its vessels of bronze."
Exodus 27:4,"Thondekera kĩgongona kĩu gĩtara, na ningĩ ũthondeke mũkwa wa gĩcango, na ũthondeke mĩrĩnga ya gĩcango, o ũmwe wĩkĩrwo koine-inĩ iria inya cia mũkwa ũcio.",You shall make a grating for it of network of bronze. On the net you shall make four bronze rings in its four corners.
Exodus 27:5,Ũige gĩtara kĩu rungu wa muoho wa kĩgongona nĩgeetha rũkinye nuthu ya ũraihu wa kĩgongona.,"You shall put it under the ledge around the altar beneath, that the net may reach halfway up the altar."
Exodus 27:6,Thondeka itugĩ cia mũgaa nĩ ũndũ wa kĩgongona na ũcigemie na gĩcango.,"You shall make poles for the altar, poles of acacia wood, and overlay them with bronze."
Exodus 27:7,Itugĩ icio itoonyio mĩrĩnga-inĩ ĩyo nĩgeetha ĩgakoragwo ĩikarĩire mĩena-inĩ yeerĩ ya kĩgongona hĩndĩ ya gũgĩkuua.,"Its poles shall be put into the rings, and the poles shall be on the two sides of the altar when carrying it."
Exodus 27:8,Thondeka kĩgongona kĩu na mbaũ nĩguo kĩgĩe na irima gatagatĩ. Ũgĩthondeke o ta ũrĩa wonirio rĩrĩa warĩ kĩrĩma-inĩ.,You shall make it hollow with planks. They shall make it as it has been shown you on the mountain.
Exodus 27:9,"“Thondeka nja ya hema ĩrĩa nyamũre; mwena wa gũthini ũkorwo ũrĩ wa mĩkono igana‡ kũraiha na ũgĩe na itambaya cia gũcuurio cia gatani ũrĩa mwogothe wega,",“You shall make the court of the tabernacle: for the south side southward there shall be hangings for the court of fine twined linen one hundred cubits long for one side.
Exodus 27:10,"ũkorwo na itugĩ mĩrongo ĩĩrĩ na itina mĩrongo ĩĩrĩ cia gĩcango, irĩ na tũcuurio na tũmĩkwa twa betha itugĩ-inĩ.","Its pillars shall be twenty, and their sockets twenty, of bronze. The hooks of the pillars and their fillets shall be of silver."
Exodus 27:11,"Mwena wa gathigathini o naguo ũkorwo ũrĩ na mĩkono igana kũraiha na ũgĩe na itambaya cia gũcuurio, ũgĩe na itugĩ mĩrongo ĩĩrĩ na itina mĩrongo ĩĩrĩ cia gĩcango, irĩ na tũcuurio na tũmĩkwa twa betha itugĩ-inĩ.","Likewise for the length of the north side, there shall be hangings one hundred cubits long, and its pillars twenty, and their sockets twenty, of bronze; the hooks of the pillars, and their fillets, of silver."
Exodus 27:12,“Mwena wa ithũĩro wa nja ĩyo ũkorwo ũrĩ wa mĩkono mĩrongo ĩtano§ kwarama na ũgĩe na itambaya cia gũcuurio na itugĩ ikũmi na itina ikũmi.,"For the width of the court on the west side shall be hangings of fifty cubits; their pillars ten, and their sockets ten."
Exodus 27:13,"Mwena wa irathĩro, kwerekera kũrĩa riũa rĩrathagĩra, nja ĩyo ĩkorwo ĩrĩ ya wariĩ wa mĩkono mĩrongo ĩtano.",The width of the court on the east side eastward shall be fifty cubits.
Exodus 27:14,"Itambaya cia gũcuurio ikorwo irĩ cia ũraihu wa mĩkono ikũmi na ĩtano* na ikorwo irĩ mwena ũmwe wa itoonyero rĩa nja ĩyo, na ikorwo na itugĩ ithatũ na itina ithatũ,","The hangings for the one side of the gate shall be fifteen cubits; their pillars three, and their sockets three."
Exodus 27:15,"na itambaya ingĩ cia gũcuurio cia ũraihu wa mĩkono ikũmi na ĩtano ikorwo mwena ũcio ũngĩ wa itoonyero, na ikorwo irĩ na itugĩ ithatũ na itina ithatũ.","For the other side shall be hangings of fifteen cubits; their pillars three, and their sockets three."
Exodus 27:16,"“Naguo ũhoro wa itoonyero rĩa nja ĩyo, wĩkĩre gĩtambaya gĩa gũcuurio gĩkorwo kĩrĩ kĩa ũraihu wa mĩkono mĩrongo ĩĩrĩ,† kĩa ndigi cia rangi wa bururu, na cia rangi wa ndathi, na cia rangi mũtune ta gakarakũ, na gatani ĩrĩa yogothetwo wega, wĩra wa mũgemia mũũgĩ, na gĩkorwo na itugĩ inya na itina inya.","For the gate of the court shall be a screen of twenty cubits, of blue, and purple, and scarlet, and fine twined linen, the work of the embroiderer; their pillars four, and their sockets four."
Exodus 27:17,"Itugĩ ciothe gũthiũrũrũkĩria nja ĩyo, igĩe na tũmĩkwa na tũcuurio twa betha na itina cia gĩcango.","All the pillars of the court around shall be filleted with silver; their hooks of silver, and their sockets of bronze."
Exodus 27:18,"Nja ĩyo ĩkorwo na ũraihu wa mĩkono igana,‡ na mĩkono mĩrongo ĩtano kwarama,§ na ĩkorwo na itambaya cia gũcuurio cia gatani yogothetwo wega ya mĩkono ĩtano kũraiha na igũrũ, na ĩrĩ na itina cia gĩcango.","The length of the court shall be one hundred cubits, and the width fifty throughout, and the height five cubits, of fine twined linen, and their sockets of bronze."
Exodus 27:19,"Indo iria ingĩ ciothe cia gũtũmĩrwo wĩra-inĩ wa hema ĩrĩa nyamũre, irĩ cia wĩra o na ũrĩkũ, o hamwe na higĩ cia kwamba hema na cia nja ciothe, nĩikorwo irĩ cia gĩcango.","All the instruments of the tabernacle in all its service, and all its pins, and all the pins of the court, shall be of bronze."
Exodus 27:20,"“Atha andũ a Isiraeli makũrehere maguta marĩa makeere wega ma ndamaiyũ hihe ma gũkũheaga ũtheri, nĩgeetha matawa maikarage maakanĩte.","“You shall command the children of Israel, that they bring to you pure olive oil beaten for the light, to cause a lamp to burn continually."
Exodus 27:21,"Thĩinĩ wa Hema-ya-Gũtũnganwo, nja ya gĩtambaya gĩa gũcuurio kĩrĩa kĩrĩ mbere ya ithandũkũ rĩa Ũira, Harũni na ariũ ake nĩmaigage matawa maakanĩte mbere ya Jehova kuuma hwaĩ-inĩ o nginya rũciinĩ. Ũndũ ũyũ ũtuĩke watho wa kũrũmagĩrĩrwo tene na tene thĩinĩ wa Isiraeli njiarwa-inĩ ciothe iria igooka.","In the Tent of Meeting, outside the veil which is before the covenant, Aaron and his sons shall keep it in order from evening to morning before Yahweh: it shall be a statute forever throughout their generations on the behalf of the children of Israel."
Exodus 28:1,"“Tũmanĩra Harũni mũrũ wa nyũkwa oke harĩwe kuuma gatagatĩ ka andũ a Isiraeli, hamwe na ariũ ake Nadabu na Abihu, na Eleazaru na Ithamaru, nĩgeetha mandungatagĩre marĩ athĩnjĩri-Ngai.","“Bring Aaron your brother, and his sons with him, near to you from among the children of Israel, that he may minister to me in the priest’s office: Aaron, with Nadab, Abihu, Eleazar, and Ithamar, Aaron’s sons."
Exodus 28:2,"Tumĩra Harũni mũrũ wa nyũkwa nguo nyamũre, cia kũmũnenehagia na kũmũtĩĩithagia.","You shall make holy garments for Aaron your brother, for glory and for beauty."
Exodus 28:3,"Arĩria mabundi marĩa marĩ na ũũgĩ wa gũtuma, nguo arĩa niĩ heete ũũgĩ maũndũ-inĩ ta macio, nĩguo matumĩre Harũni nguo cia kwĩhumba akĩamũrwo, nĩguo andungatagĩre arĩ mũthĩnjĩri-Ngai.","You shall speak to all who are wise-hearted, whom I have filled with the spirit of wisdom, that they make Aaron’s garments to sanctify him, that he may minister to me in the priest’s office."
Exodus 28:4,"Nacio ici nĩcio nguo iria megũtuma: gakuo ga gĩthũri, na ebodi, na nguo ndaaya, na kanjũ ya taama ngʼemie wega, na kĩremba, na mũcibi. Nguo ici nyamũre megũcitumĩra Harũni mũrũ wa nyũkwa na ariũ ake nĩguo mandungatagĩre marĩ athĩnjĩri-Ngai.","These are the garments which they shall make: a breastplate, an ephod, a robe, a fitted tunic, a turban, and a sash. They shall make holy garments for Aaron your brother and his sons, that he may minister to me in the priest’s office."
Exodus 28:5,"Nĩ mahũthĩre thahabu, na ndigi cia rangi wa bururu, na cia rangi wa ndathi, na cia rangi mũtune ta gakarakũ, hamwe na gatani ĩrĩa njega.","They shall use the gold, and the blue, and the purple, and the scarlet, and the fine linen."
Exodus 28:6,"“Tuma ebodi ya ndigi cia rangi wa thahabu na ndigi cia rangi wa bururu, na cia rangi wa ndathi na cia rangi mũtune ta gakarakũ na ya gatani ĩrĩa yogothetwo wega, wĩra wa mũbundi mũũgĩ.","“They shall make the ephod of gold, blue, purple, scarlet, and fine twined linen, the work of the skillful workman."
Exodus 28:7,"Nĩ wega ebodi ĩyo ĩgĩe na tũmĩkwa twĩrĩ twa kũmĩnyiitithanĩria ciande-inĩ, tũtumĩrĩirwo mĩthia-inĩ yeerĩ yayo nĩgeetha ndaamĩ ciayo cierĩ inyiitane.","It shall have two shoulder straps joined to the two ends of it, that it may be joined together."
Exodus 28:8,"Naguo mũcibi wayo wa njohero ũrĩa mũtume wega ũkorwo ũhaana tayo na ũrĩ wa gĩcunjĩ kĩmwe na ebodi ĩyo na ũthondeketwo na ndigi cia rangi wa thahabu, na ndigi cia rangi wa bururu, na cia rangi wa ndathi, na cia rangi mũtune ta gakarakũ, hamwe na gatani njogothe wega.","The skillfully woven band, which is on it, shall be like its work and of the same piece; of gold, blue, purple, scarlet, and fine twined linen."
Exodus 28:9,“Oya tũhiga twĩrĩ twa onigithi ũkurure marĩĩtwa ma ariũ a Isiraeli igũrũ rĩatuo,"You shall take two onyx stones, and engrave on them the names of the children of Israel."
Exodus 28:10,"marũmanĩrĩire ũrĩa maaciarirwo, ũkurure marĩĩtwa matandatũ kahiga-inĩ kamwe, na matandatũ kau kangĩ.","Six of their names on the one stone, and the names of the six that remain on the other stone, in the order of their birth."
Exodus 28:11,"Kurura marĩĩtwa ma ariũ a Isiraeli tũhiga-inĩ tũu twĩrĩ ta ũrĩa mũrengi wa tũhiga twa goro akururaga kahengere ga gwĩkĩra mũhũũri. Ũcooke ũtũtumĩrĩre tũkonyo-inĩ twa thahabu,","With the work of an engraver in stone, like the engravings of a signet, you shall engrave the two stones, according to the names of the children of Israel. You shall make them to be enclosed in settings of gold."
Exodus 28:12,"na ũtuoherere ndaamĩ-inĩ cia kĩande cia ebodi, tũrĩ tũhiga twa kĩririkania kĩa ariũ a Isiraeli. Harũni nĩarĩkuuaga marĩĩtwa macio ciande-inĩ ciake matuĩke kĩririkania mbere ya Jehova.","You shall put the two stones on the shoulder straps of the ephod, to be stones of memorial for the children of Israel. Aaron shall bear their names before Yahweh on his two shoulders for a memorial."
Exodus 28:13,Thondeka tũkonyo tũgemu twa thahabu,"You shall make settings of gold,"
Exodus 28:14,"na irengeeri igĩrĩ cia thahabu therie, ihaana ta mũkanda, nacio ũcinyiitithanie na tũkonyo tũu.",and two chains of pure gold; you shall make them like cords of braided work. You shall put the braided chains on the settings.
Exodus 28:15,"“Thondekithia gakuo ga gĩthũri ga gwĩkagĩrwo ituĩro-inĩ rĩa ciira, nako gatumwo nĩ mũtumi mũũgĩ. Gathondeke ta ebodi: karĩ ka ndigi cia rangi wa thahabu na ka ndigi cia rangi wa bururu, na cia rangi wa ndathi, na cia rangi mũtune ta gakarakũ na gatani ĩrĩa yogothetwo wega.","“You shall make a breastplate of judgment, the work of the skillful workman; like the work of the ephod you shall make it; of gold, of blue, and purple, and scarlet, and fine twined linen, you shall make it."
Exodus 28:16,"Gakuo kau gakorwo kaiganaine mĩena yothe ĩna inji kenda* kũraiha na inji kenda kwarama, na koinanĩrwo maita meerĩ.","It shall be square and folded double; a span† shall be its length, and a span its width."
Exodus 28:17,"Ũcooke ũgatumĩrĩre mĩhari ĩna ya tũhiga twa goro. Mũhari wa mbere hakorwo kahiga ka wakiki ũrĩa mũtune, na ka yakuti ĩrĩa ĩhaana ngoikoni, na ka baregethu;","You shall set in it settings of stones, four rows of stones: a row of ruby, topaz, and beryl shall be the first row;"
Exodus 28:18,"mũhari wa keerĩ ũtumĩrĩre kahiga ga thumarati, na ka yakuti ĩrĩa ya rangi wa bururu, na ka arimathi;","and the second row a turquoise, a sapphire,‡ and an emerald;"
Exodus 28:19,"mũhari wa gatatũ ũtumĩrĩre kahiga ka wakiki ũrĩa wa bururu, na ka yacimu, na ka amethuthito;","and the third row a jacinth, an agate, and an amethyst;"
Exodus 28:20,"naguo mũhari wa kana ũtumĩrĩrwo kahiga ga thumarati ĩrĩa theru, na ka onigithi, na ka njathibi. Ũtũtumĩrĩre tũkonyo- inĩ tũgemu twa thahabu.","and the fourth row a chrysolite, an onyx, and a jasper. They shall be enclosed in gold in their settings."
Exodus 28:21,"Hagĩkorwo harĩ na tũhiga ikũmi na twĩrĩ, o kamwe karũgamĩrĩre marĩĩtwa ma ariũ a Isiraeli, o kamwe gakururwo rĩĩtwa rĩa mũhĩrĩga ũmwe wa ĩrĩa ikũmi na ĩĩrĩ ya Isiraeli, o ta ũrĩa kahengere ka mũhũũri gakururagwo.","The stones shall be according to the names of the children of Israel, twelve, according to their names; like the engravings of a signet, everyone according to his name, they shall be for the twelve tribes."
Exodus 28:22,“Thondekera gakuo kau ga gĩthũri irengeeri njogothe cia thahabu therie ihaana ta mũkanda.,"You shall make on the breastplate chains like cords, of braided work of pure gold."
Exodus 28:23,"Gathondekere mĩrĩnga ĩĩrĩ ya thahabu, ũmĩoherere mĩthia-inĩ ĩĩrĩ ya gakuo kau ga gĩthũri.","You shall make on the breastplate two rings of gold, and shall put the two rings on the two ends of the breastplate."
Exodus 28:24,"Ohania irengeeri igĩrĩ cia thahabu mĩrĩnga-inĩ hau mĩthia-inĩ ya gakuo ga gĩthũri,",You shall put the two braided chains of gold in the two rings at the ends of the breastplate.
Exodus 28:25,"nayo mĩthia ĩrĩa ĩngĩ ya irengeeri yohithanio na tũkonyo tũrĩa twĩrĩ, ũmĩnyiitithanie na ndaamĩ cia kĩande cia ebodi mwena wa na mbere.","The other two ends of the two braided chains you shall put on the two settings, and put them on the shoulder straps of the ephod in its forepart."
Exodus 28:26,Thondeka mĩrĩnga ĩĩrĩ ya thahabu ũmĩnyiitithanie na mĩthia ĩrĩa ĩngĩ ĩĩrĩ ya gakuo ga gĩthũri mwena wa na thĩinĩ kũrigania na ebodi.,"You shall make two rings of gold, and you shall put them on the two ends of the breastplate, on its edge, which is toward the side of the ephod inward."
Exodus 28:27,"Thondeka mĩrĩnga ĩngĩ ĩĩrĩ ya thahabu na ũmĩnyiitithanie magũrũ-inĩ ma ndaamĩ cia kĩande mwena-inĩ wa mbere wa ebodi, hakuhĩ na rũtumo, igũrũ hanini wa mũcibi wa njohero ya ebodi.","You shall make two rings of gold, and shall put them on the two shoulder straps of the ephod underneath, in its forepart, close by its coupling, above the skillfully woven band of the ephod."
Exodus 28:28,"Mĩrĩnga ya gakuo ga gĩthũri ĩrĩohithanagio na mĩrĩnga ya ebodi na rũrigi rwa bururu, na inyiitithanio na mũcibi wa njohero, nĩgeetha gakuo ga gĩthũri gatikarekanie na ebodi.","They shall bind the breastplate by its rings to the rings of the ephod with a lace of blue, that it may be on the skillfully woven band of the ephod, and that the breastplate may not swing out from the ephod."
Exodus 28:29,"“Rĩrĩa rĩothe Harũni arĩĩtoonyaga Handũ-harĩa-Hatheru, arĩkuuaga marĩĩtwa ma ariũ a Isiraeli marĩ gĩthũri-inĩ gĩake gakuo-inĩ ga gĩthũri ga ituĩro rĩa ciira, arĩ kĩririkania gĩa gũtũũra mbere ya Jehova.","Aaron shall bear the names of the children of Israel in the breastplate of judgment on his heart, when he goes in to the holy place, for a memorial before Yahweh continually."
Exodus 28:30,"Ningĩ wĩkĩre Urimu na Thumimu† thĩinĩ wa gakuo kau ga gĩthũri, nĩgeetha ciikarage gĩthũri-inĩ kĩa Harũni rĩrĩa rĩothe arĩĩtoonyaga agathiĩ mbere ya Jehova. Ũguo nĩguo Harũni arĩkuuaga ũhoti wa gũtuagĩra andũ a Isiraeli ciira gĩthũri-inĩ gĩake arĩ mbere ya Jehova.","You shall put in the breastplate of judgment the Urim and the Thummim; and they shall be on Aaron’s heart, when he goes in before Yahweh. Aaron shall bear the judgment of the children of Israel on his heart before Yahweh continually."
Exodus 28:31,"“Tuma nguo ndaaya ya ebodi ya taama wa bururu mũtheri,",“You shall make the robe of the ephod all of blue.
Exodus 28:32,"na ĩkorwo na harũkĩrio ya mũtwe gatagatĩ kayo. Ĩkorwo ĩtirihĩtwo mĩthia-inĩ ta kara ya ngingo gũthiũrũrũkĩria iharũkĩrio rĩu rĩa mũtwe, nĩgeetha ndĩgatarũke.","It shall have a hole for the head in the middle of it. It shall have a binding of woven work around its hole, as it were the hole of a coat of mail, that it not be torn."
Exodus 28:33,"Thondeka tũcunjuura tũtariĩ ta matunda ma makomamanga twa ndigi cia rangi wa bururu, na rangi wa ndathi, na rangi mũtune ta gakarakũ gũthiũrũrũka rũtumo rwa magũrũ-inĩ rwa nguo ĩyo, tũhakanĩtio na ngengere cia thahabu.","On its hem you shall make pomegranates of blue, and of purple, and of scarlet, all around its hem; with bells of gold between and around them:"
Exodus 28:34,Ngengere cia thahabu na makomamanga macio mathiĩ mahakanĩtio gũthiũrũrũka rũtumo rwa magũrũ-inĩ rwa nguo ĩyo ndaaya.,"a golden bell and a pomegranate, a golden bell and a pomegranate, around the hem of the robe."
Exodus 28:35,"Harũni no nginya ehumbage nguo ĩyo hĩndĩ ciothe rĩrĩa egũtungata. Ngengere nĩirĩiguagwo ikĩgamba rĩrĩa egũtoonya Handũ-harĩa-Hatheru o hau mbere ya Jehova na rĩrĩa ekuuma ho, nĩgeetha ndagakue.","It shall be on Aaron to minister: and its sound shall be heard when he goes in to the holy place before Yahweh, and when he comes out, that he not die."
Exodus 28:36,"“Thondeka gatanji ga thahabu therie, na ũgakurure ta ũrĩa mũhũũri ũkururagwo, ũkurure ciugo ici: MŨTHERU MWAMŨRĨRE JEHOVA.","“You shall make a plate of pure gold, and engrave on it, like the engravings of a signet, ‘HOLY TO YAHWEH.’"
Exodus 28:37,"Koherere rũrigi rwa rangi wa bururu nĩguo ũkanyiitithanie na kĩremba, gakorwo karĩ mwena wa mbere wa kĩremba.","You shall put it on a lace of blue, and it shall be on the sash. It shall be on the front of the sash."
Exodus 28:38,"Karĩkoragwo karĩ thiithi-inĩ wa Harũni, nake agakuuaga mahĩtia makoniĩ iheo iria theru, iria andũ a Isiraeli mangĩkorwo mamũrĩire Jehova, o na irĩ cia mũthemba o na ũrĩkũ. Gatanji kau gakoragwo karĩ thiithi-inĩ wa Harũni hĩndĩ ciothe nĩgeetha magetĩkĩrĩkaga nĩ Jehova.","It shall be on Aaron’s forehead, and Aaron shall bear the iniquity of the holy things, which the children of Israel shall make holy in all their holy gifts; and it shall be always on his forehead, that they may be accepted before Yahweh."
Exodus 28:39,"“Kanjũ nĩĩtumwo ĩrĩ ya gatani ĩrĩa njega mũno, o na ũtume kĩremba na gatani ĩrĩa njega mũno. Mũcibi ũtumwo nĩ mũgemia ũrĩa mũũgĩ na wĩra ũcio.","You shall weave the tunic with fine linen. You shall make a turban of fine linen. You shall make a sash, the work of the embroiderer."
Exodus 28:40,"Tumĩra ariũ a Harũni kanjũ, na mĩcibi, na tũmĩcibi twa kĩongo, cia gũtũma manenehagio na maheagwo gĩtĩĩo.","“You shall make tunics for Aaron’s sons. You shall make sashes for them. You shall make headbands for them, for glory and for beauty."
Exodus 28:41,"Warĩkia kũhumba mũrũ wa nyũkwa na ariũ ake nguo icio-rĩ, ũmaitĩrĩrie maguta na ũmaamũre. Ũmaamũre nĩgeetha mandungatagĩre marĩ athĩnjĩri-Ngai.","You shall put them on Aaron your brother, and on his sons with him, and shall anoint them, and consecrate them, and sanctify them, that they may minister to me in the priest’s office."
Exodus 28:42,"“Matumithĩrie thuruarĩ cia thĩinĩ cia gatani, cia kũhumbĩra njaga ya mĩĩrĩ yao kuuma njohero nginya ciero-inĩ.",You shall make them linen pants to cover their naked flesh. They shall reach from the waist even to the thighs.
Exodus 28:43,"Harũni na ariũ ake no nginya maciĩhumbage rĩrĩa rĩothe marĩtoonyaga Hema- ya-Gũtũnganwo kana magĩthengerera kĩgongona marutĩre wĩra Handũ-harĩa-Hatheru nĩgeetha matikahĩtie, nao makue. “Ũyũ nĩũtuĩke watho wa kũrũmagĩrĩrwo tene na tene nĩ Harũni na njiaro ciake.","They shall be on Aaron and on his sons, when they go in to the Tent of Meeting, or when they come near to the altar to minister in the holy place, that they don’t bear iniquity, and die. This shall be a statute forever to him and to his offspring after him."
Exodus 29:1,"“Na rĩrĩ, ũũ nĩguo ũgwĩka nĩgeetha wamũre Harũni na ariũ ake, nĩguo mandungatagĩre marĩ athĩnjĩri-Ngai: Oya gategwa kamwe na ndũrũme igĩrĩ itarĩ kaũũgũ.","“This is the thing that you shall do to them to make them holy, to minister to me in the priest’s office: take one young bull and two rams without defect,"
Exodus 29:2,"Na kuuma mũtu-inĩ mũhinyu mũno wa ngano ũtarĩ ndawa ya kũimbia, ũthondeke mĩgate na keki itukanĩtio na maguta na tũmĩgate tũhũthũ tũhakĩtwo maguta.","unleavened bread, unleavened cakes mixed with oil, and unleavened wafers anointed with oil. You shall make them of fine wheat flour."
Exodus 29:3,Ĩkĩra indo icio gĩkabũ-inĩ na ũcinenganĩre ũguo hamwe na ndegwa ĩyo na ndũrũme icio cierĩ.,"You shall put them into one basket, and bring them in the basket, with the bull and the two rams."
Exodus 29:4,"Ũcooke ũrehe Harũni na ariũ ake itoonyero-inĩ rĩa Hema-ya-Gũtũnganwo, ũmathambie na maaĩ.","You shall bring Aaron and his sons to the door of the Tent of Meeting, and shall wash them with water."
Exodus 29:5,"Oya nguo icio, ũhumbe Harũni kanjũ, na nguo ndaaya ya ebodi, na ebodi yo nyene na gakuo ga gĩthũri. Muohe ebodi na mũcibi wayo wa njohero ũrĩa mũtume wega.","You shall take the garments, and put on Aaron the tunic, the robe of the ephod, the ephod, and the breastplate, and clothe him with the skillfully woven band of the ephod."
Exodus 29:6,"Mwĩkĩre kĩremba mũtwe, nako gatanji karĩa kaamũre ũgekĩre kĩremba-inĩ kĩu.","You shall set the turban on his head, and put the holy crown on the turban."
Exodus 29:7,Oya maguta ma gũitanĩrĩrio ũmũitĩrĩrie mũtwe ũmwamũre.,"Then you shall take the anointing oil, and pour it on his head, and anoint him."
Exodus 29:8,"Rehe ariũ ake na ũmahumbe kanjũ,","You shall bring his sons, and put tunics on them."
Exodus 29:9,na ũmoohe tũmĩcibi twa mũtwe. Ningĩ wohe Harũni na ariũ ake mĩcibi. Ũthĩnjĩri-Ngai nĩ wao ũrĩ watho wa kũrũmagĩrĩrwo tene na tene. Ũguo nĩguo ũkaamũra Harũni na ariũ ake.,"You shall clothe them with belts, Aaron and his sons, and bind headbands on them. They shall have the priesthood by a perpetual statute. You shall consecrate Aaron and his sons."
Exodus 29:10,"“Rehe ndegwa ĩyo mwena wa mbere wa Hema-ya-Gũtũnganwo, nake Harũni na ariũ ake mĩigĩrĩre moko mao mũtwe wayo.",“You shall bring the bull before the Tent of Meeting; and Aaron and his sons shall lay their hands on the head of the bull.
Exodus 29:11,Ũcooke ũmĩthĩnjĩre mbere ya Jehova o hau itoonyero-inĩ rĩa Hema-ya- Gũtũnganwo.,You shall kill the bull before Yahweh at the door of the Tent of Meeting.
Exodus 29:12,"Ningĩ woe thakame ĩmwe ya ndegwa ĩyo, ũmĩhake hĩa cia kĩgongona na kĩara gĩaku, ĩyo ĩngĩ ũmĩite gĩtina-inĩ gĩa kĩgongona.","You shall take of the blood of the bull, and put it on the horns of the altar with your finger; and you shall pour out all the blood at the base of the altar."
Exodus 29:13,"Ningĩ woe maguta mothe marĩa mahumbĩire nyama cia nda, na marĩa mahumbĩire ini, na higo cierĩ na maguta ma cio ũmacinĩre hau kĩgongona-inĩ.","You shall take all the fat that covers the innards, the cover of the liver, the two kidneys, and the fat that is on them, and burn them on the altar."
Exodus 29:14,No nyama cia ndegwa ĩyo hamwe na rũũa na mahu ũcicinĩre nja ya kambĩ. Rĩu nĩ iruta rĩa mehia.,"But the meat of the bull, and its skin, and its dung, you shall burn with fire outside of the camp. It is a sin offering."
Exodus 29:15,“Oya ndũrũme ĩmwe nake Harũni na ariũ ake mamĩigĩrĩre moko mao mũtwe igũrũ wayo.,"“You shall also take the one ram, and Aaron and his sons shall lay their hands on the head of the ram."
Exodus 29:16,"Mĩthĩnje na woe thakame, ũmĩminjaminjĩrie kĩgongona mĩena yothe.","You shall kill the ram, and you shall take its blood, and sprinkle it around on the altar."
Exodus 29:17,"Tinangia ndũrũme tũcunjĩ, naũthambienyamacianda, namagũrũmayo, ũciigehamwenamũtwenatũcunjĩtũutũngĩ.","You shall cut the ram into its pieces, and wash its innards, and its legs, and put them with its pieces, and with its head."
Exodus 29:18,"Ũcooke ũcinĩre ndũrũme ĩyo yothe igũrũ wa kĩgongona. Rĩu nĩ iruta rĩa njino rĩa kũrutĩra Jehova, rĩrĩ mũtararĩko mwega rĩrutĩirwo Jehova, rĩrĩ iruta rĩrutĩirwo Jehova rĩa gũcinwo na mwaki.","You shall burn the whole ram on the altar: it is a burnt offering to Yahweh; it is a pleasant aroma, an offering made by fire to Yahweh."
Exodus 29:19,"“Oya ndũrũme ĩyo ĩngĩ, nake Harũni na ariũ ake mamĩigĩrĩre moko mao mũtwe.","“You shall take the other ram, and Aaron and his sons shall lay their hands on the head of the ram."
Exodus 29:20,"Mĩthĩnje, woe thakame ĩmwe yayo ũmĩhake moni cia matũ ma ũrĩo ma Harũni na ariũ ake o na ciara iria nene cia moko mao ma ũrĩo, na ciara iria nene cia magũrũ mao ma ũrĩo. Ũcooke ũminjaminjĩrie kĩgongona thakame mĩena yothe.","Then you shall kill the ram, and take some of its blood, and put it on the tip of the right ear of Aaron, and on the tip of the right ear of his sons, and on the thumb of their right hand, and on the big toe of their right foot; and sprinkle the blood around on the altar."
Exodus 29:21,"Na woe thakame ĩmwe kuuma kĩgongona-inĩ na maguta ma gũitanĩrĩrio ũciminjaminjĩrie Harũni na nguo ciake, na ariũ ake na nguo ciao. Hĩndĩ ĩyo Harũni na ariũ ake hamwe na nguo ciao nĩmagatuĩka aamũre.","You shall take of the blood that is on the altar, and of the anointing oil, and sprinkle it on Aaron, and on his garments, and on his sons, and on the garments of his sons with him: and he shall be made holy, and his garments, and his sons, and his sons’ garments with him."
Exodus 29:22,"“Oya maguta mamwe ma ndũrũme ĩyo, maguta ma mũtingʼoe ũrĩa mũnoru, na maguta marĩa mahumbĩire nyama cia nda, na maguta marĩa mahumbĩire ini, na higo cierĩ na maguta ma cio, na kĩero kĩa mwena wa ũrĩo. (Ĩyo nĩyo ndũrũme ya igongona rĩa kwamũrana.)","Also you shall take some of the ram’s fat, the fat tail, the fat that covers the innards, the cover of the liver, the two kidneys, the fat that is on them, and the right thigh (for it is a ram of consecration),"
Exodus 29:23,"Kuuma gĩkabũ- inĩ kĩa mĩgate ĩtarĩ mĩĩkĩre ndawa ya kũimbia kĩrĩa kĩrĩ mbere ya Jehova, oya mũgate ũmwe na keki ĩthondeketwo na maguta, na woe kamũgate kahũthũ.","and one loaf of bread, one cake of oiled bread, and one wafer out of the basket of unleavened bread that is before Yahweh."
Exodus 29:24,"Indo ici ciothe cineane moko-inĩ ma Harũni na ariũ ake, ũcooke ũcithũngũthie mbere ya Jehova ĩrĩ Igongona rĩa gũthũngũthio.","You shall put all of this in Aaron’s hands, and in his sons’ hands, and shall wave them for a wave offering before Yahweh."
Exodus 29:25,"Ningĩ ũcooke woe indo icio kuuma moko-inĩ mao, ũcicinĩre kĩgongona-inĩ igũrũ hamwe na iruta rĩa njino, ituĩke mũtararĩko mwega harĩ Jehova, rĩrĩ iruta rĩrutĩirwo Jehova rĩa gũcinwo na mwaki.","You shall take them from their hands, and burn them on the altar on the burnt offering, for a pleasant aroma before Yahweh: it is an offering made by fire to Yahweh."
Exodus 29:26,"Warĩkia kũruta gĩthũri kĩa ndũrũme ĩyo ya kĩamũrano kĩa Harũni, gĩthũngũthie mbere ya Jehova rĩrĩ iruta rĩa gũthũngũthio, nakĩo gĩtuĩke rwĩga rwaku.","“You shall take the breast of Aaron’s ram of consecration, and wave it for a wave offering before Yahweh. It shall be your portion."
Exodus 29:27,“Amũra icunjĩ cia ndũrũme ĩyo ya kĩamũrano iria irĩ cia Harũni na ariũ ake nacio nĩ: gĩthũri kĩrĩa gĩathũngũthĩtio na kĩero kĩrĩa kĩaheanĩtwo.,"You shall sanctify the breast of the wave offering and the thigh of the wave offering, which is waved, and which is raised up, of the ram of consecration, even of that which is for Aaron, and of that which is for his sons."
Exodus 29:28,Indo icio ituĩke rwĩga rwa kũheagwo Harũni na ariũ ake nĩ andũ a Isiraeli hĩndĩ ciothe. Nĩrĩo iruta rĩrĩa andũ a Isiraeli marĩrutagĩra Jehova kuuma maruta-inĩ ma ũiguano.,"It shall be for Aaron and his sons as their portion forever from the children of Israel; for it is a wave offering. It shall be a wave offering from the children of Israel of the sacrifices of their peace offerings, even their wave offering to Yahweh."
Exodus 29:29,"“Nguo iria nyamũre cia Harũni igũtuĩka cia njiaro ciake, nĩgeetha magaitagĩrĩrio maguta na makaamũragwo maciĩhumbĩte.","“The holy garments of Aaron shall be for his sons after him, to be anointed in them, and to be consecrated in them."
Exodus 29:30,"Mũriũ ũrĩa ũkamũgaya atuĩke mũthĩnjĩri-Ngai na oke gũtungata thĩinĩ wa Handũ-Harĩa-Hatheru, Hema-inĩ-ya-Gũtũnganwo arĩĩhumbaga nguo icio mĩthenya mũg- wanja.","Seven days shall the son who is priest in his place put them on, when he comes into the Tent of Meeting to minister in the holy place."
Exodus 29:31,“Oya ndũrũme ĩyo ya kĩamũrano nacio nyama ciayo ũcirugĩre handũ harĩa hatheru.,“You shall take the ram of consecration and boil its meat in a holy place.
Exodus 29:32,Harũni na ariũ ake marĩrĩagĩra nyama cia ndũrũme ĩyo na mĩgate kuuma gĩkabũ-inĩ o hau itoonyero-inĩ rĩa Hema-ya-Gũtũnganwo.,"Aaron and his sons shall eat the meat of the ram, and the bread that is in the basket, at the door of the Tent of Meeting."
Exodus 29:33,"Nĩmarĩrĩĩaga indo icio irutĩtwo cia horohio nĩ ũndũ wa kwamũrwo kwao na gũtherio. No itikanarĩĩo nĩ mũndũ ũngĩ, nĩ ũndũ nĩ theru.","They shall eat those things with which atonement was made, to consecrate and sanctify them; but a stranger shall not eat of it, because they are holy."
Exodus 29:34,"Na rĩrĩ, nyama cia ndũrũme ĩyo ya kĩamũrano kana mĩgate ingĩtigara nginya rũciinĩ-rĩ, nĩicinwo. Itikanarĩĩo tondũ nĩ theru.","If anything of the meat of the consecration, or of the bread, remains to the morning, then you shall burn the remainder with fire. It shall not be eaten, because it is holy."
Exodus 29:35,"“Ĩka Harũni na ariũ ake maũndũ mothe marĩa ngwathĩte, na ũniine mĩthenya mũgwanja ũkĩmaamũra.","“You shall do so to Aaron and to his sons, according to all that I have commanded you. You shall consecrate them seven days."
Exodus 29:36,"Rutagai ndegwa ĩmwe o mũthenya, ĩrĩ iruta rĩa mehia rĩa kũhorohanĩria. Theria kĩgongona na ũndũ wa gũkĩhoroheria na gũgĩitĩrĩria maguta, ũkĩamũre.","Every day you shall offer the bull of sin offering for atonement. You shall cleanse the altar when you make atonement for it. You shall anoint it, to sanctify it."
Exodus 29:37,"Gĩa na horohio ya kĩgongona mĩthenya mũgwanja ya gũkĩamũra. Thuutha ũcio kĩgongona kĩu nĩgĩgũtuĩka gĩtheru mũno, nakĩo kĩrĩa gĩothe kĩrĩkĩhutagia kĩrĩtuĩkaga gĩtheru.","Seven days you shall make atonement for the altar, and sanctify it; and the altar shall be most holy. Whatever touches the altar shall be holy."
Exodus 29:38,"“Gĩkĩ nĩkĩo kĩndũ kĩrĩa ũrĩĩrutaga hĩndĩ ciothe kĩgongona-inĩ o mũthenya: tũtũrũme twĩrĩ, o kamwe ka ũkũrũ wa mwaka ũmwe.",“Now this is that which you shall offer on the altar: two lambs a year old day by day continually.
Exodus 29:39,Gatũrũme kamwe gakarutwo rũciinĩ na karĩa kangĩ hwaĩ-inĩ kũrĩ mairia.,The one lamb you shall offer in the morning; and the other lamb you shall offer at evening;
Exodus 29:40,"Gatũrũme ka mbere gakarutanagĩrio na mũtu mũhinyu mũno gĩcunjĩ gĩa ikũmi kĩa eba* ũtukanĩtio na maguta ma mũtamaiyũ gacunjĩ ka inya ka hini ĩmwe† na ndibei gacunjĩ ka inya ka hini ĩmwe, irĩ kĩndũ gĩa kũnyuuo.","and with the one lamb a tenth part of an ephah† of fine flour mixed with the fourth part of a hin‡ of beaten oil, and the fourth part of a hin of wine for a drink offering."
Exodus 29:41,"Ruta gatũrũme kau kangĩ igongona hwaĩ-inĩ kũrĩ mairia, hamwe na iruta rĩa mũtu na rĩa kĩndũ gĩa kũnyuuo o ta cia rũciinĩ, arĩ guo mũtararĩko mwega, rĩrĩ iruta rĩrutĩirwo Jehova rĩa gũcinwo na mwaki.","The other lamb you shall offer at evening, and shall do to it according to the meal offering of the morning and according to its drink offering, for a pleasant aroma, an offering made by fire to Yahweh."
Exodus 29:42,"“Harĩ njiaro iria igooka, iruta rĩĩrĩ rĩa njino rĩkaarutagwo hĩndĩ ciothe itoonyero-inĩ rĩa Hema- ya-Gũtũnganwo mbere ya Jehova. Hau nĩho ndĩĩcemanagia nawe na njaragie nawe;","It shall be a continual burnt offering throughout your generations at the door of the Tent of Meeting before Yahweh, where I will meet with you, to speak there to you."
Exodus 29:43,"ningĩ hau no ho ndĩcemanagia na andũ a Isiraeli, naho nĩhakaamũrwo nĩ riiri wakwa.",There I will meet with the children of Israel; and the place shall be sanctified by my glory.
Exodus 29:44,“Nĩ ũndũ ũcio nĩngamũra Hema-ĩyo-ya-Gũtũnganwo na kĩgongona na nyamũre Harũni na ariũ ake mandungatagĩre marĩ athĩnjĩri-Ngai.,I will sanctify the Tent of Meeting and the altar. I will also sanctify Aaron and his sons to minister to me in the priest’s office.
Exodus 29:45,Ningĩ nĩngatũũrania na andũ a Isiraeli na nduĩke Ngai wao.,"I will dwell among the children of Israel, and will be their God."
Exodus 29:46,"Nĩmakamenya atĩ niĩ nĩ niĩ Jehova Ngai wao, ũrĩa wamarutire bũrũri wa Misiri nĩgeetha ndũũranagie nao. Niĩ nĩ niĩ Jehova Ngai wao.","They shall know that I am Yahweh their God, who brought them out of the land of Egypt, that I might dwell among them: I am Yahweh their God."
Exodus 30:1,“Thondeka kĩgongona kĩa mbaũ cia mũgaa gĩa gũcinagĩra ũbumba.,“You shall make an altar to burn incense on. You shall make it of acacia wood.
Exodus 30:2,"Nĩgĩkorwo kĩiganaine mĩena yothe mũkono ũmwe* kũraiha na mũkono ũmwe kwarama na mĩkono ĩĩrĩ† kũraiha na igũrũ, hĩa ciakĩo ituĩke kĩndũ o ro kĩmwe na kĩgongona.","Its length shall be a cubit,† and its width a cubit. It shall be square, and its height shall be two cubits. Its horns shall be of one piece with it."
Exodus 30:3,"Kĩgemie igũrũ, o na mĩena yothe, o na hĩa ciakĩo, na thahabu therie, na ũgĩtirihe na mũcibi wa thahabu ũgĩthiũrũrũkĩrie.","You shall overlay it with pure gold, its top, its sides around it, and its horns; and you shall make a gold molding around it."
Exodus 30:4,"Thondekera kĩgongona kĩu mĩrĩnga ĩĩrĩ, ũmĩoherere thĩ wa mũcibi ũcio, ĩĩrĩ mwena ũmwe, na ĩĩrĩ mwena ũrĩa ũngĩ ĩnyiitagĩrĩre mĩtĩ ĩrĩa mĩraaya ĩtũmagĩrwo gũgĩkuua.","You shall make two golden rings for it under its molding; on its two ribs, on its two sides you shall make them; and they shall be for places for poles with which to bear it."
Exodus 30:5,"Thondeka mĩtĩ mĩraaya ya mbaũ cia mũgaa, na ũmĩgemie na thahabu.","You shall make the poles of acacia wood, and overlay them with gold."
Exodus 30:6,"Iga kĩgongona kĩu mbere ya gĩtambaya gĩa gũcuurio kĩrĩa kĩrĩ mbere ya ithandũkũ rĩa Ũira, mbere ya gĩtĩ gĩa tha kĩrĩa kĩrĩ igũrũ rĩa ithandũkũ rĩa Ũira, harĩa ngaacemania nawe.","You shall put it before the veil that is by the ark of the covenant, before the mercy seat that is over the covenant, where I will meet with you."
Exodus 30:7,“Harũni no nginya acinĩre ũbumba mũnungi wega hau igũrũ rĩa kĩgongona o rũciinĩ rĩrĩa egũthondeka matawa.,"Aaron shall burn incense of sweet spices on it every morning. When he tends the lamps, he shall burn it."
Exodus 30:8,"No nginya acine ũbumba rĩngĩ agĩakia matawa hwaĩ-inĩ kũrĩ mairia, nĩgeetha ũbumba ũikarage ũgĩcinagwo mahinda mothe mbere ya Jehova, njiarwa na njiarwa iria igooka.","When Aaron lights the lamps at evening, he shall burn it, a perpetual incense before Yahweh throughout your generations."
Exodus 30:9,"Ndũkanacinĩre ũbumba wa mũthemba ũngĩ kĩgongona-inĩ gĩkĩ kana ũrutĩre ho iruta rĩa njino, kana rĩa mũtu, na ndũkanaitĩrĩrie iruta rĩa kũnyuuo igũrũ rĩakĩo.","You shall offer no strange incense on it, nor burnt offering, nor meal offering; and you shall pour no drink offering on it."
Exodus 30:10,"Harũni nĩarutage horohio hĩa-inĩ cia kĩgongona kĩu o mwaka riita rĩmwe. Horohio ĩno ya o mwaka no nginya ĩrutagwo na thakame ya iruta rĩa kũhoroheria mehia, nginya njiarwa iria igooka. Horohio ĩyo nĩ igongona itheru mũno harĩ Jehova.”",Aaron shall make atonement on its horns once in the year; with the blood of the sin offering of atonement once in the year he shall make atonement for it throughout your generations. It is most holy to Yahweh.”
Exodus 30:11,"Hĩndĩ ĩyo Jehova akĩĩra Musa atĩrĩ,","Yahweh spoke to Moses, saying,"
Exodus 30:12,"“Rĩrĩa ũgũtara andũ a Isiraeli-rĩ, o mũndũ no nginya arutagĩre Jehova kĩndũ gĩa gũkũũra muoyo wake rĩrĩa egũtarwo. Na gũtirĩ mũthiro ũkaamakora ũkĩmatara.","“When you take a census of the children of Israel, according to those who are counted among them, then each man shall give a ransom for his soul to Yahweh when you count them, that there be no plague among them when you count them."
Exodus 30:13,"Mũndũ o wothe ũrĩkĩraga agathiĩ mwena wa andũ arĩa marĩkĩtie gũtarwo, nĩarĩrutaga nuthu ya cekeri‡ kũringana na ũrĩa cekeri ya harĩa haamũre ĩtariĩ ĩrĩa ĩrĩ na ũritũ wa geera mĩrongo ĩĩrĩ. Nuthu ĩyo ya cekeri nĩ iruta kũrĩ Jehova.","They shall give this, everyone who passes over to those who are counted, half a shekel according to the shekel‡ of the sanctuary (the shekel is twenty gerahs§); half a shekel for an offering to Yahweh."
Exodus 30:14,"Arĩa othe marĩkĩraga magathiĩ mwena wa arĩa marĩkĩtie gũtarwo, marĩ na ũkũrũ wa mĩaka mĩrongo ĩĩrĩ na makĩria, no nginya maheage Jehova iruta rĩu.","Everyone who passes over to those who are counted, from twenty years old and upward, shall give the offering to Yahweh."
Exodus 30:15,"Arĩa atongu matirĩheanaga makĩria ya nuthu ya cekeri, nao arĩa athĩĩni matirĩheanaga kĩndũ kĩnini gũkĩra nuthu ya cekeri hĩndĩ ya kũrutĩra Jehova horohio ya mĩoyo yao.","The rich shall not give more, and the poor shall not give less, than the half shekel,† when they give the offering of Yahweh, to make atonement for your souls."
Exodus 30:16,Amũkĩra mbeeca cia horohio kuuma kũrĩ andũ a Isiraeli nawe ũcihũthĩre ũtungata-inĩ wa Hema-ya-Gũtũnganwo. Ũguo ũgaatuĩka kĩririkano kĩa andũ a Isiraeli mbere ya Jehova makĩrutĩra mĩoyo yao horohio.”,"You shall take the atonement money from the children of Israel, and shall appoint it for the service of the Tent of Meeting; that it may be a memorial for the children of Israel before Yahweh, to make atonement for your souls.”"
Exodus 30:17,"Ningĩ Jehova akĩĩra Musa atĩrĩ,","Yahweh spoke to Moses, saying,"
Exodus 30:18,"“Thondeka kĩraĩ gĩa gwĩthambagĩra gĩa gĩcango, kĩrĩ na kĩgũrũ gĩakĩo gĩa gĩcango. Ũkĩige gatagatĩ ka Hema-ya-Gũtũnganwo na kĩgongona, na ũgĩĩkĩre maaĩ.","“You shall also make a basin of bronze, and its base of bronze, in which to wash. You shall put it between the Tent of Meeting and the altar, and you shall put water in it."
Exodus 30:19,Harũni na ariũ ake marĩĩthambaga moko mao na nyarĩrĩ na maaĩ macio.,Aaron and his sons shall wash their hands and their feet in it.
Exodus 30:20,"Rĩrĩa rĩothe marĩtoonyaga Hema-ya-Gũtũnganwo, marĩĩthambaga na maaĩ nĩgeetha matigakue. O na ningĩ rĩrĩa mathengerera kĩgongona nĩguo marutĩre Jehova iruta rĩa gũcinwo na mwaki,","When they go into the Tent of Meeting, they shall wash with water, that they don’t die; or when they come near to the altar to minister, to burn an offering made by fire to Yahweh."
Exodus 30:21,"marĩĩthambaga moko na nyarĩrĩ nĩgeetha matigakue. Ũndũ ũcio ũgaatuĩka watho wa kũrũmĩrĩrwo tene na tene nĩ Harũni na njiaro ciake, na njiarwa ciao ciothe iria igooka.”","So they shall wash their hands and their feet, that they not die. This shall be a statute forever to them, even to him and to his descendants throughout their generations.”"
Exodus 30:22,"Ningĩ Jehova akĩĩra Musa atĩrĩ,","Moreover Yahweh spoke to Moses, saying,"
Exodus 30:23,"“Oya mahuti maya manungi wega: cekeri 500§ cia manemane ĩrĩa ndwekie, nuthu yamo (nacio icio nĩ cekeri 250) cia ndarathini nungi wega, na cekeri 250 cia karamathi nungi wega,","“Also take fine spices: of liquid myrrh, five hundred shekels;‡ and of fragrant cinnamon half as much, even two hundred and fifty; and of fragrant cane, two hundred and fifty;"
Exodus 30:24,"cekeri 500 cia mwĩnũ, ciothe kũringana na cekeri ya handũ-harĩa-haamũre, na hini* ya maguta ma mĩtamaiyũ.","and of cassia five hundred, according to the shekel of the sanctuary; and a hin§ of olive oil."
Exodus 30:25,Indo ici ũcithondeke ituĩke maguta matheru ma gũitanĩrĩrio matukanĩtio makanunga wega marutĩirwo wĩra nĩ mũthondeki mũũgĩ wa maguta. Macio matuĩke magutamatherumagũitanagĩrĩrio.,"You shall make it into a holy anointing oil, a perfume compounded after the art of the perfumer: it shall be a holy anointing oil."
Exodus 30:26,"NingĩũhũthĩremagutamaciogũitĩrĩriaHema-ya-Gũtũnganwo, na ithandũkũ rĩa Ũira,","You shall use it to anoint the Tent of Meeting, the ark of the covenant,"
Exodus 30:27,"na metha na indo ciayo ciothe, na mũtĩ wa kũigĩrĩrwo matawa na indo ciaguo, na kĩgongona gĩa gũcinĩra ũbumba, na","the table and all its articles, the lamp stand and its accessories, the altar of incense,"
Exodus 30:28,"kĩgongona kĩa iruta rĩa njino na indo ciakĩo ciothe, na kĩraĩ na kĩgũrũ gĩakĩo.","the altar of burnt offering with all its utensils, and the basin with its base."
Exodus 30:29,"Nĩũgaciamũra nĩgeetha ituĩke theru mũno makĩria, nakĩo kĩrĩa gĩothe gĩgacihutia nĩgĩgatuĩka gĩtheru.","You shall sanctify them, that they may be most holy. Whatever touches them shall be holy."
Exodus 30:30,“Itĩrĩria Harũni na ariũ ake maguta ũmaamũre nĩgeetha mandungatagĩre marĩ athĩnjĩri- Ngai.,"You shall anoint Aaron and his sons, and sanctify them, that they may minister to me in the priest’s office."
Exodus 30:31,"Ĩra andũ a Isiraeli atĩrĩ, ‘Maya nĩmo maguta makwa marĩa matheru ma gũitanagĩrĩrio ma njiarwa iria igooka.","You shall speak to the children of Israel, saying, ‘This shall be a holy anointing oil to me throughout your generations."
Exodus 30:32,"Ndũkanamaitĩrĩrie mĩĩrĩ ya arũme, na ndũkanathondeke maguta mangĩ na mũthondekereũcio. Nĩmatherunanĩwegaũmatuageatĩnĩmatheru.","It shall not be poured on man’s flesh, and do not make any like it, according to its composition. It is holy. It shall be holy to you."
Exodus 30:33,"Mũndũwotheũrĩthondekaga maguta manungi wega mahaana ta maya, na mũndũ o wothe ũngĩmaitĩrĩria mũndũ ũtarĩ mũthĩnjĩri- Ngai, nĩakaingatwo kuuma kũrĩ andũ ao.’ ”","Whoever compounds any like it, or whoever puts any of it on a stranger, he shall be cut off from his people.’ ”"
Exodus 30:34,"Ningĩ Jehova akĩĩra Musa atĩrĩ, “Oya mahuti manungi wega marĩa metagwo thitakiti, na onuka na garibane, hamwe na ũbani ũrĩa mwega mũno, mothe mathimĩtwo maiganaine,","Yahweh said to Moses, “Take to yourself sweet spices, gum resin, onycha, and galbanum: sweet spices with pure frankincense. There shall be an equal weight of each."
Exodus 30:35,"na ũthondekithie magĩe na mũtararĩko mwega wa ũbumba; wĩra ũcio ũrutwo nĩ mũthondeki mũũgĩ wa maguta. Makorwo mekĩrĩtwo cumbĩ, na marĩ matheru na makaamũrwo.","You shall make incense of it, a perfume after the art of the perfumer, seasoned with salt, pure and holy."
Exodus 30:36,"Thĩithia mahuti mamwe matuĩke mũtu, naguo ũũige mbere ya ithandũkũ rĩa Ũira thĩinĩ wa Hema-ya-Gũtũnganwo, harĩa ndĩĩcemanagia nawe. Ũgaakorwo ũrĩ mũtheru mũno harĩwe.","You shall beat some of it very small, and put some of it before the covenant in the Tent of Meeting, where I will meet with you. It shall be to you most holy."
Exodus 30:37,Mũtikanethondekere ũbumba wa mũthemba ũyũ nĩ ũndũ wa inyuĩ ene; ũtuagei mũtheru nĩ ũndũ wa Jehova.,"You shall not make this incense, according to its composition, for yourselves: it shall be to you holy for Yahweh."
Exodus 30:38,Mũndũ o na ũrĩkũ ũrĩa ũgathondeka ũngĩ taguo nĩguo ekenagie na mũtararĩko waguo nĩakaingatwo kuuma kũrĩ andũ ao.”,"Whoever shall make any like that, to smell of it, he shall be cut off from his people.”"
Exodus 31:1,"Nake Jehova akĩĩra Musa atĩrĩ,","Yahweh spoke to Moses, saying,"
Exodus 31:2,"“Ta rora wone, nĩthuurĩte Bezaleli mũrũ wa Uri ũrĩa mũriũ wa Huri wa mũhĩrĩga wa Juda,","“Behold, I have called by name Bezalel the son of Uri, the son of Hur, of the tribe of Judah."
Exodus 31:3,"na nĩndĩmũiyũrĩtie na Roho wa Ngai, na ũũgĩ na ũhoti na ũmenyo mawĩra-inĩ ma mĩthemba yothe ya moko;","I have filled him with the Spirit of God, in wisdom, and in understanding, and in knowledge, and in all kinds of workmanship,"
Exodus 31:4,"ya gũcora mĩcoro ya ũũgĩ indo-inĩ cia thahabu, na betha na gĩcango, na","to devise skillful works, to work in gold, and in silver, and in bronze,"
Exodus 31:5,"gwacũhia tũhiga twa goro twa gũthecererwo indo-inĩ, na kũruta wĩra wa gũkaaya mbaũ, na kũruta mawĩra ma mĩthemba yothe ya ũbundi.","and in cutting of stones for setting, and in carving of wood, to work in all kinds of workmanship."
Exodus 31:6,"O na rĩrĩ, nĩthuurĩte Oholiabu mũrũ wa Ahisamaku, wa mũhĩrĩga wa Dani, nĩguo ateithagie Bezaleli wĩra. Ningĩ nĩheete mabundi mothe ũũgĩ wa gũthondeka indo ciothe iria ngwathĩte:","Behold, I myself have appointed with him Oholiab, the son of Ahisamach, of the tribe of Dan; and in the heart of all who are wise-hearted I have put wisdom, that they may make all that I have commanded you:"
Exodus 31:7,"nacio nĩ Hema-ya-Gũtũnganwo, na ithandũkũ rĩa Ũira, na gĩtĩ gĩa tha kĩrĩa kĩrĩ igũrũ rĩarĩo, na indo iria ingĩ ciothe cia hema,","the Tent of Meeting, the ark of the covenant, the mercy seat that is on it, all the furniture of the Tent,"
Exodus 31:8,"nacio nĩ metha na indo ciayo, na mũtĩ wa thahabu therie wa kũigĩrĩrwo matawa na indo ciaguo ciothe, na kĩgongona gĩa gũcinĩra ũbumba, na","the table and its vessels, the pure lamp stand with all its vessels, the altar of incense,"
Exodus 31:9,"kĩgongona kĩa iruta rĩa njino na indo ciakĩo, na kĩraĩ na kĩgũrũ gĩakĩo,","the altar of burnt offering with all its vessels, the basin and its base,"
Exodus 31:10,"o na nguo iria ndume, iria theru cia kwĩhumbwo nĩ Harũni ũrĩa mũthĩnjĩri-Ngai na nguo cia kwĩhumbwo nĩ ariũ ake rĩrĩa megũtungata marĩ athĩnjĩri-Ngai,","the finely worked garments—the holy garments for Aaron the priest, the garments of his sons to minister in the priest’s office—"
Exodus 31:11,"na maguta ma gũitanĩrĩrio, na ũbumba mũnungi wega wa Handũ- harĩa-Hatheru. Mathondeke indo icio o ta ũrĩa ngwathĩte.”","the anointing oil, and the incense of sweet spices for the holy place: according to all that I have commanded you they shall do.”"
Exodus 31:12,"Ningĩ Jehova akĩĩra Musa atĩrĩ,","Yahweh spoke to Moses, saying,"
Exodus 31:13,"“Ĩra andũ a Isiraeli ũũ: ‘No nginya mũrũmagie Thabatũ ciakwa. Rũrũ nĩruo rũgatuĩka rũũri gatagatĩ gakwa na inyuĩ njiarwa iria igooka, nĩguo mũmenye atĩ niĩ nĩ niĩ Jehova ũrĩa ũmũtheragia.","“Speak also to the children of Israel, saying, ‘Most certainly you shall keep my Sabbaths; for it is a sign between me and you throughout your generations, that you may know that I am Yahweh who sanctifies you."
Exodus 31:14,“ ‘Menyagĩrĩrai Thabatũ tondũ nĩ mũthenya mũtheru harĩ inyuĩ. Mũndũ ũngĩũthaahia no nginya ooragwo; mũndũ ũngĩruta wĩra mũthenya ũcio nĩakaingatwo kuuma kũrĩ andũ ao.,"You shall keep the Sabbath therefore, for it is holy to you. Everyone who profanes it shall surely be put to death; for whoever does any work therein, that soul shall be cut off from among his people."
Exodus 31:15,"Wĩra nĩũrutagwo mĩthenya ĩtandatũ, no mũthenya wa mũgwanja nĩ Thabatũ theru ya Jehova ya andũ kũhurũka. Ũrĩa wothe ũkaaruta wĩra mũthenya wa Thabatũ no nginya ooragwo.","Six days shall work be done, but on the seventh day is a Sabbath of solemn rest, holy to Yahweh. Whoever does any work on the Sabbath day shall surely be put to death."
Exodus 31:16,"andũ a Isiraeli nĩmathĩkagĩre Thabatũ, mamĩkũngũyagĩre ĩtuĩke kĩrĩkanĩro gĩa gũtũũra njiarwa iria igooka.","Therefore the children of Israel shall keep the Sabbath, to observe the Sabbath throughout their generations, for a perpetual covenant."
Exodus 31:17,"Rũrũ nĩruo rũgaatuĩka rũũri gatagatĩ gakwa na andũ a Isiraeli nginya tene, nĩgũkorwo Jehova ombire igũrũ na thĩ na mĩthenya ĩtandatũ na mũthenya wa mũgwanja ndaigana kũruta wĩra, akĩhurũka.’ ”","It is a sign between me and the children of Israel forever; for in six days Yahweh made heaven and earth, and on the seventh day he rested, and was refreshed.’ ”"
Exodus 31:18,"Rĩrĩa Jehova aarĩkirie kwaria na Musa kũu igũrũ rĩa Kĩrĩma gĩa Sinai, akĩmũnengera ihengere icio igĩrĩ cia Ũira, o ihengere icio cia mahiga, o icio ciandĩkĩtwo na kĩara kĩa Ngai.","When he finished speaking with him on Mount Sinai, he gave Moses the two tablets of the covenant, stone tablets, written with God’s finger."
Exodus 32:1,"Rĩrĩa andũ moonire atĩ Musa nĩaikarire mũno ataikũrũkĩte kuuma kĩrĩma-inĩ, magĩcookanĩrĩra harĩ Harũni makĩmwĩra atĩrĩ, “Ũka, tũthondekere ngai iria irĩtũtongoragia. Ha ũhoro wa mũndũ ũyũ ũgwĩtwo Musa, ũrĩa watũrutire bũrũri wa Misiri, tũtiũĩ ũrĩa oonete.”","When the people saw that Moses delayed coming down from the mountain, the people gathered themselves together to Aaron, and said to him, “Come, make us gods, which shall go before us; for as for this Moses, the man who brought us up out of the land of Egypt, we don’t know what has become of him.”"
Exodus 32:2,"Harũni akĩmacookeria akĩmeera atĩrĩ, “Rutai icũhĩ cia thahabu iria irĩ matũ ma atumia anyu, na aanake na airĩtu anyu mũndehere.”","Aaron said to them, “Take off the golden rings, which are in the ears of your wives, of your sons, and of your daughters, and bring them to me.”"
Exodus 32:3,Nĩ ũndũ ũcio andũ othe makĩruta icũhĩ cia thahabu icio ciarĩ matũ-inĩ mao magĩcirehere Harũni.,"All the people took off the golden rings which were in their ears, and brought them to Aaron."
Exodus 32:4,"Nake akĩoya indo iria maamũreheire, agĩcitwekia agĩtũmĩra indo cia ũbundi gũcithondeka mũhianano wa njaũ. Nao andũ makiuga atĩrĩ, “Ici nĩcio ngai ciaku, wee Isiraeli, iria ciakũrutire bũrũri wa Misiri.”","He received what they handed him, fashioned it with an engraving tool, and made it a molded calf. Then they said, “These are your gods, Israel, which brought you up out of the land of Egypt.”"
Exodus 32:5,"Rĩrĩa Harũni onire ũguo, agĩaka kĩgongona mbere ya njaũ ĩyo, na akĩanĩrĩra, akiuga atĩrĩ, “Rũciũ nĩgũgakorwo na gĩathĩ kĩa Jehova.”","When Aaron saw this, he built an altar before it; and Aaron made a proclamation, and said, “Tomorrow shall be a feast to Yahweh.”"
Exodus 32:6,"Nĩ ũndũ ũcio mũthenya ũyũ ũngĩ andũ magĩũkĩra rũciinĩ tene, makĩruta magongona ma njino na ma ũiguano. Thuutha ũcio magĩikara thĩ kũrĩa na kũnyua, magĩcooka magĩũkĩra kũina na gwĩkenia.","They rose up early on the next day, and offered burnt offerings, and brought peace offerings; and the people sat down to eat and to drink, and rose up to play."
Exodus 32:7,"Nake Jehova akĩĩra Musa atĩrĩ, “Ikũrũka, tondũ andũ aku arĩa warutire bũrũri wa Misiri nĩmethũkĩtie.","Yahweh spoke to Moses, “Go, get down; for your people, whom you brought up out of the land of Egypt, have corrupted themselves!"
Exodus 32:8,"Nĩmagarũrũkĩte narua magatiga ũrĩa ndaamathĩte, na nĩmethondekeire mũhianano wa gũtwekio ũhaana njaũ. Nĩmaũinamĩrĩire na makaũrutĩra iruta makiugaga atĩrĩ, ‘Ici nĩcio ngai ciaku, wee Isiraeli, iria ciakũrutire bũrũri wa Misiri.’ ”","They have turned away quickly out of the way which I commanded them. They have made themselves a molded calf, and have worshiped it, and have sacrificed to it, and said, ‘These are your gods, Israel, which brought you up out of the land of Egypt.’ ”"
Exodus 32:9,"Jehova akĩĩra Musa atĩrĩ, “Nĩnyonete andũ aya, nĩ andũ momĩtie ngingo.","Yahweh said to Moses, “I have seen these people, and behold, they are a stiff-necked people."
Exodus 32:10,"Rĩu tigana na niĩ nĩgeetha marakara makwa mamarĩrĩmbũkĩre, nĩgeetha ndĩmaniine. Nĩngacooka ngũtue rũrĩrĩ rũnene.”","Now therefore leave me alone, that my wrath may burn hot against them, and that I may consume them; and I will make of you a great nation.”"
Exodus 32:11,"No Musa agĩthaitha Jehova Ngai wake, akĩmwĩra atĩrĩ, “Wee Jehova, ũngĩcinwo nĩ marakara ũũkĩrĩre andũ aku nĩkĩ, o arĩa warutire kuuma bũrũri wa Misiri na guoko gwaku kũrĩ ũhoti na ũkĩmaruta kuo na hinya mũnene?","Moses begged Yahweh his God, and said, “Yahweh, why does your wrath burn hot against your people, that you have brought out of the land of Egypt with great power and with a mighty hand?"
Exodus 32:12,"Nĩ kĩĩ kĩngĩtũma andũ a Misiri moige atĩrĩ, ‘Aamarutire bũrũri wa Misiri arĩ na muoroto wa kũmeka ũũru amooragĩre irĩma-inĩ, na amaniine mathire gũkũ thĩ’? Tiga kũrakara mũno; wĩricũkwo ndũkarehere andũ aku mwanangĩko.","Why should the Egyptians talk, saying, ‘He brought them out for evil, to kill them in the mountains, and to consume them from the surface of the earth’? Turn from your fierce wrath, and turn away from this evil against your people."
Exodus 32:13,"Ririkana ndungata ciaku Iburahĩmu, na Isaaka, na Isiraeli, arĩa wee wehĩtire kũrĩ o na mwĩhĩtwa ũkĩĩgwetaga, ũkiuga atĩrĩ: ‘Nĩngatũma njiaro ciaku cingĩhe ta njata cia matu-inĩ, na nĩngaahe njiaro ciaku bũrũri ũyũ wothe ũrĩa ndaamerĩire, naguo ũgaatuĩka igai rĩao nginya tene.’ ”","Remember Abraham, Isaac, and Israel, your servants, to whom you swore by your own self, and said to them, ‘I will multiply your offspring† as the stars of the sky, and all this land that I have spoken of I will give to your offspring, and they shall inherit it forever.’ ”"
Exodus 32:14,"Hĩndĩ ĩyo Jehova akĩĩricũkwo, na ndaigana kũrehere andũ ake mwanangĩko ũrĩa oigĩte atĩ nĩekũmarehera.",So Yahweh turned away from the evil which he said he would do to his people.
Exodus 32:15,"Musa akĩhũndũka, agĩikũrũka kuuma kĩrĩma igũrũ akuuĩte ihengere icio igĩrĩ cia Ũira na moko make. Ciarĩ nyandĩke mĩena yeerĩ, mbere na thuutha.","Moses turned, and went down from the mountain, with the two tablets of the covenant in his hand; tablets that were written on both their sides. They were written on one side and on the other."
Exodus 32:16,Ihengere icio ciarĩ wĩra wa Ngai; maandĩko macio maarĩ maandĩko ma Ngai makururĩtwo ihengere-inĩ icio.,"The tablets were the work of God, and the writing was the writing of God, engraved on the tablets."
Exodus 32:17,"Rĩrĩa Joshua aiguire inegene rĩa andũ makiugĩrĩria akĩĩra Musa atĩrĩ, “Kũrĩ mbugĩrĩrio ya mbaara kambĩ-inĩ.”","When Joshua heard the noise of the people as they shouted, he said to Moses, “There is the noise of war in the camp.”"
Exodus 32:18,"Musa akĩmũcookeria atĩrĩ, “Ti mĩgambo ya ũhootani, na ti mĩgambo ya kũhootwo; nĩ mĩgambo ya kũina ndĩraigua.”","He said, “It isn’t the voice of those who shout for victory. It is not the voice of those who cry for being overcome; but the noise of those who sing that I hear.”"
Exodus 32:19,"Rĩrĩa Musa akuhĩrĩirie kambĩ, na akĩona njaũ na ndũrũhĩ ĩrĩa yarĩ kũndũ kũu, agĩcinwo nĩ marakara, nake agĩikia ihengere icio thĩ, ikiunĩkanga icunjĩ o hau magũrũ-inĩ ma kĩrĩma.","As soon as he came near to the camp, he saw the calf and the dancing. Then Moses’ anger grew hot, and he threw the tablets out of his hands, and broke them beneath the mountain."
Exodus 32:20,"Nake akĩnyiita njaũ ĩyo maathondekete, akĩmĩcina na mwaki, agĩcooka akĩmĩthĩa, ĩgĩtuĩka mũtu, akĩũikia maaĩ-inĩ na agĩatha andũ a Isiraeli manyue maaĩ macio.","He took the calf which they had made, and burned it with fire, ground it to powder, and scattered it on the water, and made the children of Israel drink it."
Exodus 32:21,"Nake Musa akĩũria Harũni atĩrĩ, “Andũ aya maragwĩkire atĩa nĩgeetha ũmatoonyie mehia-inĩ manene ũũ?”","Moses said to Aaron, “What did these people do to you, that you have brought a great sin on them?”"
Exodus 32:22,"Nake Harũni akĩmũcookeria, akĩmwĩra atĩrĩ, “Tiga kũrakara, mwathi wakwa; wee nĩũũĩ ũrĩa andũ aya mendete gwĩka ũũru.","Aaron said, “Don’t let the anger of my lord grow hot. You know the people, that they are set on evil."
Exodus 32:23,"Maanjĩĩrire atĩrĩ, ‘Tũthondekere ngai iria irĩtũtongoragia. Ha ũhoro wa mũndũ ũyũ ũgwĩtwo Musa, ũrĩa watũrutire bũrũri wa Misiri-rĩ, tũtiũĩ ũrĩa oonire.’","For they said to me, ‘Make us gods, which shall go before us. As for this Moses, the man who brought us up out of the land of Egypt, we don’t know what has become of him.’"
Exodus 32:24,"Nĩ ũndũ ũcio ngĩmeera atĩrĩ, ‘Ũrĩa wothe ũrĩ na mathaga ma thahabu, nĩarute.’ Nao makĩĩnengera indo icio cia thahabu, ngĩciikia riiko, nacio ikiuma njaũ ĩno!”","I said to them, ‘Whoever has any gold, let them take it off.’ So they gave it to me; and I threw it into the fire, and out came this calf.”"
Exodus 32:25,"Musa akĩona atĩ andũ nĩmakararĩtie, na atĩ Harũni nĩamarekereirie meke ũrĩa mekwenda, nginya magaatuĩka andũ a gũthekagĩrĩrwo nĩ thũ ciao.","When Moses saw that the people were out of control, (for Aaron had let them lose control, causing derision among their enemies),"
Exodus 32:26,"Nĩ ũndũ ũcio akĩrũgama itoonyero-inĩ rĩa kambĩ, akiuga atĩrĩ, “Ũrĩa wothe ũrĩ mwena wa Jehova-rĩ, nĩoke haha.” Nao Alawii othe makĩrũgama mwena wake.","then Moses stood in the gate of the camp, and said, “Whoever is on Yahweh’s side, come to me!” All the sons of Levi gathered themselves together to him."
Exodus 32:27,"Nake akĩmeera atĩrĩ, “Jehova Ngai wa Isiraeli ekuuga atĩrĩ, ‘O mũndũ nĩeyohe rũhiũ rwa njora njohero. Hungurai kambĩ ĩno kuuma mwena ũmwe nginya ũrĩa ũngĩ, o mũndũ nĩoorage mũrũ wa nyina na oorage mũratawe na mũndũ wa itũũra rĩake.’ ”","He said to them, “Yahweh, the God of Israel, says, ‘Every man put his sword on his thigh, and go back and forth from gate to gate throughout the camp, and every man kill his brother, and every man his companion, and every man his neighbor.’ ”"
Exodus 32:28,"Alawii magĩĩka ta ũrĩa maathirwo nĩ Musa, na mũthenya ũcio gũkĩũragwo andũ ta 3,000.",The sons of Levi did according to the word of Moses. About three thousand men fell of the people that day.
Exodus 32:29,"Nake Musa akiuga atĩrĩ, “Nĩmwarĩkia kwamũrĩrwo Jehova ũmũthĩ, nĩgũkorwo nĩmwareganire na ariũ anyu na mũkĩregana na arĩa mũciaranĩirwo nao, na Jehova nĩamũrathima ũmũthĩ.”","Moses said, “Consecrate yourselves today to Yahweh, for every man was against his son and against his brother, that he may give you a blessing today.”"
Exodus 32:30,"Mũthenya ũyũ ũngĩ Musa akĩĩra andũ atĩrĩ, “Nĩmwĩhĩtie mũno. No rĩu, nĩngwambata kũrĩ Jehova; hihi no kũhoteke ndĩmũrutĩre horohio nĩ ũndũ wa rĩhia rĩanyu.”","On the next day, Moses said to the people, “You have sinned a great sin. Now I will go up to Yahweh. Perhaps I shall make atonement for your sin.”"
Exodus 32:31,"Nĩ ũndũ ũcio Musa agĩcooka kũrĩ Jehova, akĩmwĩra atĩrĩ, “Hĩ, kaĩ andũ aya nĩmekĩte rĩhia inene- ĩ! Nĩmethondekeire ngai cia thahabu.","Moses returned to Yahweh, and said, “Oh, this people have sinned a great sin, and have made themselves gods of gold."
Exodus 32:32,"No rĩu-rĩ, ndagũthaitha marekere mehia mao; angĩkorwo ndũkũmarekera, o na niĩ tharia ibuku-inĩ rĩrĩa wandĩkĩte andũ aku.”","Yet now, if you will, forgive their sin—and if not, please blot me out of your book which you have written.”"
Exodus 32:33,"Nake Jehova agĩcookeria Musa atĩrĩ, “Ũrĩa wothe ũnjĩhĩirie, nĩngamũtharia ibuku-inĩ rĩakwa.","Yahweh said to Moses, “Whoever has sinned against me, I will blot him out of my book."
Exodus 32:34,"Rĩu gĩthiĩ, ũtongorie andũ acio mathiĩ bũrũri ũrĩa ndaaririe ũhoro waguo, nake mũraika wakwa nĩakamũtongoria. Na rĩrĩ, hĩndĩ ya kũmaherithia yakinya-rĩ, no ngaamaherithia nĩ ũndũ wa mehia mao.”","Now go, lead the people to the place of which I have spoken to you. Behold, my angel shall go before you. Nevertheless, in the day when I punish, I will punish them for their sin.”"
Exodus 32:35,Nake Jehova akĩhũũra andũ acio na mũthiro nĩ tondũ wa ũrĩa meekire na njaũ ĩyo yathondeketwo nĩ Harũni.,"Yahweh struck the people, because of what they did with the calf, which Aaron made."
Exodus 33:1,"Ningĩ Jehova akĩĩra Musa atĩrĩ, “Umai handũ haha, wee na andũ arĩa warutire kuuma bũrũri wa Misiri, mwambate bũrũri ũrĩa nderĩire Iburahĩmu, na Isaaka na Jakubu na mwĩhĩtwa ngiuga atĩrĩ, ‘Nĩngaũhe njiaro ciaku.’","Yahweh spoke to Moses, “Depart, go up from here, you and the people that you have brought up out of the land of Egypt, to the land of which I swore to Abraham, to Isaac, and to Jacob, saying, ‘I will give it to your offspring.’"
Exodus 33:2,"Nĩngũtũma mũraika mbere yanyu na nĩngaingata Akaanani, na Aamori, na Ahiti, na Aperizi, na Ahivi, na Ajebusi.","I will send an angel before you; and I will drive out the Canaanite, the Amorite, and the Hittite, and the Perizzite, the Hivite, and the Jebusite."
Exodus 33:3,"Ambatai mũthiĩ bũrũri ũcio ũrĩ bũthi wa iria na ũũkĩ. No niĩ ndigathiĩ na inyuĩ, tondũ mũrĩ andũ momĩtie ngingo na ndahota kũmũniinĩra njĩra-inĩ.”","Go to a land flowing with milk and honey; but I will not go up among you, for you are a stiff-necked people, lest I consume you on the way.”"
Exodus 33:4,"Rĩrĩa andũ acio maiguire ciugo icio cia kũmathĩĩnia ngoro, makĩambĩrĩria gũcakaya na gũtirĩ mũndũ wacookire kwĩhumba mathaga.","When the people heard this evil news, they mourned; and no one put on his jewelry."
Exodus 33:5,"Nĩgũkorwo Jehova nĩeerĩte Musa atĩrĩ, “Ĩra andũ a Isiraeli atĩrĩ, ‘Inyuĩ mũrĩ andũ momĩtie ngingo. Ingĩtwarana na inyuĩ o na kahinda kanini, ndahota kũmũniina. Rĩu rutai mathaga manyu, na nĩngũmenya ũrĩa ngwĩka na inyuĩ.’ ”","Yahweh had said to Moses, “Tell the children of Israel, ‘You are a stiff-necked people. If I were to go up among you for one moment, I would consume you. Therefore now take off your jewelry from you, that I may know what to do to you.’ ”"
Exodus 33:6,Nĩ ũndũ ũcio andũ a Isiraeli makĩrutĩra mathaga mao hau kĩrĩma-inĩ kĩa Horebu.,The children of Israel stripped themselves of their jewelry from Mount Horeb onward.
Exodus 33:7,"Na rĩrĩ, Musa nĩamenyerete kuoya hema akamĩamba nja ya kambĩ ĩyo handũ haraaya na kambĩ, akamĩĩta “Hema-ya-Gũtũnganwo.” Mũndũ o wothe ũngĩendire gũtuĩria ũhoro kũrĩ Jehova, aathiiaga hema-inĩ ĩyo ya gũtũnganwo kũu nja ya kambĩ.","Now Moses used to take the tent and pitch it outside the camp, far away from the camp, and he called it “The Tent of Meeting.” Everyone who sought Yahweh went out to the Tent of Meeting, which was outside the camp."
Exodus 33:8,"Na rĩrĩa rĩothe Musa aathiiaga hema-inĩ, andũ othe mookĩraga makarũgama nja ya hema ciao, magacũthĩrĩria Musa nginya rĩrĩa arĩtoonya hema ĩyo.","When Moses went out to the Tent, all the people rose up, and stood, everyone at their tent door, and watched Moses, until he had gone into the Tent."
Exodus 33:9,"Musa agĩtoonya hema ĩyo, gĩtugĩ gĩa itu gĩaikũrũkaga gĩgaikara itoonyero-inĩ Jehova akĩaria na Musa.","When Moses entered into the Tent, the pillar of cloud descended, stood at the door of the Tent, and Yahweh spoke with Moses."
Exodus 33:10,"Rĩrĩa andũ mona gĩtugĩ kĩu gĩa itu kĩrũgamĩte itoonyero-inĩ rĩa hema ĩyo, othe maarũgamaga makahooya o mũndũ arĩ itoonyero-inĩ rĩa hema yake.","All the people saw the pillar of cloud stand at the door of the Tent, and all the people rose up and worshiped, everyone at their tent door."
Exodus 33:11,"Jehova agakĩaria na Musa makĩonanaga ũthiũ kwa ũthiũ o ta ũrĩa mũndũ maaragia na mũratawe. Thuutha ũcio Musa agacooka kambĩ, no Joshua mũrũ wa Nuni, mwanake ũrĩa wamũteithagia, ndoimaga hema-inĩ ĩyo.","Yahweh spoke to Moses face to face, as a man speaks to his friend. He turned again into the camp, but his servant Joshua, the son of Nun, a young man, didn’t depart from the Tent."
Exodus 33:12,"Musa akĩĩra Jehova atĩrĩ, “Ũkoretwo ũkĩnjĩĩra atĩrĩ, ‘Tongoria andũ aya,’ no ndũũmenyithĩtie ũrĩa ũkũndũmĩra tũthiĩ nake. Nĩũnjĩrĩte atĩrĩ, ‘Nĩngũũĩ na rĩĩtwa, na wĩ mwĩtĩkĩrĩku harĩ niĩ.’","Moses said to Yahweh, “Behold, you tell me, ‘Bring up this people;’ and you haven’t let me know whom you will send with me. Yet you have said, ‘I know you by name, and you have also found favor in my sight.’"
Exodus 33:13,"Angĩkorwo nĩũkenetio nĩ niĩ, menyithia njĩra ciaku nĩgeetha ngũmenye na thiĩ na mbere gwĩtĩkĩrĩka nĩwe. Ririkana atĩ rũrĩrĩ rũrũ nĩ andũ aku.”","Now therefore, if I have found favor in your sight, please show me your way, now, that I may know you, so that I may find favor in your sight; and consider that this nation is your people.”"
Exodus 33:14,"Jehova akĩmũcookeria atĩrĩ, “Niĩ Mwene nĩngũtwarana na inyuĩ na ndĩmũhe ũhurũko.”","He said, “My presence will go with you, and I will give you rest.”"
Exodus 33:15,"Nake Musa akĩmwĩra atĩrĩ, “Angĩkorwo ndũgũtwarana hamwe na ithuĩ, ndũgatũme tuume haha.","Moses said to him, “If your presence doesn’t go with me, don’t carry us up from here."
Exodus 33:16,"Mũndũ o na ũrĩkũ angĩkĩmenya atĩa atĩ nĩũkenetio nĩ niĩ, na ũgakenio nĩ andũ aku, tiga no ũtwaranire na ithuĩ? Nĩ kĩĩ kĩngĩ kĩngĩonania ngũũrani yakwa na ya andũ aku kuuma kũrĩ andũ arĩa angĩ othe marĩ thĩ ĩno?”","For how would people know that I have found favor in your sight, I and your people? Isn’t it that you go with us, so that we are separated, I and your people, from all the people who are on the surface of the earth?”"
Exodus 33:17,"Nake Jehova akĩĩra Musa atĩrĩ, “Nĩngwĩka o ũrĩa ũnjũũrĩtie njĩke, tondũ nĩngenetio nĩwe, na nĩngũũĩ na rĩĩtwa rĩaku.”","Yahweh said to Moses, “I will do this thing also that you have spoken; for you have found favor in my sight, and I know you by name.”"
Exodus 33:18,"Ningĩ Musa akiuga atĩrĩ, “Nyonia riiri waku ũrĩa ũtariĩ.”","Moses said, “Please show me your glory.”"
Exodus 33:19,"Nake Jehova akĩmwĩra atĩrĩ, “Nĩngũtũma wega wakwa wothe ũhĩtũkĩre mbere yaku, na nĩngwanĩrĩra rĩĩtwa rĩakwa, Jehova, mbere yaku: Nĩndĩiguagĩra tha ũrĩa ndenda kũiguĩra tha, na nĩndĩcaayagĩra ũrĩa ndenda gũcaĩra.”","He said, “I will make all my goodness pass before you, and will proclaim Yahweh’s name before you. I will be gracious to whom I will be gracious, and will show mercy on whom I will show mercy.”"
Exodus 33:20,"No Jehova akiuga atĩrĩ, “Ndũngĩona ũthiũ wakwa, nĩgũkorwo gũtirĩ mũndũ ũngĩona ũthiũ wakwa na acooke atũũre muoyo.”","He said, “You cannot see my face, for man may not see me and live.”"
Exodus 33:21,"Ningĩ Jehova akiuga atĩrĩ, “Nĩ harĩ handũ hakuhĩ na niĩ, harĩa ũngĩrũgama igũrũ rĩa mwaro rwa ihiga.","Yahweh also said, “Behold, there is a place by me, and you shall stand on the rock."
Exodus 33:22,"Rĩrĩa riiri wakwa ũrĩkorwo ũkĩhĩtũkĩra hau-rĩ, nĩndĩgũtoonyia mwanya-inĩ wa rwaro rũu rwa ihiga, ngũhumbĩre na guoko gwakwa nginya hĩtũke handũ hau.","It will happen, while my glory passes by, that I will put you in a cleft of the rock, and will cover you with my hand until I have passed by;"
Exodus 33:23,"Rĩrĩa ndĩrĩeheria guoko gwakwa, nawe nĩũrĩnyona na thuutha; no ũthiũ wakwa ndũngĩonwo.”","then I will take away my hand, and you will see my back; but my face shall not be seen.”"
Exodus 34:1,"Nake Jehova akĩĩra Musa atĩrĩ, “Icũhia ihengere igĩrĩ cia mahiga o ta iria cia mbere, na nĩngũciandĩka ciugo iria ciaandĩkĩtwo ihengere-inĩ iria cia mbere, iria woragire.","Yahweh said to Moses, “Chisel two stone tablets like the first. I will write on the tablets the words that were on the first tablets, which you broke."
Exodus 34:2,"Wĩhaarĩrie rũciinĩ, ũcooke wambate kĩrĩma gĩa Sinai. Ũrũgame mbere yakwa hau kĩrĩma igũrũ.","Be ready by the morning, and come up in the morning to Mount Sinai, and present yourself there to me on the top of the mountain."
Exodus 34:3,Gũtikagĩe mũndũ ũkwambatania hamwe nawe kana onekane handũ o hothe kũu kĩrĩma-inĩ; o na gũtikagĩe ndũũru cia mbũri kana cia ngʼombe ingĩrĩithio kũu mbere ya kĩrĩma.”,No one shall come up with you or be seen anywhere on the mountain. Do not let the flocks or herds graze in front of that mountain.”
Exodus 34:4,"Nĩ ũndũ ũcio Musa agĩicũhia ihengere igĩrĩ cia mahiga o ta iria cia mbere na akĩroka kwambata kĩrĩma gĩa Sinai rũciinĩ tene, o ta ũrĩa Jehova aamwathĩte; agĩthiĩ akuuĩte ihengere icio igĩrĩ na moko.","He chiseled two tablets of stone like the first; then Moses rose up early in the morning, and went up to Mount Sinai, as Yahweh had commanded him, and took in his hand two stone tablets."
Exodus 34:5,"Nake Jehova agĩikũrũka arĩ itu-inĩ, akĩrũgama hau harĩ we, na akĩanĩrĩra rĩĩtwa rĩake, Jehova.","Yahweh descended in the cloud, and stood with him there, and proclaimed Yahweh’s name."
Exodus 34:6,"Agĩkĩhĩtũkĩra mbere ya Musa akĩanagĩrĩra akoiga atĩrĩ, “Jehova, Jehova, Ngai ũrĩa mũcaayanĩri na mũtugi, ũtahiũhaga kũrakara, ũiyũrĩtwo nĩ wendani na wĩhokeku,","Yahweh passed by before him, and proclaimed, “Yahweh! Yahweh, a merciful and gracious God, slow to anger, and abundant in loving kindness and truth,"
Exodus 34:7,"ũtũũragia wendani kũrĩ andũ ngiri na ngiri, na akohanagĩra waganu, na ũremi, o na mehia. No rĩrĩ, ndaagaga kũherithia arĩa mehĩtie; nĩaherithagia ciana na ciana ciacio nĩ ũndũ wa mehia ma maithe mao, nginya rũciaro rwa gatatũ na rwa kana.”","keeping loving kindness for thousands, forgiving iniquity and disobedience and sin; and who will by no means clear the guilty, visiting the iniquity of the fathers on the children, and on the children’s children, on the third and on the fourth generation.”"
Exodus 34:8,"Musa agĩkĩinamĩrĩra thĩ o rĩmwe, akĩhooya.","Moses hurried and bowed his head toward the earth, and worshiped."
Exodus 34:9,"Akiuga atĩrĩ, “Wee Mwathani, angĩkorwo nĩnjĩtĩkĩrĩkĩte maitho-inĩ maku, ndagũthaitha Mwathani twarana na ithuĩ. O na gũtuĩka aya nĩ andũ momĩtie ngingo-rĩ, tuohere waganu witũ o na mehia maitũ, na ũtũme tũtuĩke igai rĩaku.”","He said, “If now I have found favor in your sight, Lord, please let the Lord go among us, even though this is a stiff-necked people; pardon our iniquity and our sin, and take us for your inheritance.”"
Exodus 34:10,"Ningĩ Jehova akiuga atĩrĩ, “Nĩngũgĩa na kĩrĩkanĩro nawe. Nĩndĩrĩĩkaga morirũ matarĩ mekwo rũrĩrĩ-inĩ o na rũrĩkũ thĩinĩ wa thĩ yothe mbere ya andũ aya aku othe. Andũ arĩa mũtũũranagia nao nĩmakeyonera ũrĩa niĩ, Jehova, ngeeka ũndũ wa kũmakania nĩ ũndũ waku.","He said, “Behold, I make a covenant: before all your people I will do marvels, such as have not been worked in all the earth, nor in any nation; and all the people among whom you are shall see the work of Yahweh; for it is an awesome thing that I do with you."
Exodus 34:11,"Athĩkĩra ũrĩa ngũgwatha ũmũthĩ. Nĩngarutũrũra Aamori, na Akaanani, na Ahiti, na Aperizi, na Ahivi na Ajebusi mbere yaku makweherere.","Observe that which I command you today. Behold, I will drive out before you the Amorite, the Canaanite, the Hittite, the Perizzite, the Hivite, and the Jebusite."
Exodus 34:12,"Wĩmenyerere ndũkagĩe kĩrĩĩko na andũ arĩa matũũraga bũrũri-inĩ ũcio ũrathiĩ, matigatuĩke mũtego harĩwe.","Be careful, lest you make a covenant with the inhabitants of the land where you are going, lest it be for a snare among you;"
Exodus 34:13,"Nĩmũkoinanga igongona ciao, na mũthethere mahiga mao maamũre, na mũtemange itugĩ ciao cia Ashera.","but you shall break down their altars, and dash in pieces their pillars, and you shall cut down their Asherah poles;"
Exodus 34:14,"Mũtikanahooe ngai ĩngĩ o na ĩrĩkũ, nĩgũkorwo Jehova, ũrĩa rĩĩtwa rĩake arĩ Mũigua Ũiru, nĩ Ngai ũrĩ ũiru.","for you shall worship no other god; for Yahweh, whose name is Jealous, is a jealous God."
Exodus 34:15,"“Mwĩmenyererei mũtikagĩe kĩrĩĩko na andũ arĩa matũũraga bũrũri-inĩ ũcio; nĩgũkorwo rĩrĩa maahũũra ũmaraya na ngai ciao na magacirutĩra iruta, nĩmarĩmwĩtaga, na inyuĩ nĩmũrĩrĩĩaga indo cia magongona macio mao.","“Don’t make a covenant with the inhabitants of the land, lest they play the prostitute after their gods, and sacrifice to their gods, and one call you and you eat of his sacrifice;"
Exodus 34:16,"Na rĩrĩa mũngĩthuura airĩtu amwe ao matuĩke atumia a aanake anyu, nao airĩtu acio mahũũre ũmaraya na ngai ciao, nĩmakonereria ariũ anyu gwĩka ũguo.","and you take of their daughters to your sons, and their daughters play the prostitute after their gods, and make your sons play the prostitute after their gods."
Exodus 34:17,“Ndũkanathondeke mĩhianano ya gũtwekio.,“You shall make no cast idols for yourselves.
Exodus 34:18,"“Kũngũyagĩra Gĩathĩ kĩa Mĩgate ĩtarĩ mĩĩkĩre ndawa ya kũimbia. Handũ-inĩ ha mĩthenya mũgwanja, rĩĩagai mĩgate ĩtarĩ mĩĩkĩre ndawa ya kũimbia, o ta ũrĩa ndaamwathire. Ĩkagai ũndũ ũyũ ihinda rĩaguo rĩakinya mweri-inĩ wa Abibu, nĩgũkorwo nĩguo mweri ũrĩa mwoimire bũrũri wa Misiri.","“You shall keep the feast of unleavened bread. Seven days you shall eat unleavened bread, as I commanded you, at the time appointed in the month Abib; for in the month Abib you came out of Egypt."
Exodus 34:19,"“Irigithathi rĩa nda o yothe nĩ rĩakwa, hamwe na marigithathi mothe ma njamba ma mahiũ manyu, marĩ ma kuuma ndũũru-inĩ cia ngʼombe kana cia mbũri.","“All that opens the womb is mine; and all your livestock that is male, the firstborn of cow and sheep."
Exodus 34:20,"Irigithathi rĩa ndigiri ũrĩrĩkũũraga na gatũrũme, no ũngĩaga kũrĩkũũra, riune ngingo. Nao ariũ aku a marigithathi ũmakũũrage. “Gũtikanagĩe mũndũ o na ũmwe ũrĩũkaga mbere yakwa moko matheri.","You shall redeem the firstborn of a donkey with a lamb. If you will not redeem it, then you shall break its neck. You shall redeem all the firstborn of your sons. No one shall appear before me empty."
Exodus 34:21,"“Rutaga wĩra mĩthenya ĩtandatũ, no mũthenya wa mũgwanja ũhurũkage; o na hĩndĩ ya icimba na ya magetha no nginya ũhurũke.","“Six days you shall work, but on the seventh day you shall rest: in plowing time and in harvest you shall rest."
Exodus 34:22,"“Kũngũyagĩra Gĩathĩ-gĩa-Ciumia, na maciaro ma mbere ma magetha ma ngano, na Gĩathĩ- gĩa-Gũcookereria irio makũmbĩ-inĩ mũthia-inĩ wa mwaka.","“You shall observe the feast of weeks with the first fruits of wheat harvest, and the feast of harvest at the year’s end."
Exodus 34:23,"Arũme anyu othe no nginya mokage mbere ya Mwathani Jehova, o we Ngai wa Isiraeli, maita matatũ o mwaka.","Three times in the year all your males shall appear before the Lord Yahweh, the God of Israel."
Exodus 34:24,"Nĩngarutũrũra ndũrĩrĩ imweherere, na nĩnganenehia mĩhaka ya bũrũri wanyu na gũtirĩ mũndũ ũgaacumĩkĩra bũrũri wanyu rĩrĩa mũrĩkoragwo mũkĩambata maita matatũ o mwaka mbere ya Jehova Ngai wanyu.","For I will drive out nations before you and enlarge your borders; neither shall any man desire your land when you go up to appear before Yahweh, your God, three times in the year."
Exodus 34:25,"“Ndũkanandutĩre thakame ya igongona ĩtukanĩte na kĩndũ gĩĩkĩre ndawa ya kũimbia, na mũtikanareke kĩndũ kĩa igongona rĩa Bathaka kĩraare nginya rũciinĩ.",“You shall not offer the blood of my sacrifice with leavened bread. The sacrifice of the feast of the Passover shall not be left to the morning.
Exodus 34:26,"“Rehagai maciaro ma mbere marĩa mega mũno ma mĩgũnda yanyu, mũmarehage nyũmba ya Jehova Ngai wanyu. “Mũtikanaruge koori na iria rĩa nyina.”",“You shall bring the first of the first fruits of your ground to the house of Yahweh your God. “You shall not boil a young goat in its mother’s milk.”
Exodus 34:27,"Ningĩ Jehova akĩĩra Musa atĩrĩ, “Andĩka ciugo ici, nĩgũkorwo kũringana na ciugo ici, nĩndagĩa na kĩrĩkanĩro nawe o na Isiraeli.”","Yahweh said to Moses, “Write these words; for in accordance with these words I have made a covenant with you and with Israel.”"
Exodus 34:28,"Musa aikarire na Jehova hau matukũ mĩrongo ĩna, mũthenya na ũtukũ, atekũrĩa irio kana akanyua maaĩ. Na agĩkĩandĩka ihengere-inĩ icio ciugo cia kĩrĩkanĩro kĩu, na nĩcio Maathani marĩa Ikũmi.","He was there with Yahweh forty days and forty nights; he neither ate bread, nor drank water. He wrote on the tablets the words of the covenant, the ten commandments."
Exodus 34:29,"Rĩrĩa Musa aikũrũkire kuuma kĩrĩma gĩa Sinai arĩ na ihengere igĩrĩ cia Ũira moko-inĩ make, ndaamenyaga atĩ ũthiũ wake nĩwakengaga nĩ ũndũ nĩarĩtie na Jehova.","When Moses came down from Mount Sinai with the two tablets of the covenant in Moses’ hand, when he came down from the mountain, Moses didn’t know that the skin of his face shone by reason of his speaking with him."
Exodus 34:30,"Rĩrĩa Harũni na andũ a Isiraeli othe moonire Musa, ũthiũ wake nĩwakengaga, nao magĩĩtigĩra kũmũkuhĩrĩria.","When Aaron and all the children of Israel saw Moses, behold, the skin of his face shone; and they were afraid to come near him."
Exodus 34:31,"No Musa akĩmeeta; nĩ ũndũ ũcio Harũni na atongoria othe a mũingĩ magĩcooka harĩ we, nake akĩmaarĩria.","Moses called to them, and Aaron and all the rulers of the congregation returned to him; and Moses spoke to them."
Exodus 34:32,"Thuutha ũcio andũ a Isiraeli othe makĩmũkuhĩrĩria, nake akĩmahe mawatho mothe marĩa Jehova amũheete kũu Kĩrĩma-inĩ gĩa Sinai.","Afterward all the children of Israel came near, and he gave them all the commandments that Yahweh had spoken with him on Mount Sinai."
Exodus 34:33,"Rĩrĩa Musa aarĩkirie kũmaarĩria, akĩĩhumbĩra ũthiũ wake na taama wa kwĩhumbĩra ũthiũ.","When Moses was done speaking with them, he put a veil on his face."
Exodus 34:34,"No rĩrĩa rĩothe aatoonyaga harĩ Jehova maranĩrie, nĩarutaga taama ũcio wa kwĩhumbĩra ũthiũ nginya oime ho. Na rĩrĩa oka kũrĩ andũ a Isiraeli na aameera ũrĩa aathĩtwo,","But when Moses went in before Yahweh to speak with him, he took the veil off, until he came out; and he came out, and spoke to the children of Israel that which he was commanded."
Exodus 34:35,makona ũthiũ wake o ũkengete. Nake Musa agacookia taama ũcio wa kwĩhumbĩra ũthiũ nginya rĩrĩa rĩngĩ agaathiĩ kwaria na Jehova.,"The children of Israel saw Moses’ face, that the skin of Moses’ face shone; so Moses put the veil on his face again, until he went in to speak with him."
Exodus 35:1,"Musa nĩonganirie mũingĩ wothe wa andũ a Isiraeli, akĩmeera atĩrĩ, “Maya nĩmo maũndũ marĩa Jehova aamwathĩte mwĩkage:","Moses assembled all the congregation of the children of Israel, and said to them, “These are the words which Yahweh has commanded, that you should do them."
Exodus 35:2,"Wĩra nĩũrutagwo mĩthenya ĩtandatũ, no mũthenya wa mũgwanja ũrĩkoragwo ũrĩ mũthenya wanyu mũtheru, Thabatũ ya Jehova ya kũhurũka. Ũrĩa ũkaaruta wĩra mũthenya ũcio no nginya ooragwo.","‘Six days shall work be done, but on the seventh day there shall be a holy day for you, a Sabbath of solemn rest to Yahweh: whoever does any work in it shall be put to death."
Exodus 35:3,Mũtigaakagie mwaki mũthenya ũcio wa Thabatũ kũrĩa guothe mũrĩtũũraga.”,You shall kindle no fire throughout your habitations on the Sabbath day.’ ”
Exodus 35:4,"Musa akĩĩra mũingĩ wothe wa andũ a Isiraeli atĩrĩ, “Ũũ nĩguo Jehova aathanĩte:","Moses spoke to all the congregation of the children of Israel, saying, “This is the thing which Yahweh commanded, saying,"
Exodus 35:5,"Rutĩrai Jehova maruta kuuma indo-inĩ iria mũrĩ nacio. Mũndũ ũrĩa wothe ũkũigua akĩenda, nĩarehere Jehova iruta rĩa thahabu, na rĩa betha na rĩa gĩcango;","‘Take from among you an offering to Yahweh. Whoever is of a willing heart, let him bring it as Yahweh’s offering: gold, silver, bronze,"
Exodus 35:6,"na rĩa ndigi cia rangi wa bururu, na cia rangi wa ndathi, na cia rangimũtune ta gakarakũ; o na gatani ĩrĩa njega; na guoya wa mbũri;","blue, purple, scarlet, fine linen, goats’ hair,"
Exodus 35:7,"njũa cia ndũrũme itoboketio rangi-inĩ mũtune igatunĩha, na njũa cia pomboo; na mbaũ cia mũgaa;","rams’ skins dyed red, sea cow hides, acacia wood,"
Exodus 35:8,"na maguta ma mũtamaiyũ ma gwakia tawa; na mahuti manungi wega ma gwĩkĩrwo maguta-inĩ ma gũitanĩrĩrio, na ma ũbumba ũrĩa mũnungi wega;","oil for the light, spices for the anointing oil and for the sweet incense,"
Exodus 35:9,na tũhiga twa onigithi na tũhiga tũngĩ twa goro twa gũtumĩrĩrwo nguo ya ebodi na gakuo ga gĩthũri.,"onyx stones, and stones to be set for the ephod and for the breastplate."
Exodus 35:10,"“Arĩa othe marĩ na ũũgĩ wa ũbundi gatagatĩ-inĩ kanyu, nĩmoke mathondeke indo ciothe iria Jehova aathanĩte, nacio nĩ:","“ ‘Let every wise-hearted man among you come, and make all that Yahweh has commanded:"
Exodus 35:11,"Hema ĩrĩa nyamũre na hema yayo o na kĩndũ gĩa kũmĩhumbĩra, na ngathĩka cia kũnyiita, na mbaũ ciakĩo, na mĩgamba yakĩo, na itugĩ na itina ciayo;","the tabernacle, its outer covering, its roof, its clasps, its boards, its bars, its pillars, and its sockets;"
Exodus 35:12,"na ithandũkũ rĩa kĩrĩkanĩro hamwe na mĩtĩ yarĩo, na gĩtĩ gĩa tha, hamwe na gĩtambaya gĩa gũcuurio kĩrĩa gĩa kũhakania;","the ark, and its poles, the mercy seat, the veil of the screen;"
Exodus 35:13,"metha na mĩtĩ yayo, na indo ciayo ciothe, hamwe na mĩgate ya kũigwo mbere ya Jehova,","the table with its poles and all its vessels, and the show bread;"
Exodus 35:14,"na mũtĩ wa kũigĩrĩrwo matawa ma kũmũrĩkaga, hamwe na indo ciaguo, na matawa hamwe na maguta ma kũmaakia;","the lamp stand also for the light, with its vessels, its lamps, and the oil for the light;"
Exodus 35:15,"na kĩgongona kĩa ũbumba na mĩtĩ yakĩo, na maguta ma gũitanĩrĩrio, na ũbumba mũnungi wega; na gĩtambaya gĩa gũcuurio mũrango-inĩ wa itoonyero-inĩ rĩa hema ĩyo nyamũre;","and the altar of incense with its poles, the anointing oil, the sweet incense, the screen for the door, at the door of the tabernacle;"
Exodus 35:16,"na kĩgongona kĩa iruta rĩa njino hamwe na gĩtara gĩakĩo gĩa gĩcango, na mĩtĩ yakĩo, na indo ciakĩo ciothe; na kĩraĩ gĩa gĩcango na kĩgũrũ gĩakĩo;","the altar of burnt offering, with its grating of bronze, its poles, and all its vessels, the basin and its base;"
Exodus 35:17,na itambaya cia gũcuurio cia itoonyero rĩa nja hamwe na itugĩ na itina ciacio na gĩtambaya gĩa gũcuurio gĩa itoonyero rĩa kuuma nja ya hema,"the hangings of the court, its pillars, their sockets, and the screen for the gate of the court;"
Exodus 35:18,"na higĩ cia hema ĩrĩa nyamũre, na cia nja yayo, na mĩkanda yayo;","the pins of the tabernacle, the pins of the court, and their cords;"
Exodus 35:19,na nguo ndume cia kwĩhumbagwo mũndũ agĩtungata arĩ handũ-harĩa-haamũre; nĩcio nguo iria nyamũre cia Harũni ũrĩa mũthĩnjĩri-Ngai o na cia ariũ ake rĩrĩa megũtungata marĩ athĩnjĩri-Ngai.”,"the finely worked garments for ministering in the holy place—the holy garments for Aaron the priest, and the garments of his sons—to minister in the priest’s office.’ ”"
Exodus 35:20,"Naguo mũingĩ wothe wa andũ a Isiraeli ũkĩehera harĩ Musa,",All the congregation of the children of Israel departed from the presence of Moses.
Exodus 35:21,"na mũndũ o wothe ũrĩa weyendeire na ngoro yake yahĩĩahĩaga, nĩokire na akĩrehera Jehova kĩndũ gĩa kũmũrutĩra nĩ ũndũ wa wĩra wa hema-ya-Gũtũnganwo na mawĩra mayo mothe, o na nĩ ũndũ wa nguo iria nyamũre.","They came, everyone whose heart stirred him up, and everyone whom his spirit made willing, and brought Yahweh’s offering for the work of the Tent of Meeting, and for all of its service, and for the holy garments."
Exodus 35:22,"Arĩa maiguire metĩkĩra ũhoro ũcio, arũme na andũ-a-nja o ũndũ ũmwe, nĩmookire na makĩrehe mathaga ma thahabu ma mĩthemba yothe: namo nĩ mbini ngʼemie cia gwĩkĩrwo nguo-inĩ, na icũhĩ cia matũ, na icũhĩ cia ciara na mathaga mangĩ. Othe nĩmarehire thahabu yao ĩtuĩke iruta rĩa gũthũngũthio harĩ Jehova.","They came, both men and women, as many as were willing-hearted, and brought brooches, earrings, signet rings, and armlets, all jewels of gold; even every man who offered an offering of gold to Yahweh."
Exodus 35:23,"Ũrĩa wothe warĩ na ndigi cia rangi wa bururu, kana cia rangi wa ndathi, kana cia rangi mũtune ta gakarakũ, kana gatani ĩrĩa njega, kana guoya wa mbũri, kana njũa cia ndũrũme itoboketio rangi-inĩ mũtune igatunĩha, kana njũa cia pomboo, nĩacireehire.","Everyone with whom was found blue, purple, scarlet, fine linen, goats’ hair, rams’ skins dyed red, and sea cow hides, brought them."
Exodus 35:24,"Andũ arĩa maarehire iruta rĩa betha kana rĩa gĩcango, maarĩrehire rĩrĩ iruta harĩ Jehova, na ũrĩa wothe warĩ na mbaũ cia mũgaa nĩ ũndũ wa wĩra ũcio nĩacireehire.","Everyone who offered an offering of silver and bronze brought Yahweh’s offering; and everyone with whom was found acacia wood for any work of the service, brought it."
Exodus 35:25,"Mũndũ-wa-nja o wothe warĩ mũũgĩ wĩra-inĩ wa kuogotha ndigi na moko make, akĩrehe kĩrĩa ogothete, ndigi cia rangi wa bururu, kana cia rangi wa ndathi, kana cia rangi mũtune ta gakarakũ, kana gatani ĩrĩa njega.","All the women who were wise-hearted spun with their hands, and brought that which they had spun: the blue, the purple, the scarlet, and the fine linen."
Exodus 35:26,"Nao andũ-a-nja othe arĩa meyendeire na nĩ maarĩ na ũũgĩ ũcio, nĩmoogothire ndigi cia guoya wa mbũri.",All the women whose heart stirred them up in wisdom spun the goats’ hair.
Exodus 35:27,Atongoria marehire tũhiga twa onigithi na tũhiga tũngĩ twa goro tũtumĩrĩrwo nguo-inĩ ya ebodi na gakuo ga gĩthũri.,The rulers brought the onyx stones and the stones to be set for the ephod and for the breastplate;
Exodus 35:28,"Nĩmacookire makĩrehe mahuti manungi wega, na maguta ma mĩtamaiyũ ma gwakia tawa, na maguta ma gũitanĩrĩrio o na ma gũthondeka ũbumba ũrĩa mũnungi wega.","with the spice and the oil for the light, for the anointing oil, and for the sweet incense."
Exodus 35:29,"Andũ a Isiraeli othe, arũme na andũ-a-nja arĩa meyendeire, nĩmareheire Jehova maruta ma kwĩyendera nĩ ũndũ wa wĩra ũrĩa Jehova aamaathĩte na kanua ka Musa marute.","The children of Israel brought a free will offering to Yahweh; every man and woman whose heart made them willing to bring for all the work, which Yahweh had commanded to be made by Moses."
Exodus 35:30,"Ningĩ Musa akĩĩra andũ a Isiraeli atĩrĩ, “Onei, Jehova nĩathuurĩte Bezaleli mũrũ wa Uri ũrĩa mũriũ wa Huri, wa mũhĩrĩga wa Juda,","Moses said to the children of Israel, “Behold, Yahweh has called by name Bezalel the son of Uri, the son of Hur, of the tribe of Judah."
Exodus 35:31,"na nĩamũiyũrĩtie na Roho wa Ngai, na ũũgĩ, na ũhoti, na ũmenyo wa mawĩra mothe ma ũbundi","He has filled him with the Spirit of God, in wisdom, in understanding, in knowledge, and in all kinds of workmanship;"
Exodus 35:32,"nĩgeetha athugunde mĩcoro ya ũũgĩ ya indo-inĩ cia thahabu, na betha, na gĩcango,","and to make skillful works, to work in gold, in silver, in bronze,"
Exodus 35:33,"na gwacũhia tũhiga twa goro twa gũthecererwo indo-inĩ, na kũruta wĩra wa gũkaaya mbaũ, na kũruta mawĩra ma mĩcoro ma mĩthemba yothe ya ũbundi.","in cutting of stones for setting, and in carving of wood, to work in all kinds of skillful workmanship."
Exodus 35:34,"Na eerĩ, we marĩ na Oholiabu mũrũ wa Ahisamaku wa mũhĩrĩga wa Dani, nĩamaheete ũhoti wa kũruta andũ arĩa angĩ.","He has put in his heart that he may teach, both he and Oholiab, the son of Ahisamach, of the tribe of Dan."
Exodus 35:35,"Nĩamaiyũrĩtie na ũũgĩ wa kũruta mawĩra mothe, marĩ mabundi, na acori, na agemia na ndigi cia rangi wa bururu, na cia rangi wa ndathi, na cia rangi mũtune ta gakarakũ, na gatani ĩrĩa njega, o na atumi: othe marĩ mabundi moogĩ, na acori oogĩ.","He has filled them with wisdom of heart to work all kinds of workmanship, of the engraver, of the skillful workman, and of the embroiderer, in blue, in purple, in scarlet, and in fine linen, and of the weaver, even of those who do any workmanship, and of those who make skillful works."
Exodus 36:1,"“Nĩ ũndũ ũcio Bezaleli, na Oholiabu, na mũndũ o wothe warĩ mũũgĩ na wĩra, arĩa Jehova aheete ũũgĩ na ũhoti wa kũmenya kũruta wĩra ũcio wothe wa gwaka handũ-harĩa-haamũre, makĩruta wĩra ũcio o ta ũrĩa Mwathani aathanĩte ũrutwo.”","“Bezalel and Oholiab shall work with every wise-hearted man, in whom Yahweh has put wisdom and understanding to know how to do all the work for the service of the sanctuary, according to all that Yahweh has commanded.”"
Exodus 36:2,"Ningĩ Musa agĩĩta Bezaleli na Oholiabu na mũndũ o wothe warĩ mũũgĩ, ũrĩa Jehova aheete ũhoti, na ũrĩa warĩ na wendo wa gũũka kũruta wĩra ũcio.","Moses called Bezalel and Oholiab, and every wise-hearted man, in whose heart Yahweh had put wisdom, even everyone whose heart stirred him up to come to the work to do it."
Exodus 36:3,Nao makĩamũkĩra kuuma kũrĩ Musa maruta mothe marĩa andũ a Isiraeli maarehete ma kũruta wĩra wa gwaka handũ-harĩa-haamũre. Nao andũ magĩthiĩ o na mbere kũrehe maruta ma kwĩyendera rũciinĩ o rũciinĩ.,"They received from Moses all the offering which the children of Israel had brought for the work of the service of the sanctuary, with which to make it. They kept bringing free will offerings to him every morning."
Exodus 36:4,"Nĩ ũndũ ũcio mabundi mothe marĩa maarĩ na ũũgĩ, arĩa maarutaga wĩra wothe wa gwaka handũ-harĩa-haamũre, makĩamba gũtiga wĩra wao,","All the wise men, who performed all the work of the sanctuary, each came from his work which he did."
Exodus 36:5,"na makĩĩra Musa atĩrĩ, “Andũ nĩmararehe indo makĩria ya iria ibatarainie wĩra-inĩ ũrĩa Jehova aathanĩte ũrutwo.”","They spoke to Moses, saying, “The people have brought much more than enough for the service of the work which Yahweh commanded to make.”"
Exodus 36:6,"Nake Musa akĩruta watho, nao magĩtwara ũhoro ũcio kambĩ-inĩ guothe: “Gũtirĩ mũndũ mũrũme kana mũndũ-wa-nja ũgũcooka kũrehe iruta rĩngĩ nĩ ũndũ wa handũ-harĩa- haamũre.” Nĩ ũndũ ũcio andũ makĩrigĩrĩrio gũcooka kũrehe indo ingĩ,","Moses gave a commandment, and they caused it to be proclaimed throughout the camp, saying, “Let neither man nor woman make anything else for the offering for the sanctuary.” So the people were restrained from bringing."
Exodus 36:7,tondũ indo iria maarĩ nacio ciarĩ nyingĩ makĩria ma iria ciabatarainie kũruta wĩra ũcio wothe.,"For the stuff they had was sufficient to do all the work, and too much."
Exodus 36:8,"Andũ othe arĩa maarĩ oogĩ thĩinĩ wa aruti a wĩra magĩthondeka hema nyamũre na itambaya ikũmi cia gũcuurio itumĩtwo na gatani yogothetwo wega na ndigi cia rangi wa bururu, na cia rangi wa ndathi, na cia rangi mũtune ta gakarakũ, na ikĩgemio na makerubi nĩ mũtumi mũũgĩ wa wĩra ũcio.","All the wise-hearted men among those who did the work made the tabernacle with ten curtains of fine twined linen, blue, purple, and scarlet. They made them with cherubim, the work of a skillful workman."
Exodus 36:9,"Itambaya ciothe cia gũcuurio nĩciaiganaine, ciarĩ cia mĩkono mĩrongo ĩĩrĩ na ĩnana* kũraiha, na mĩkono ĩna† kwarama.","The length of each curtain was twenty-eight cubits,† and the width of each curtain four cubits. All the curtains had one measure."
Exodus 36:10,"Makĩnyiitithania itambaya ithano hamwe, na magĩĩka o ro ũguo na icio ingĩ ithano.","He coupled five curtains to one another, and the other five curtains he coupled to one another."
Exodus 36:11,"Ningĩ magĩkundĩka ciana cia gĩtambaya kĩa rangi wa bururu mũthia-inĩ wa gĩtambaya gĩa gũcuurio kĩrĩa kĩrĩ mũico-inĩ wa mwena ũmwe, na magĩĩka o ro ũguo harĩ gĩtambaya gĩa gũcuurio kĩa mũico kĩa mwena ũcio ũngĩ.",He made loops of blue on the edge of the one curtain from the edge in the coupling. Likewise he made in the edge of the curtain that was outermost in the second coupling.
Exodus 36:12,"Magĩcooka magĩkundĩka ciana ingĩ mĩrongo ĩtano gĩtambaya-inĩ kĩmwe gĩa gũcuurio kĩa mwena ũmwe, na ingĩ mĩrongo ĩtano gĩtambaya-inĩ gĩa gũcuurio kĩa mũico kĩa mwena ũcio ũngĩ, o kĩana kĩringaine na kĩrĩa kĩngĩ.","He made fifty loops in the one curtain, and he made fifty loops in the edge of the curtain that was in the second coupling. The loops were opposite to one another."
Exodus 36:13,"Ningĩ magĩthondeka ngathĩka mĩrongo ĩtano cia thahabu na magĩcihũthĩra kũohithania itambaya icio cia gũcuurio cia mĩena yeerĩ, nĩ ũndũ ũcio hema ĩyo nyamũre ĩgĩtuĩka kĩndũ kĩmwe.","He made fifty clasps of gold, and coupled the curtains to one another with the clasps: so the tabernacle was a unit."
Exodus 36:14,Ningĩ magĩtuma itambaya cia gũcuurio ikũmi na kĩmwe cia guoya wa mbũri igĩtuĩka cia kũhumbĩra hema ĩrĩa nyamũre.,He made curtains of goats’ hair for a covering over the tabernacle. He made them eleven curtains.
Exodus 36:15,"Itambaya icio ciothe cia gũcuurio ikũmi na kĩmwe nĩciaiganaine; ciarĩ cia mĩkono mĩrongo ĩtatũ‡ kũraiha, na mĩkono ĩna§ kwarama.","The length of each curtain was thirty cubits, and four cubits the width of each curtain. The eleven curtains had one measure."
Exodus 36:16,"Magĩtumithania itambaya ithano cia gũcuurio igĩtuĩka kĩndũ kĩmwe, na cio icio ingĩ ithathatũ igĩtumithanio hamwe.","He coupled five curtains by themselves, and six curtains by themselves."
Exodus 36:17,"Ningĩ magĩkundĩka ciana mĩrongo ĩtano mũthia-inĩ wa gĩtambaya gĩa gũcuurio kĩa mũico kĩa mwena ũmwe, na magĩĩka o ũguo mũthia-inĩ wa gĩtambaya gĩa gũcuurio kĩa mũico kĩa mwena ũrĩa ũngĩ.","He made fifty loops on the edge of the curtain that was outermost in the coupling, and he made fifty loops on the edge of the curtain which was outermost in the second coupling."
Exodus 36:18,Ningĩ magĩthondeka ngathĩka mĩrongo ĩtano cia gĩcango cia kuohania hema ĩtuĩke kĩndũ kĩmwe.,"He made fifty clasps of bronze to couple the tent together, that it might be a unit."
Exodus 36:19,"Magĩcooka magĩthondekera hema kĩhumbĩri kĩa njũa cia ndũrũme itoboketio rangi-inĩ mũtune igatunĩha, na igũrũ wakĩo hakĩhumbĩrwo na njũa cia pomboo.","He made a covering for the tent of rams’ skins dyed red, and a covering of sea cow hides above."
Exodus 36:20,Ningĩ magĩthondeka buremu cia kũmĩrũgamia cia mbaũ cia mũtĩ wa mũgaa nĩ ũndũ wa hema ĩyo nyamũre.,"He made the boards for the tabernacle of acacia wood, standing up."
Exodus 36:21,"O buremu yarĩ ya mĩkono ikũmi* kũraiha, na mũkono ũmwe na nuthu† kwarama,","Ten cubits was the length of a board, and a cubit and a half the width of each board."
Exodus 36:22,natuo tũhocio tũgĩcomoka tũigananĩirie. Maathondekire buremu ciothe cia hema ĩyo nyamũre na njĩra ĩyo.,"Each board had two tenons, joined to one another. He made all the boards of the tabernacle this way."
Exodus 36:23,"Ningĩ magĩthondeka buremu mĩrongo ĩĩrĩ cia mwena wa gũthini wa hema ĩyo nyamũre,","He made the boards for the tabernacle, twenty boards for the south side southward."
Exodus 36:24,"na magĩthondeka itina mĩrongo ĩna cia betha cia gwĩkĩrwo rungu rwacio; o itina igĩrĩ ikanyiitĩrĩra buremu ĩmwe, rungu rwa kahocio kamwe.","He made forty sockets of silver under the twenty boards: two sockets under one board for its two tenons, and two sockets under another board for its two tenons."
Exodus 36:25,"Cia mwena ũcio ũngĩ, mwena wa gathigathini wa hema ĩyo nyamũre, magĩthondeka buremu mĩrongo ĩĩrĩ","For the second side of the tabernacle, on the north side, he made twenty boards"
Exodus 36:26,"na itina mĩrongo ĩna cia betha, o igĩrĩ igaikarĩrwo nĩ buremu ĩmwe.","and their forty sockets of silver: two sockets under one board, and two sockets under another board."
Exodus 36:27,"Ningĩ magĩthondeka buremu ithathatũ cia mwena wa na thuutha, nĩguo mwena wa mũthia wa ithũĩro wa hema ĩyo nyamũre,",For the far part of the tabernacle westward he made six boards.
Exodus 36:28,na buremu igĩrĩ igĩthondekwo nĩ ũndũ wa tũkoine-inĩ twa hema ĩyo nyamũre cia mwena wa na thuutha.,He made two boards for the corners of the tabernacle in the far part.
Exodus 36:29,"Koine-inĩ ici cierĩ, buremu ciarĩ igĩrĩ igĩrĩ, kuuma thĩ nginya igũrũ, ikoohanio na mũrĩnga ũmwe; nacio cierĩ igakorwo ihaanaine.","They were double beneath, and in the same way they were all the way to its top to one ring. He did this to both of them in the two corners."
Exodus 36:30,Nĩ ũndũ ũcio haarĩ na buremu inyanya na itina ikũmi na ithathatũ cia betha; o igĩrĩ igaikarĩrwo nĩ buremu ĩmwe.,"There were eight boards and their sockets of silver, sixteen sockets—under every board two sockets."
Exodus 36:31,"Magĩcooka magĩthondeka mĩgamba ya mbaũ cia mũgaa: ĩtano yayo nĩ ũndũ wa buremu cia mwena ũmwe wa hema ĩyo nyamũre,","He made bars of acacia wood: five for the boards of the one side of the tabernacle,"
Exodus 36:32,"na ĩtano nĩ ũndũ wa buremu cia mwena ũcio ũngĩ, na ĩtano nĩ ũndũ wa buremu cia mwena wa ithũĩro, mũthia-inĩ wa na thuutha wa hema ĩyo nyamũre.","and five bars for the boards of the other side of the tabernacle, and five bars for the boards of the tabernacle for the hinder part westward."
Exodus 36:33,Maathondekire mũgamba wa gatagatĩ uumĩte mũthia ũmwe nginya ũrĩa ũngĩ hau gatagatĩ ga buremu icio.,He made the middle bar to pass through in the middle of the boards from the one end to the other.
Exodus 36:34,"Nĩmagemirie buremu icio na thahabu, na magĩthondeka mĩrĩnga ya thahabu ya kũnyiitĩrĩra mĩgamba ĩyo. Magĩcooka makĩgemia mĩgamba ĩyo na thahabu.","He overlaid the boards with gold, and made their rings of gold as places for the bars, and overlaid the bars with gold."
Exodus 36:35,"Nĩmatumire gĩtambaya gĩa gũcuurio kĩa ndigi cia rangi wa bururu, na cia rangi wa ndathi, na cia rangi mũtune ta gakarakũ, na gatani ĩrĩa njogothe wega, na gĩkĩgemio na makerubi nĩ mũbundi mũũgĩ.","He made the veil of blue, purple, scarlet, and fine twined linen, with cherubim. He made it the work of a skillful workman."
Exodus 36:36,"Makĩmĩthondekera itugĩ inya cia mbaũ cia mĩgaa na magĩcigemia na thahabu. Magĩcooka magĩthondeka tũcuurio twa thahabu, na magĩtwekia itina inya ciacio cia betha.","He made four pillars of acacia for it, and overlaid them with gold. Their hooks were of gold. He cast four sockets of silver for them."
Exodus 36:37,"Itoonyero-inĩ rĩa hema makĩrĩthondekera gĩtambaya gĩa gũcuurio kĩa ndigi cia rangi wa bururu, na cia rangi wa ndathi, na cia rangi mũtune ta gakarakũ, na gatani ĩrĩa njogothe wega, nakĩo kĩagemetio nĩ mũgemia mũũgĩ;","He made a screen for the door of the tent, of blue, purple, scarlet, and fine twined linen, the work of an embroiderer;"
Exodus 36:38,"na magĩthondeka itugĩ ithano irĩ na tũcuurio twacio. Makĩgemia itugĩ icio na igũrũ na mĩcibi yacio na thahabu, na magĩcithondekera itina ithano cia gĩcango.","and the five pillars of it with their hooks. He overlaid their capitals and their fillets with gold, and their five sockets were of bronze."
Exodus 37:1,"Bezaleli nĩathondekire ithandũkũ rĩa kĩrĩkanĩro rĩa mbaũ cia mũgaa, mũigana wa mĩkono ĩĩrĩ* kũraiha, na mũkono ũmwe na nuthu† kwarama, na mũkono ũmwe na nuthu kũraiha na igũrũ.","Bezalel made the ark of acacia wood. Its length was two and a half cubits,† and its width a cubit and a half, and a cubit and a half its height."
Exodus 37:2,"Akĩrĩgemia na thahabu therie thĩinĩ na nja, na akĩrĩtiriha na mũcibi wa thahabu mĩena yothe.","He overlaid it with pure gold inside and outside, and made a molding of gold for it around it."
Exodus 37:3,"Nĩarĩtwekeirie icũhĩ inya cia thahabu na agĩciohania na magũrũ marĩo mana, o icũhĩ igĩrĩ mwena ũmwe na icũhĩ igĩrĩ mwena ũrĩa ũngĩ.","He cast four rings of gold for it in its four feet—two rings on its one side, and two rings on its other side."
Exodus 37:4,Ningĩ agĩthondeka mĩtĩ mĩraaya ya mũgaa na akĩmĩgemia na thahabu.,He made poles of acacia wood and overlaid them with gold.
Exodus 37:5,Agĩcooka agĩtoonyia mĩtĩ ĩyo mĩraaya mĩrĩnga-inĩ ĩyo yarĩ mĩena-inĩ ya ithandũkũ ĩrĩ ya kũrĩkuua.,"He put the poles into the rings on the sides of the ark, to bear the ark."
Exodus 37:6,"Nĩarĩthondekeire gĩtĩ gĩa tha gĩa thahabu, therie kĩa ũraihu wa mĩkono ĩrĩ na nuthu,‡ na wariĩ wa mũkono ũmwe na nuthu.§","He made a mercy seat of pure gold. Its length was two and a half cubits, and a cubit and a half its width."
Exodus 37:7,Agĩcooka agĩtura makerubi meerĩ ma thahabu akĩmekĩra mĩthia- inĩ ya gĩtĩ kĩu gĩa tha.,"He made two cherubim of gold. He made them of beaten work, at the two ends of the mercy seat:"
Exodus 37:8,Nĩathondekire ikerubi rĩmwe rĩikare mũthia-inĩ ũmwe na ikerubi rĩu rĩngĩ rĩikare mũthia-inĩ ũrĩa ũngĩ; mĩthia-inĩ ĩyo yeerĩ akĩmathondeka marĩ kĩndũ kĩmwe na gĩtĩ gĩa tha.,"one cherub at the one end, and one cherub at the other end. He made the cherubim of one piece with the mercy seat at its two ends."
Exodus 37:9,"Mathagu ma makerubi macio matambũrũkĩtio na igũrũ, magathiĩka gĩtĩ kĩu gĩa tha. Makerubi macio maathondeketwo maroranĩte, na marorete gĩtĩ kĩu gĩa tha.","The cherubim spread out their wings above, covering the mercy seat with their wings, with their faces toward one another. The faces of the cherubim were toward the mercy seat."
Exodus 37:10,"Nĩmathondekire metha ya mbaũ cia mũgaa, ũraihu wayo warĩ mĩkono ĩĩrĩ,* na wariĩ wayo warĩ mũkono ũmwe,† na kũraiha na igũrũ kwayo kwarĩ mũkono ũmwe na nuthu.‡","He made the table of acacia wood. Its length was two cubits, and its width was a cubit, and its height was a cubit and a half."
Exodus 37:11,"Ningĩ makĩmĩgemia na thahabu therie, na makĩmĩtiriha na mũcibi wa thahabu.","He overlaid it with pure gold, and made a gold molding around it."
Exodus 37:12,"Magĩcooka makĩmĩthondekera karũbaũ gaceke ka wariĩ wa rũhĩ,§ gagĩthiũrũrũkĩria metha ĩyo, na magĩgatiriha na mũcibi wa thahabu.","He made a border of a hand’s width around it, and made a golden molding on its border around it."
Exodus 37:13,"Magĩtwekeria metha ĩyo mĩrĩnga ĩna ya thahabu, na makĩmĩoherera koine-inĩ inya ciayo, o harĩa magũrũ mayo mana maarĩ.","He cast four rings of gold for it, and put the rings in the four corners that were on its four feet."
Exodus 37:14,"Icũhĩ icio ciekĩrirwo hakuhĩ na mũcibi wa karũbaũ karĩa gaceke, nĩgeetha ĩnyiitagĩrĩre mĩtĩ ĩrĩa mĩraaya yahũthagĩrwo gũkuua metha ĩyo.","The rings were close by the border, the places for the poles to carry the table."
Exodus 37:15,"Mĩtĩ ĩyo mĩraaya ya gũkuua metha yarĩ ya mbaũ cia mũgaa, na ĩkagemio na thahabu.","He made the poles of acacia wood, and overlaid them with gold, to carry the table."
Exodus 37:16,"Ningĩ magĩthondeka indo cia thahabu therie, cia kũigagĩrĩrwo metha, na nacio nĩ: thaani, na thaani nene, na mbakũri, na ndigithũ cia gũitaga iruta rĩa kũnyuuo.","He made the vessels which were on the table, its dishes, its spoons, its bowls, and its pitchers with which to pour out, of pure gold."
Exodus 37:17,"Nĩmathondekire mũtĩ wa kũigĩrĩrwo matawa wa thahabu therie. Mũrũgamo waguo na gĩtina kĩaguo igĩturwo inyiitanĩte o hamwe na ikombe ciaguo na mahũa maguo, na tũkonyo twaguo; ciothe igĩkorwo irĩ kĩndũ kĩmwe naguo.","He made the lamp stand of pure gold. He made the lamp stand of beaten work. Its base, its shaft, its cups, its buds, and its flowers were of one piece with it."
Exodus 37:18,"Mũtĩ ũcio warĩ na honge ithathatũ ciumĩte mĩena-inĩ ya mũrũgamo wa mũtĩ ũcio wa kũigĩrĩrwo matawa; ithatũ mwena ũmwe, na ithatũ mwena ũrĩa ũngĩ.","There were six branches going out of its sides: three branches of the lamp stand out of its one side, and three branches of the lamp stand out of its other side:"
Exodus 37:19,"Ikombe ithatũ ciaturĩtwo ihaana ta mahũa ma mũrothi, irĩ na tũkonyo na mahũa, igakorwo rũhonge-inĩ rũmwe, nacio ithatũ igakorwo rũhonge-inĩ rũu rũngĩ; honge icio ciothe ithathatũ ciahaanaga ũguo ciumĩte mũtĩ-inĩ ũcio wa kũigĩrĩrwo matawa.","three cups made like almond blossoms in one branch, a bud and a flower, and three cups made like almond blossoms in the other branch, a bud and a flower; so for the six branches going out of the lamp stand."
Exodus 37:20,"Na mũtĩ-inĩ ũcio wa kũigĩrĩrwo matawa haarĩ na ikombe inya ciathondeketwo ihaana ta mahũa ma mũrothi, irĩ na tũkonyo na mahũa.","In the lamp stand were four cups made like almond blossoms, its buds and its flowers;"
Exodus 37:21,"Gakonyo kamwe kaarĩ rungu rwa honge igĩrĩ ciumĩte mũrũgamo-inĩ wa mũtĩ ũcio wa kũigĩrĩrwo matawa, nako gakonyo ga keerĩ kaarĩ rungu rwa honge cia keerĩ igĩrĩ, na gakonyo ga gatatũ kaarĩ rungu rwa honge cia gatatũ igĩrĩ; ciothe ciarĩ honge ithathatũ.","and a bud under two branches of one piece with it, and a bud under two branches of one piece with it, and a bud under two branches of one piece with it, for the six branches going out of it."
Exodus 37:22,"Tũkonyo na honge ciarĩ kĩndũ kĩmwe na mũtĩ ũcio wa kũigĩrĩrwo matawa, iturĩtwo kuuma thahabu therie.",Their buds and their branches were of one piece with it. The whole thing was one beaten work of pure gold.
Exodus 37:23,"Nĩmathondekire matawa mũgwanja maguo, o ũndũ ũmwe na magathĩ ma gũtinia ndaambĩ, na thaani cia mũrarĩ wa ndaambĩ, cia thahabu therie.","He made its seven lamps, and its snuffers, and its snuff dishes, of pure gold."
Exodus 37:24,Maahũthĩrire taranda ĩmwe* ya thahabu therie gũthondeka mũtĩ ũcio wa kũigĩrĩrwo matawa na indo ciaguo ciothe.,"He made it of a talent‡ of pure gold, with all its vessels."
Exodus 37:25,"Nĩmathondekire kĩgongona gĩa gũcinĩra ũbumba na mbaũ cia mũgaa. Kĩaiganaine mĩena yothe, mũigana wa mũkono ũmwe† kũraiha, na mũkono ũmwe kwarama, na mĩkono ĩĩrĩ‡ kũraiha na igũrũ. Hĩa ciakĩo ciarĩ kĩndũ kĩmwe na kĩgongona.","He made the altar of incense of acacia wood. It was square: its length was a cubit, and its width a cubit. Its height was two cubits. Its horns were of one piece with it."
Exodus 37:26,Magĩkĩgemia igũrũ na mĩena yothe o na hĩa ciakĩo na thahabu therie na magĩgĩtiriha na mũcibi wa thahabu ũgĩgĩthiũrũrũkĩria.,"He overlaid it with pure gold: its top, its sides around it, and its horns. He made a gold molding around it."
Exodus 37:27,"Magĩthondeka mĩrĩnga ĩĩrĩ ya thahabu mũhuro wa mũcibi ũcio, ĩĩrĩ mwena ũmwe na ĩĩrĩ mwena ũrĩa ũngĩ. Mĩrĩnga ĩyo nĩyo yatoonyagio mĩtĩ ĩrĩa mĩraihu yatũmagĩrwo gũgĩkuua.","He made two golden rings for it under its molding crown, on its two ribs, on its two sides, for places for poles with which to carry it."
Exodus 37:28,Magĩcooka magĩthondeka mĩtĩ ĩngĩ mĩraaya ya mũgaa na makĩmĩgemia na thahabu.,"He made the poles of acacia wood, and overlaid them with gold."
Exodus 37:29,"O na ningĩ magĩthondeka maguta matheru ma gũitanĩrĩrio na ũbumba mũnungi wega ũrĩa mũtherie, wĩra wa mũthondeki mũũgĩ wa maguta.","He made the holy anointing oil and the pure incense of sweet spices, after the art of the perfumer."
Exodus 38:1,"Nĩmakire kĩgongona kĩa iruta rĩa njino kĩa mbaũ cia mũgaa, kĩa mĩkono ĩtatũ* kũraiha na igũrũ; kĩaiganaine mĩena yothe; mĩkono ĩtano† kũraiha na mĩkono ĩtano kwarama.","He made the altar of burnt offering of acacia wood. It was square. Its length was five cubits,† its width was five cubits, and its height was three cubits."
Exodus 38:2,"Nĩmathondekire hĩa inya, o rũmwe koine-inĩ ĩmwe ya kĩgongona, nĩ ũndũ ũcio hĩa icio na kĩgongona igĩtuĩka kĩndũ kĩmwe, na makĩgemia kĩgongona kĩu na gĩcango.","He made its horns on its four corners. Its horns were of one piece with it, and he overlaid it with bronze."
Exodus 38:3,"Nĩmathondekire indo ciakĩo ciothe irĩ cia gĩcango; na nĩcio nyũngũ, na icakũri, na mbakũri cia wĩra wa kũminjaminjĩria, na njibe cia nyama, na ngĩo cia mwaki.","He made all the vessels of the altar: the pots, the shovels, the basins, the forks, and the fire pans. He made all its vessels of bronze."
Exodus 38:4,"Nĩmathondekire kĩrũtara gĩa kĩgongona gĩa gĩcango, gĩa kũigwo rungu rwa muoho wakĩo, rũkinye nuthu ya ũraihu wa kĩgongona.","He made for the altar a grating of a network of bronze, under the ledge around it beneath, reaching halfway up."
Exodus 38:5,Magĩtwekia mĩrĩnga ya gĩcango ya kũnyiitĩrĩra mĩtĩ ĩrĩa mĩraaya ya koine inya cia kĩrũtara gĩa gĩcango.,"He cast four rings for the four corners of bronze grating, to be places for the poles."
Exodus 38:6,Magĩthondeka mĩtĩ mĩraaya ya mbaũ cia mũgaa na magĩcigemia na gĩcango.,"He made the poles of acacia wood, and overlaid them with bronze."
Exodus 38:7,"Magĩtoonyia itugĩ icio mĩrĩnga-inĩ nĩguo ikoragwo mĩena-inĩ ya kĩgongona nĩ ũndũ wa gũgĩkuua. Maagĩthondekire na mbaũ, kĩrĩ na ihoro thĩinĩ.","He put the poles into the rings on the sides of the altar, with which to carry it. He made it hollow with planks."
Exodus 38:8,Nĩmathondekire kĩraĩ gĩa gwĩthambĩra gĩa gĩcango na kĩgũrũ gĩakĩo gĩa gĩcango kuuma icicio-inĩ cia andũ-a-nja arĩa maarutaga wĩra itoonyero-inĩ rĩa Hema-ya-Gũtũnganwo.,"He made the basin of bronze, and its base of bronze, out of the mirrors of the ministering women who ministered at the door of the Tent of Meeting."
Exodus 38:9,"Thuutha ũcio magĩthondeka nja ya hema ĩyo nyamũre. Mwena wa gũthini ũgĩĩkĩrwo ũrĩ wa mĩkono igana‡ kũraiha, na warĩ na itambaya cia gũcuurio cia gatani yogothetwo wega.","He made the court: for the south side southward the hangings of the court were of fine twined linen, one hundred cubits;"
Exodus 38:10,"Itambaya icio ciarĩ na itugĩ mĩrongo ĩĩrĩ, na itina ciacio mĩrongo ĩĩrĩ cia gĩcango, na tũcuurio na tũmĩkwa twa betha, twĩkĩrĩtwo itugĩ-inĩ icio.","their pillars were twenty, and their sockets twenty, of bronze; the hooks of the pillars and their fillets were of silver."
Exodus 38:11,"Mwena wa gathigathini o naguo warĩ wa mĩkono igana kũraiha, na warĩ na itugĩ mĩrongo ĩĩrĩ na itina ciacio mĩrongo ĩĩrĩ cia gĩcango, na warĩ na tũcuurio na tũmĩkwa twa betha twĩkĩrĩtwo itugĩ-inĩ.","For the north side one hundred cubits, their pillars twenty, and their sockets twenty, of bronze; the hooks of the pillars, and their fillets, of silver."
Exodus 38:12,"Mwena wa ithũĩro wa nja ĩyo warĩ wa mĩkono mĩrongo ĩtano§ kwarama na warĩ na itambaya cia gũcuurio, na itugĩ ikũmi na itina ikũmi na warĩ na tũcuurio na tũmĩkwa twa betha twĩkĩrĩtwo itugĩ-inĩ.","For the west side were hangings of fifty cubits, their pillars ten, and their sockets ten; the hooks of the pillars, and their fillets, of silver."
Exodus 38:13,Mwena wa irathĩro o naguo warĩ wa mĩkono mĩrongo ĩtano kwarama.,"For the east side eastward fifty cubits,"
Exodus 38:14,"Itambaya cia gũcuurio ciarĩ cia ũraihu wa mĩkono ikũmi na ĩtano,* na ciarĩ mwena ũmwe wa itoonyero rĩa nja ĩyo, irĩ na itugĩ ithatũ na itina ithatũ;","the hangings for the one side were fifteen cubits; their pillars three, and their sockets three;"
Exodus 38:15,"na itambaya cia gũcuurio ciarĩ cia ũraihu wa mĩkono ikũmi na ĩtano na ciarĩ mwena ũcio ũngĩ wa itoonyero, irĩ na itugĩ ithatũ na itina ithatũ.","and so for the other side: on this hand and that hand by the gate of the court were hangings of fifteen cubits; their pillars three, and their sockets three."
Exodus 38:16,Itambaya ciothe cia gũcuurio iria ciathiũrũrũkĩirie nja ciarĩ cia gatani yogothetwo wega.,All the hangings around the court were of fine twined linen.
Exodus 38:17,Itina cia itugĩ icio ciarĩ cia gĩcango. Tũcuurio na tũmĩkwa tũrĩa twekĩrĩtwo itugĩ-inĩ twarĩ twa betha na igũrũ wacio ciagemetio na betha; Nĩ ũndũ ũcio itugĩ ciothe cia nja ĩyo ciarĩ na tũmĩkwa twa betha.,The sockets for the pillars were of bronze. The hooks of the pillars and their fillets were of silver. Their capitals were overlaid with silver. All the pillars of the court had silver bands.
Exodus 38:18,"Itambaya cia gũcuurio cia itoonyero rĩa nja ĩyo ciarĩ cia ndigi cia rangi wa bururu, na cia rangi wa ndathi, na cia rangi mũtune ta gakarakũ, na gatani ĩrĩa njogothe wega; wĩra wa mũgemia mũũgĩ. Yarĩ ya mĩkono mĩrongo ĩĩrĩ† kũraiha, na mĩkono ĩtano‡ kũraiha na igũrũ, o ta ũrĩa itambaya cia gũcuurio cia nja ĩyo ciatariĩ.","The screen for the gate of the court was the work of the embroiderer, of blue, purple, scarlet, and fine twined linen. Twenty cubits was the length, and the height along the width was five cubits, like the hangings of the court."
Exodus 38:19,"na ĩgĩkorwo na itugĩ inya na itina inya cia gĩcango. Tũcuurio na tũmĩkwa twacio twarĩ twa betha, na igũrũ wacio ciagemetio na betha.","Their pillars were four, and their sockets four, of bronze; their hooks of silver, and the overlaying of their capitals, and their fillets, of silver."
Exodus 38:20,Higĩ ciothe cia hema ĩyo nyamũre na cia nja ĩrĩa yamĩthiũrũrũkĩirie ciarĩ cia gĩcango.,"All the pins of the tabernacle, and around the court, were of bronze."
Exodus 38:21,"Ũyũ nĩguo mũigana wa indo iria ciahũthĩrirwo gwaka hema ĩyo nyamũre, Hema-ĩrĩa-ya-Ũira, iria ciandĩkirwo nĩ Alawii o ta ũrĩa Musa aathanĩte matongoretio nĩ Ithamaru mũrũ wa Harũni ũrĩa mũthĩnjĩri-Ngai.","These are the amounts of materials used for the tabernacle, even the Tabernacle of the Testimony, as they were counted, according to the commandment of Moses, for the service of the Levites, by the hand of Ithamar, the son of Aaron the priest."
Exodus 38:22,"(Bezaleli mũrũ wa Uri, ũrĩa warĩ mũrũ wa Huri, wa mũhĩrĩga wa Juda, nĩathondekire kĩrĩa gĩothe Jehova aathĩte Musa;","Bezalel the son of Uri, the son of Hur, of the tribe of Judah, made all that Yahweh commanded Moses."
Exodus 38:23,"nake aarĩ hamwe na Oholiabu mũrũ wa Ahisamaku, wa mũhĩrĩga wa Dani, ũrĩa warĩ mũbundi na mũcori mũũgĩ, na wamenyete kũgemia na ndigi cia rangi wa bururu, na cia rangi wa ndathi, na cia rangi mũtune ta gakarakũ, na gatani ĩrĩa njega.)","With him was Oholiab, the son of Ahisamach, of the tribe of Dan, an engraver, and a skillful workman, and an embroiderer in blue, in purple, in scarlet, and in fine linen."
Exodus 38:24,"Mũigana wa thahabu yothe ĩrĩa yarutirwo kuuma kũrĩ iruta rĩa gũthũngũthio ĩrĩa yahũthĩrirwo kũruta wĩra wothe wa handũ-harĩa-haamũre, yarĩ taranda 29 na cekeri 730,§ kũringana na cekeri ya handũ-harĩa- haamũre.","All the gold that was used for the work in all the work of the sanctuary, even the gold of the offering, was twenty-nine talents‡ and seven hundred thirty shekels, according to the shekel§ of the sanctuary."
Exodus 38:25,"Betha ĩrĩa yarehirwo nĩ mũingĩ ũrĩa watarirwo hĩndĩ ya itarana yarĩ taranda 100 na cekeri 1,775,* kũringana na cekeri ya handũ-harĩa-haamũre,","The silver of those who were counted of the congregation was one hundred talents† and one thousand seven hundred seventy-five shekels,‡ according to the shekel of the sanctuary:"
Exodus 38:26,"o mũndũ aarutĩte beka ĩmwe,† nayo nĩ ũndũ ũmwe na nuthu ya cekeri, kũringana na cekeri ya handũ-harĩa-haamũre, nayo yarutirwo nĩ mũndũ o wothe wakĩraga agathiĩ harĩ arĩa maatarĩtwo, arĩa maarĩ na ũkũrũ wa mĩaka mĩrongo ĩĩrĩ na makĩria, nao othe maarĩ arũme 603,550.","a beka§ a head, that is, half a shekel, according to the shekel† of the sanctuary, for everyone who passed over to those who were counted, from twenty years old and upward, for six hundred three thousand five hundred fifty men."
Exodus 38:27,"Taranda icio 100 cia betha‡ ciahũthĩrirwo gũtwekia itina cia handũ- harĩa-haamũre na itina cia itambaya cia gũcuurio; taranda 100 igĩaka itina 100, ũguo nĩ ta kuuga taranda ĩmwe ĩgaaka gĩtina kĩmwe.","The one hundred talents‡ of silver were for casting the sockets of the sanctuary and the sockets of the veil: one hundred sockets for the one hundred talents, one talent per socket."
Exodus 38:28,"Nĩmahũthĩrire cekeri icio 1,775§ gũthondeka tũcuurio twa itugĩ, na kũgemia itugĩ na igũrũ, na gũthondeka tũmĩkwa twacio.","From the one thousand seven hundred seventy-five shekels§ he made hooks for the pillars, overlaid their capitals, and made fillets for them."
Exodus 38:29,"Gĩcango kĩrĩa kĩarutĩtwo kuuma iruta rĩa gũthũngũthio kĩarĩ gĩa taranda 70 na cekeri 2,400.*",The bronze of the offering was seventy talents† and two thousand four hundred shekels.‡
Exodus 38:30,"Maahũthĩrire gĩcango kĩu na gũthondeka itina cia itoonyero rĩa Hema-ya-Gũtũnganwo, na gwaka kĩgongona gĩa gĩcango hamwe na kĩrũtara gĩakĩo gĩa gĩcango na indo ciakĩo ciothe,","With this he made the sockets to the door of the Tent of Meeting, the bronze altar, the bronze grating for it, all the vessels of the altar,"
Exodus 38:31,"na gwaka itina cia nja ĩrĩa yamĩthiũrũrũkĩirie na itina iria cia itoonyero rĩayo, na higĩ ciothe cia hema ĩyo nyamũre, na higĩ cia nja ĩrĩa yamĩthiũrũrũkĩirie. 39","the sockets around the court, the sockets of the gate of the court, all the pins of the tabernacle, and all the pins around the court."
Exodus 39:1,"Nĩmatumire nguo na ndigi cia rangi wa bururu, na cia rangi wa ndathi, na cia rangi mũtune ta gakarakũ, cia kũrutaga wĩra nacio handũ-harĩa-haamũre. Magĩcooka magĩtumĩra Harũni nguo theru, o ta ũrĩa Jehova aathĩte Musa.","Of the blue, purple, and scarlet, they made finely worked garments for ministering in the holy place, and made the holy garments for Aaron, as Yahweh commanded Moses."
Exodus 39:2,"Nĩmatumire ebodi na ndigi cia rangi wa thahabu, na ndigi cia rangi wa bururu, na cia rangi wa ndathi na cia rangi mũtune ta gakarakũ, na cia gatani ĩrĩa yogothetwo wega.","He made the ephod of gold, blue, purple, scarlet, and fine twined linen."
Exodus 39:3,"Nĩmahũũrire thahabu makĩmĩtua tũbaati tũhũthu, magĩtũtinangia nguucio cia gũtumanio na ndigi cia rangi wa bururu, na cia rangi wa ndathi, na cia rangi mũtune ta gakarakũ, na gatani ĩrĩa njega, wĩra wa mũbundi mũũgĩ.","They beat the gold into thin plates, and cut it into wires, to work it in with the blue, the purple, the scarlet, and the fine linen, the work of the skillful workman."
Exodus 39:4,"Ningĩ nĩmatumire ndaamĩ cia ciande cia ebodi, nacio ikĩohererwo koine-inĩ igĩrĩ ciayo, nĩguo inyiitithanio nayo.","They made shoulder straps for it, joined together. It was joined together at the two ends."
Exodus 39:5,"Naguo mũcibi wayo wa njohero watumĩtwo wega ũkahaanana nayo, na warĩ o gĩcunjĩ kĩmwe na ebodi, na ũgathondekwo na ndigi cia rangi wa thahabu, na ndigi cia rangi wa bururu, na cia rangi wa ndathi, na cia rangi mũtune ta gakarakũ, na gatani ĩrĩa yogothetwo wega, o ta ũrĩa Jehova aathĩte Musa.","The skillfully woven band that was on it, with which to fasten it on, was of the same piece, like its work: of gold, of blue, purple, scarlet, and fine twined linen, as Yahweh commanded Moses."
Exodus 39:6,"Nao magĩtumĩrĩra tũhiga twa onigithi tũkonyo-inĩ twa thahabu, na magĩtũkurura marĩĩtwa ma ariũ a Isiraeli, o ta ũrĩa mũndũ akururaga kahengere ka mũhũũri.","They worked the onyx stones, enclosed in settings of gold, engraved with the engravings of a signet, according to the names of the children of Israel."
Exodus 39:7,"Magĩcooka magĩtuoherera ndaamĩ-inĩ cia ciande cia ebodi tũrĩ twa kĩririkania kĩa ariũ a Isiraeli, o ta ũrĩa Jehova aathĩte Musa.","He put them on the shoulder straps of the ephod, to be stones of memorial for the children of Israel, as Yahweh commanded Moses."
Exodus 39:8,"Magĩthondeka gakuo ga gwĩkĩrwo ga gĩthũri; karĩ wĩra wa mũbundi mũũgĩ. Magĩgathondeka o ta ebodi ĩyo: karĩ ga thahabu, na ka ndigi cia rangi wa bururu, na cia rangi wa ndathi, na cia rangi mũtune ta gakarakũ, na gatani ĩrĩa yogothetwo wega.","He made the breastplate, the work of a skillful workman, like the work of the ephod: of gold, of blue, purple, scarlet, and fine twined linen."
Exodus 39:9,"Gakuo kau kaiganaine mĩena yothe ĩna, karĩ ka inji kenda* kũraiha na inji kenda kwarama, na gakoinanĩrwo maita meerĩ.","It was square. They made the breastplate double. Its length was a span,† and its width a span, being double."
Exodus 39:10,"Ningĩ magĩgatumĩrĩra mĩhari ĩna ya tũhiga twa goro. Mũhari wa mbere magĩtumĩrĩra kahiga ka wakiki ũrĩa mũtune, na ka yakuti ĩrĩa ĩhaana ngoikoni, na ka baregethu;","They set in it four rows of stones. A row of ruby, topaz, and beryl was the first row;"
Exodus 39:11,"mũhari wa keerĩ magĩtumĩrĩra kahiga ga thumarati, na ka yakuti ĩrĩa ya rangi wa bururu, na ka arimathi;","and the second row, a turquoise, a sapphire,‡ and an emerald;"
Exodus 39:12,"mũhari wa gatatũ magĩtumĩrĩra kahiga ka wakiki ũrĩa wa bururu, na ka yacimu, na ka amethuthito;","and the third row, a jacinth, an agate, and an amethyst;"
Exodus 39:13,"mũhari wa kana magĩtumĩrĩra kahiga ga thumarati ĩrĩa theru, na ka onigithi, na ka njathibi. Natuo tũgĩtumĩrĩrwo tũkonyo-inĩ tũgemie twa thahabu.","and the fourth row, a chrysolite, an onyx, and a jasper. They were enclosed in gold settings."
Exodus 39:14,"Tũgĩkorwo tũrĩ tũhiga ikũmi na twĩrĩ, o kamwe gakarũgamĩrĩra rĩmwe rĩa marĩĩtwa ma ariũ a Isiraeli, o kamwe gagakururwo rĩĩtwa rĩa mũhĩrĩga ũmwe wa ĩrĩa ikũmi na ĩĩrĩ ya Isiraeli, o ta ũrĩa kahengere ka mũhũũri gakururagwo.","The stones were according to the names of the children of Israel, twelve, according to their names; like the engravings of a signet, everyone according to his name, for the twelve tribes."
Exodus 39:15,"Nĩmathondekeire gakuo kau ga gĩthũri mĩgathĩ ya thahabu therie, ĩhaana ta mũkanda.","They made on the breastplate chains like cords, of braided work of pure gold."
Exodus 39:16,"Ningĩ magĩthondeka tũkonyo twĩrĩ tũgemie twa thahabu, na mĩrĩnga ĩĩrĩ ya thahabu, na makĩoherera mĩrĩnga ĩyo koine-inĩ igĩrĩ cia gakuo kau ga gĩthũri.","They made two settings of gold, and two gold rings, and put the two rings on the two ends of the breastplate."
Exodus 39:17,"Makĩnyiitithania mĩgathĩ ĩyo ĩĩrĩ ya thahabu na mĩrĩnga ĩrĩa yarĩ koine-inĩ cia gakuo kau ga gĩthũri,",They put the two braided chains of gold in the two rings at the ends of the breastplate.
Exodus 39:18,"na mĩthia ĩrĩa ĩngĩ ya mĩgathĩ makĩmĩnyiitithania na tũkonyo tũu twĩrĩ twarĩ tũgemie twa thahabu, magĩtuohania na ndaamĩ cia kĩande kĩa ebodi mwena wa mbere.","The other two ends of the two braided chains they put on the two settings, and put them on the shoulder straps of the ephod, in its front."
Exodus 39:19,"Magĩthondeka mĩrĩnga ĩĩrĩ ya thahabu na makĩmĩnyiitithania na koine igĩrĩ cia gakuo ga gĩthũri mũico-inĩ wa na thĩinĩ, kũrigania na ebodi.","They made two rings of gold, and put them on the two ends of the breastplate, on its edge, which was toward the side of the ephod inward."
Exodus 39:20,"Magĩcooka magĩthondeka mĩrĩnga ĩngĩ ĩĩrĩ ya thahabu na makĩmĩnyiitithania na mwena wa magũrũ-inĩ ma ndaamĩ cia kĩande mwena-inĩ wa mbere wa ebodi, hakuhĩ na rũtumo, igũrũ hanini wa mũcibi wa ebodi.","They made two more rings of gold, and put them on the two shoulder straps of the ephod underneath, in its front, close by its coupling, above the skillfully woven band of the ephod."
Exodus 39:21,"Makĩohania mĩrĩnga ya gakuo ga gĩthũri kũrĩ mĩrĩnga ya ebodi na rũrigi rwa rangi wa bururu, magĩcinyiitithania na mũcibi wa njohero nĩgeetha gakuo ga gĩthũri gatikarekanie na ebodi, o ta ũrĩa Jehova aathĩte Musa.","They bound the breastplate by its rings to the rings of the ephod with a lace of blue, that it might be on the skillfully woven band of the ephod, and that the breastplate might not come loose from the ephod, as Yahweh commanded Moses."
Exodus 39:22,"Nĩmatumire nguo ndaaya ya ebodi ya taama wa bururu mũtheri, nayo yatumĩtwo nĩ mũtumi mũũgĩ.","He made the robe of the ephod of woven work, all of blue."
Exodus 39:23,"Yarĩ na harũkĩrio ya gũtoonyeria mũtwe gatagatĩ kayo, ningĩ ĩgĩtirihwo mĩthia-inĩ ta kara, nĩgeetha ndĩgatarũke.","The opening of the robe in the middle of it was like the opening of a coat of mail, with a binding around its opening, that it should not be torn."
Exodus 39:24,"Ningĩ magĩthondeka tũcunjuura tũtariĩ ta matunda ma makomamanga, twa ndigi cia rangi wa bururu, na twa ndigi cia rangi wa ndathi, na twa rangi mũtune ta gakarakũ, na gatani ĩrĩa yogothetwo wega, tũgĩthiũrũrũka rũtumo rwa magũrũ-inĩ ma nguo ĩyo ndaaya.","They made on the skirts of the robe pomegranates of blue, purple, scarlet, and twined linen."
Exodus 39:25,Magĩcooka magĩthondeka ngengere cia thahabu therie magĩcitumĩrĩra rũtumo-inĩ rũu gatagatĩ ga tũcunjuura tũu tũhaana matunda ma makomamanga.,"They made bells of pure gold, and put the bells between the pomegranates around the skirts of the robe, between the pomegranates;"
Exodus 39:26,"Ngengere na tũcunjuura tũu tũhaana matunda ma makomamanga igĩthiĩ ihakanĩtio gũthiũrũrũka rũtumo rwa nguo ĩyo ndaaya; ya kwĩhumbwo nĩ mũndũ agĩtungata, o ta ũrĩa Jehova aathĩte Musa.","a bell and a pomegranate, a bell and a pomegranate, around the skirts of the robe, to minister in, as Yahweh commanded Moses."
Exodus 39:27,"Nĩmatumĩire Harũni na ariũ ake kanjũ cia gatani njega, itumĩtwo nĩ mũtumi mũũgĩ.","They made the tunics of fine linen of woven work for Aaron and for his sons,"
Exodus 39:28,"Makĩmatumĩra iremba cia gatani njega, na tũkũbia twa gatani, na thuruarĩ cia thĩinĩ cia gatani ĩrĩa yogothetwo wega.","the turban of fine linen, the linen headbands of fine linen, the linen trousers of fine twined linen,"
Exodus 39:29,"Mũcibi warĩ wa gatani ĩrĩa njogothe wega na ndigi cia rangi wa bururu, na cia rangi wa ndathi, na cia rangi mũtune ta gakarakũ, wĩra wa mũgemia mũũgĩ, o ta ũrĩa Jehova aathĩte Musa.","the sash of fine twined linen, blue, purple, and scarlet, the work of the embroiderer, as Yahweh commanded Moses."
Exodus 39:30,"Magĩthondeka gatanji kaamũre ga thahabu therie, na igũrũ rĩako magĩkurura, o ta ũrĩa mũhũũri ũkururagwo, ciugo ici: MŨTHERU MWAMŨRĨRE JEHOVA.","They made the plate of the holy crown of pure gold, and wrote on it an inscription, like the engravings of a signet: “HOLY TO YAHWEH”."
Exodus 39:31,"Ningĩ makĩoherera gatanji kau na rũrigi rwa rangi wa bururu, magĩkanyiitithania na kĩremba, o ta ũrĩa Jehova aathĩte Musa.","They tied to it a lace of blue, to fasten it on the turban above, as Yahweh commanded Moses."
Exodus 39:32,Nĩ ũndũ ũcio wĩra wothe wa gwaka hema ĩyo nyamũre na Hema-ya-Gũtũnganwo ũkĩrĩka. Andũ a Isiraeli magĩĩka maũndũ mothe o ta ũrĩa Jehova aathĩte Musa.,Thus all the work of the tabernacle of the Tent of Meeting was finished. The children of Israel did according to all that Yahweh commanded Moses; so they did.
Exodus 39:33,"Ningĩ makĩrehe hema ĩyo nyamũre kũrĩ Musa: hema na indo ciayo ciothe na ngathĩka ciayo, na buremu, na mĩgamba, na itugĩ na itina ciayo;","They brought the tabernacle to Moses: the tent, with all its furniture, its clasps, its boards, its bars, its pillars, its sockets,"
Exodus 39:34,"na kĩhumbĩri kĩa njũa cia ndũrũme itoboketio rangi-inĩ mũtune, igatunĩha, na kĩhumbĩri kĩa njũa cia pomboo, na gĩtambaya gĩa gũcuurio gĩa kũhakania;","the covering of rams’ skins dyed red, the covering of sea cow hides, the veil of the screen,"
Exodus 39:35,"ithandũkũ rĩa Ũira na mĩtĩ mĩraaya yarĩo, hamwe na gĩtĩ gĩa tha;","the ark of the covenant with its poles, the mercy seat,"
Exodus 39:36,"metha na indo ciayo ciothe, na mĩgate ya kũigwo Mbere ya Jehova;","the table, all its vessels, the show bread,"
Exodus 39:37,"mũtĩ wa thahabu therie wa kũigĩrĩrwo matawa, hamwe na mĩhari ya matawa na indo ciaguo ciothe, o na maguta ma kũmaakia;","the pure lamp stand, its lamps, even the lamps to be set in order, all its vessels, the oil for the light,"
Exodus 39:38,"kĩgongona gĩa thahabu, na maguta ma gũitanĩrĩrio, na ũbumba mũnungi wega, na gĩtambaya gĩa gũcuurio gĩa itoonyero-inĩ rĩa hema;","the golden altar, the anointing oil, the sweet incense, the screen for the door of the Tent,"
Exodus 39:39,kĩgongona gĩa gĩcango hamwe na kĩrũtara gĩakĩo gĩa gĩcango na itugĩ ciakĩo na indo ciakĩo ciothe; na kĩraĩ gĩa gwĩthambĩra na kĩgũrũ gĩakĩo;,"the bronze altar, its grating of bronze, its poles, all of its vessels, the basin and its base,"
Exodus 39:40,"itambaya cia gũcuurio cia nja, na itugĩ ciacio, na itina ciacio, na gĩtambaya gĩa gũcuurio gĩa itoonyero rĩa kuuma nja wa hema; na mĩkanda na higĩ cia nja; na indo ciothe cia hema ĩrĩa nyamũre, na Hema-ya-Gũtũnganwo;","the hangings of the court, its pillars, its sockets, the screen for the gate of the court, its cords, its pins, and all the instruments of the service of the tabernacle, for the Tent of Meeting,"
Exodus 39:41,"na nguo ndume cia kwĩhumbwo nĩ mũndũ agĩtungata thĩinĩ wa handũ- harĩa-haamũre, nguo iria theru cia Harũni ũrĩa mũthĩnjĩri-Ngai, o na cia ariũ ake cia kwĩhumba rĩrĩa mekũruta wĩra wa mũthĩnjĩri-Ngai.","the finely worked garments for ministering in the holy place, the holy garments for Aaron the priest, and the garments of his sons, to minister in the priest’s office."
Exodus 39:42,Andũ a Isiraeli maarutire wĩra wothe o ta ũrĩa Jehova aathĩte Musa.,"According to all that Yahweh commanded Moses, so the children of Israel did all the work."
Exodus 39:43,Musa akĩona wĩra ũrĩa warutĩtwo nake akĩona atĩ nĩmaũrutĩte o ta ũrĩa Jehova aathanĩte. Nĩ ũndũ ũcio Musa akĩmarathima.,"Moses saw all the work, and behold, they had done it as Yahweh had commanded. They had done so; and Moses blessed them."
Exodus 40:1,Ningĩ Jehova akĩĩra Musa atĩrĩ:,"Yahweh spoke to Moses, saying,"
Exodus 40:2,"“Ũgaaka hema ĩyo nyamũre, nĩo Hema-ya-Gũtũnganwo, mũthenya wa mbere wa mweri wa mbere.",“On the first day of the first month you shall raise up the tabernacle of the Tent of Meeting.
Exodus 40:3,"Nĩũkaiga ithandũkũ rĩa Ũira thĩinĩ wayo, na ũhakanie ithandũkũ rĩu na gĩtambaya gĩa gũcuurio.","You shall put the ark of the covenant in it, and you shall screen the ark with the veil."
Exodus 40:4,"Ningĩ nĩũgatoonyia metha na ũmĩigĩrĩre indo ciayo, na ũcibange wega. Ningĩ ũtoonyie mũtĩ wa tawa, na ũũigĩrĩre matawa maguo.","You shall bring in the table, and set in order the things that are on it. You shall bring in the lamp stand, and light its lamps."
Exodus 40:5,"Ningĩ ũige kĩgongona gĩa thahabu gĩa gũcinĩrwo ũbumba mbere ya Ithandũkũ rĩu rĩa Ũira, na wĩkĩre gĩtambaya gĩa gũcuurio itoonyero-inĩ rĩa hema ĩyo nyamũre.","You shall set the golden altar for incense before the ark of the covenant, and put the screen of the door to the tabernacle."
Exodus 40:6,"“Iga kĩgongona kĩa maruta ma njino mbere ya itoonyero rĩa hema ĩyo nyamũre, na nĩyo Hema- ya-Gũtũnganwo;",“You shall set the altar of burnt offering before the door of the tabernacle of the Tent of Meeting.
Exodus 40:7,"ũige kĩraĩ gĩa gwĩthambĩrwo gatagatĩ ka Hema-ya-Gũtũnganwo na kĩgongona, na ũgĩĩkĩre maaĩ.","You shall set the basin between the Tent of Meeting and the altar, and shall put water therein."
Exodus 40:8,"Aka nja ĩmĩthiũrũrũkĩrie, na wĩkĩre gĩtambaya gĩa gũcuurio itoonyero-inĩ rĩa nja ĩyo.","You shall set up the court around it, and hang up the screen of the gate of the court."
Exodus 40:9,"“Oya maguta ma gũitanĩrĩrio, na ũitĩrĩrie hema ĩyo nyamũre na kĩrĩa gĩothe kĩrĩ thĩinĩ wayo; mĩamũre na indo ciayo ciothe, na nĩĩgatuĩka theru.","“You shall take the anointing oil, and anoint the tabernacle and all that is in it, and shall make it holy, and all its furniture, and it will be holy."
Exodus 40:10,"Ningĩ ũitĩrĩrie maguta kĩgongona kĩa maruta ma njino na indo ciakĩo ciothe; wamũre kĩgongona kĩu, nakĩo nĩgĩgatuĩka gĩtheru mũno.","You shall anoint the altar of burnt offering, with all its vessels, and sanctify the altar, and the altar will be most holy."
Exodus 40:11,"Itĩrĩria kĩraĩ gĩa gwĩthambĩrwo na kĩgũrũ gĩakĩo maguta, ũciamũre.","You shall anoint the basin and its base, and sanctify it."
Exodus 40:12,"“Rehe Harũni na ariũ ake itoonyero-inĩ rĩa Hema-ya-Gũtũnganwo, na ũmathambie na maaĩ.","“You shall bring Aaron and his sons to the door of the Tent of Meeting, and shall wash them with water."
Exodus 40:13,"Ningĩ ũhumbe Harũni nguo iria theru, ũmũitĩrĩrie maguta, na ũmwamũre nĩguo andungatĩre arĩ mũthĩnjĩri-Ngai.","You shall put on Aaron the holy garments; and you shall anoint him, and sanctify him, that he may minister to me in the priest’s office."
Exodus 40:14,"Rehe ariũ ake, ũmahumbe kanjũ.","You shall bring his sons, and put tunics on them."
Exodus 40:15,"Maitĩrĩrie maguta o ta ũrĩa ũitĩrĩirie ithe wao, nĩguo mandungatĩre marĩ athĩnjĩri-Ngai. Gũitĩrĩrio maguta kwao nĩkũmatoonyia ũtungata-inĩ wa ũthĩnjĩri-Ngai ũrĩa ũgũtũũra njiarwa-inĩ ciothe iria igooka.”","You shall anoint them, as you anointed their father, that they may minister to me in the priest’s office. Their anointing shall be to them for an everlasting priesthood throughout their generations.”"
Exodus 40:16,Nake Musa agĩĩka maũndũ mothe o ta ũrĩa Jehova aamwathĩte.,"Moses did so. According to all that Yahweh commanded him, so he did."
Exodus 40:17,"Nĩ ũndũ ũcio hema ĩyo nyamũre ĩgĩakwo mũthenya wa mbere wa mweri wa mbere, mwaka-inĩ wa keerĩ.","In the first month in the second year, on the first day of the month, the tabernacle was raised up."
Exodus 40:18,"Rĩrĩa Musa aakire hema ĩyo nyamũre, nĩaigire itina handũ ha cio, na akĩrũgamia buremu, agĩtoonyia mĩgamba na akĩrũgamia itugĩ.","Moses raised up the tabernacle, and laid its sockets, and set up its boards, and put in its bars, and raised up its pillars."
Exodus 40:19,Ningĩ agĩtambũrũkia hema igũrũ rĩa hema ĩyo nyamũre na akĩigĩrĩra kĩhumbĩri igũrũ rĩa hema o ta ũrĩa Jehova aamwathĩte.,"He spread the covering over the tent, and put the roof of the tabernacle above on it, as Yahweh commanded Moses."
Exodus 40:20,"Agĩcooka akĩoya ihengere cia Ũira, na agĩciiga thĩinĩ wa ithandũkũ rĩa kĩrĩkanĩro. Akĩnyiitithania mĩtĩ ĩrĩa mĩraaya na ithandũkũ, na akĩiga gĩtĩ gĩa tha igũrũ rĩa ithandũkũ rĩu.","He took and put the covenant into the ark, and set the poles on the ark, and put the mercy seat above on the ark."
Exodus 40:21,"Ningĩ akĩrehe ithandũkũ rĩa kĩrĩkanĩro thĩinĩ wa hema ĩyo nyamũre, na agĩĩkĩra gĩtambaya gĩa kũhakania na akĩhakania ithandũkũ rĩa Ũira o ta ũrĩa Jehova aamwathĩte.","He brought the ark into the tabernacle, and set up the veil of the screen, and screened the ark of the covenant, as Yahweh commanded Moses."
Exodus 40:22,"Musa akĩiga metha thĩinĩ wa Hema-ya-Gũtũnganwo mwena wa gathigathini wa hema ĩyo nyamũre, nja ya gĩtambaya gĩa gũcuurio","He put the table in the Tent of Meeting, on the north side of the tabernacle, outside of the veil."
Exodus 40:23,"na akĩigĩrĩra mĩgate igũrũ rĩayo o hau mbere ya Jehova, o ta ũrĩa Jehova aamwathĩte.","He set the bread in order on it before Yahweh, as Yahweh commanded Moses."
Exodus 40:24,"Akĩiga mũtĩ wa kũigĩrĩrwo matawa thĩinĩ wa Hema-ya-Gũtũnganwo ũngʼetheire metha mwena wa gũthini wa hema ĩyo nyamũre,","He put the lamp stand in the Tent of Meeting, opposite the table, on the south side of the tabernacle."
Exodus 40:25,"na agĩakia matawa macio mbere ya Jehova, o ta ũrĩa Jehova aamwathĩte.","He lit the lamps before Yahweh, as Yahweh commanded Moses."
Exodus 40:26,"Musa agĩtoonyia kĩgongona gĩa thahabu thĩinĩ wa Hema-ya-Gũtũnganwo hau mbere ya gĩtam- baya gĩa gũcuurio,",He put the golden altar in the Tent of Meeting before the veil;
Exodus 40:27,na agĩcinĩra ũbumba ũrĩa mũnungi wega ho o ta ũrĩa Jehova aamwathĩte.,"and he burned incense of sweet spices on it, as Yahweh commanded Moses."
Exodus 40:28,Ningĩ agĩcuuria gĩtambaya itoonyero-inĩ rĩa hema ĩyo nyamũre.,He put up the screen of the door to the tabernacle.
Exodus 40:29,"Ningĩ akĩiga kĩgongona kĩa maruta ma njino hakuhĩ na itoonyero rĩa hema ĩyo nyamũre, nĩyo Hema-ya-Gũtũnganwo, na akĩrutĩra magongona ma njino igũrũ rĩakĩo o na magongona ma ngano, o ta ũrĩa Jehova aamwathĩte.","He set the altar of burnt offering at the door of the tabernacle of the Tent of Meeting, and offered on it the burnt offering and the meal offering, as Yahweh commanded Moses."
Exodus 40:30,"Nĩaigire kĩraĩ gĩa gwĩthambĩrwo gatagatĩ ka Hema-ya-Gũtũnganwo na kĩgongona na agĩgĩĩkĩra maaĩ ma gwĩthamba,","He set the basin between the Tent of Meeting and the altar, and put water therein, with which to wash."
Exodus 40:31,nake Musa na Harũni na ariũ ake magĩtũmĩra maaĩ macio gwĩthamba moko na magũrũ.,"Moses, Aaron, and his sons washed their hands and their feet there."
Exodus 40:32,Nĩmethambaga hĩndĩ ciothe magĩtoonya Hema-ya-Gũtũnganwo kana magĩkuhĩrĩria kĩgongona o ta ũrĩa Jehova aathĩte Musa.,"When they went into the Tent of Meeting, and when they came near to the altar, they washed, as Yahweh commanded Moses."
Exodus 40:33,Ningĩ Musa agĩaka nja gũthiũrũrũka hema ĩyo nyamũre na kĩgongona na agĩĩkĩra gĩtambaya gĩa gũcuurio itoonyero rĩa nja ĩyo. Na nĩ ũndũ ũcio Musa akĩrĩkia wĩra ũcio.,"He raised up the court around the tabernacle and the altar, and set up the screen of the gate of the court. So Moses finished the work."
Exodus 40:34,"Hĩndĩ ĩyo itu rĩkĩhumbĩra Hema-ya-Gũtũnganwo, naguo riiri wa Jehova ũkĩiyũra hema ĩyo nyamũre.","Then the cloud covered the Tent of Meeting, and Yahweh’s glory filled the tabernacle."
Exodus 40:35,"Musa ndangĩahotire gũtoonya Hema-ya-Gũtũnganwo tondũ itu rĩaikarĩte igũrũ rĩayo, naguo riiri wa Jehova ũkaiyũra hema ĩyo nyamũre.","Moses wasn’t able to enter into the Tent of Meeting, because the cloud stayed on it, and Yahweh’s glory filled the tabernacle."
Exodus 40:36,"Ngʼendo-inĩ ciothe cia andũ a Isiraeli-rĩ, hĩndĩ ĩrĩa yothe itu rĩoyagwo na igũrũ kuuma hema ĩyo nyamũre, nĩguo moimagaraga;","When the cloud was taken up from over the tabernacle, the children of Israel went onward, throughout all their journeys;"
Exodus 40:37,"no itu rĩĩaga kuoywo na igũrũ, nao makaaga kuumagara, nginya mũthenya ũrĩa rĩkoywo na igũrũ.","but if the cloud wasn’t taken up, then they didn’t travel until the day that it was taken up."
Exodus 40:38,"Nĩ ũndũ ũcio itu rĩa Jehova rĩaikaraga igũrũ wa hema ĩyo nyamũre mũthenya, naguo mwaki wakoragwo itu-inĩ rĩu ũtukũ, rĩgakĩonagwo nĩ nyũmba yothe ya Isiraeli mahinda mothe ngʼendo-inĩ ciao ciothe.","For the cloud of Yahweh was on the tabernacle by day, and there was fire in the cloud by night, in the sight of all the house of Israel, throughout all their journeys."
