Reference,Kikuyu,English
Isaiah 1:1,"Maya nĩmo maũndũ marĩa maaguũrĩirio Isaia mũrũ wa Amozu, makoniĩ Juda na Jerusalemu hĩndĩ ya wathani wa Uzia, na wa Jothamu, na wa Ahazu, na wa Hezekia, arĩa maarĩ athamaki a Juda.","The vision of Isaiah the son of Amoz, which he saw concerning Judah and Jerusalem, in the days of Uzziah, Jotham, Ahaz, and Hezekiah, kings of Judah."
Isaiah 1:2,"Atĩrĩrĩ, wee igũrũ, ta thikĩrĩria! Nawe thĩ ta igua! Nĩgũkorwo Jehova nĩarĩtie akoiga atĩrĩ: “Niĩ heete ciana irio, ngacirera igakũra, no cio ikaanemera.","Hear, heavens, and listen, earth; for Yahweh† has spoken: “I have nourished and brought up children and they have rebelled against me."
Isaiah 1:3,"Ndegwa nĩyũũĩ mwene yo, nayo ndigiri ĩkamenya mũharatĩ wa mwene yo, no Isiraeli ndarĩ ũndũ ooĩ, andũ akwa nĩmagĩte ũmenyo.”","The ox knows his owner, and the donkey his master’s crib; but Israel doesn’t know. My people don’t consider.”"
Isaiah 1:4,"Hĩ! Kaĩ mũrĩ rũrĩrĩ rwĩhagia-ĩ. Mũrĩ andũ matitikĩte mahĩtia, na rũruka rwa andũ mekaga ũũru, na ciana ciĩrutĩire gũthũkia maũndũ! Nĩmatiganĩirie Jehova; nĩmamenete Ũrĩa Mũtheru wa Isiraeli, makamũhutatĩra, magacooka na thuutha.","Ah sinful nation, a people loaded with iniquity, offspring‡ of evildoers, children who deal corruptly! They have forsaken Yahweh. They have despised the Holy One of Israel. They are estranged and backward."
Isaiah 1:5,"Nĩ kĩĩ gĩgũtũma mwende gũikara mũkĩhũũragwo? Nĩ kĩĩ gĩgũtũma mũthiĩ o na mbere kũrema? Mũtwe wothe nĩmũtihangie, nayo ngoro yothe ĩkanyamarĩka.","Why should you be beaten more, that you revolt more and more? The whole head is sick, and the whole heart faint."
Isaiah 1:6,"Kuuma ikinya rĩa kũgũrũ nginya mũtwe gũtirĩ handũ hagima: no nguraro theri, na mĩtũnda, na ironda cia ndĩĩra itarĩ thambie, kana ikoohwo, kana ikororoiyo na maguta.","From the sole of the foot even to the head there is no soundness in it, but wounds, welts, and open sores. They haven’t been closed, bandaged, or soothed with oil."
Isaiah 1:7,"Bũrũri wanyu ũkirĩte ihooru, matũũra manyu manene magacinwo na mwaki; mĩgũnda yanyu ĩramathwo ĩgatigwo ũtheri nĩ andũ a kũngĩ o mũkĩonaga, ĩkoonũhwo ta ĩngʼaũranĩtio nĩ ageni.*","Your country is desolate. Your cities are burned with fire. Strangers devour your land in your presence and it is desolate, as overthrown by strangers."
Isaiah 1:8,"Mwarĩ wa Zayuni atiganĩirio ta gĩthũnũ kĩrĩ mũgũnda wa mĩthabibũ, agatiganĩrio ta kanyũmba karĩ mũgũnda wa marenge, o na ta itũũra inene rĩthiũrũrũkĩirio nĩ thũ ikĩenda kũrĩtunyana.","The daughter of Zion is left like a shelter in a vineyard, like a hut in a field of melons, like a besieged city."
Isaiah 1:9,"Tiga Jehova Mwene-Hinya-Wothe aatũtigĩirie matigari manini ma andũ-rĩ, tũngĩtuĩkĩte ta Sodomu, na tũkahaana ta Gomora!","Unless Yahweh of Armies had left to us a very small remnant, we would have been as Sodom. We would have been like Gomorrah."
Isaiah 1:10,"Thikĩrĩriai kiugo kĩa Jehova, inyuĩ mwathanaga Sodomu; na mũigue watho wa Ngai witũ, inyuĩ andũ a Gomora!","Hear Yahweh’s word, you rulers of Sodom! Listen to the law of our God,§ you people of Gomorrah!"
Isaiah 1:11,"“Magongona macio manyu mũndutagĩra maingĩ-rĩ, nĩ ma kĩ kũrĩ niĩ?” Ũguo nĩguo Jehova ekũũria. “Nĩnjiganĩtwo nĩ magongona ma njino, na magongona ma ndũrũme, na maguta ma nyamũ noru; niĩ ndikenagĩra thakame ya ndegwa, na ya tũtũrũme, o na ya mbũri.","“What are the multitude of your sacrifices to me?”, says Yahweh. “I have had enough of the burnt offerings of rams and the fat of fed animals. I don’t delight in the blood of bulls, or of lambs, or of male goats."
Isaiah 1:12,"Nũũ ũkoragwo amwĩrĩte mũndutĩre magongona macio rĩrĩa mũgũũka mbere yakwa kũũhooya, mũkĩrangaga nja cia nyũmba yakwa?","When you come to appear before me, who has required this at your hand, to trample my courts?"
Isaiah 1:13,"Tigai gũcooka kũrehe maruta ma tũhũ! Ũbumba wanyu nĩ kĩndũ kĩa magigi harĩ niĩ. Ndingĩhota gũkirĩrĩria ciũngano cianyu cia waganu: mĩcemanio yanyu ya Karũgamo ka Mweri, na Thabatũ, o na ciathĩ iria njathane.","Bring no more vain offerings. Incense is an abomination to me. New moons, Sabbaths, and convocations— I can’t stand evil assemblies."
Isaiah 1:14,"Ngoro yakwa nĩĩthũire ciathĩ cianyu cia Karũgamo ka Mweri, o na ciathĩ iria njathane. Maũndũ macio matuĩkĩte mũrigo harĩ niĩ, nĩmanogetie.",My soul hates your New Moons and your appointed feasts. They are a burden to me. I am weary of bearing them.
Isaiah 1:15,"Hĩndĩ ĩrĩa mwambararia moko manyu na igũrũ mũkĩhooya, nĩndĩrĩmũhithaga maitho makwa ndikamuone; o na mũngĩhooya mahooya maingĩ ndirĩmũiguaga. Nĩgũkorwo moko manyu maiyũrĩtwo nĩ thakame;","When you spread out your hands, I will hide my eyes from you. Yes, when you make many prayers, I will not hear. Your hands are full of blood."
Isaiah 1:16,"mwĩthambei mwĩtherie. Eheriai ciĩko cianyu njũru maitho-inĩ makwa! Tigai gwĩka maũndũ mooru,",Wash yourselves. Make yourself clean. Put away the evil of your doings from before my eyes. Cease to do evil.
Isaiah 1:17,"mwĩrutei gwĩkaga wega! Thingatagai ciira wa kĩhooto, na mũkoomĩrĩria arĩa ahinyĩrĩrie. Tuagai ciira wa ciana cia ngoriai na kĩhooto, na mũthaithanagĩrĩre mũtumia wa ndigwa.”",Learn to do well. Seek justice. Relieve the oppressed. Defend the fatherless. Plead for the widow.”
Isaiah 1:18,"Jehova ekuuga atĩrĩ, “Ũkai tũciire. O na mehia manyu mangĩkorwo matunĩhĩte ta gakarakũ-rĩ, nĩmagathera o ta ira; o na maatuĩka matunĩhĩte ta thakame, nĩmakerũha o ta guoya wa ngʼondu.","“Come now, and let’s reason together,” says Yahweh: “Though your sins are as scarlet, they shall be as white as snow. Though they are red like crimson, they shall be as wool."
Isaiah 1:19,"Mũngĩnjigua na mũnjathĩkĩre, nĩ mũrĩrĩĩaga indo iria njega mũno cia bũrũri;","If you are willing and obedient, you will eat the good of the land;"
Isaiah 1:20,"no mũngĩrema na mũrege gwathĩka, mũkaaniinwo na rũhiũ rwa njora.” Nĩgũkorwo nĩ kanua ka Jehova koigĩte ũguo.","but if you refuse and rebel, you will be devoured with the sword; for Yahweh’s mouth has spoken it.”"
Isaiah 1:21,"Hĩ! Kaĩ itũũra inene rĩrĩa rĩĩhokeku nĩrĩtuĩkĩte ta mũmaraya-ĩ! Hĩndĩ ĩmwe rĩaiyũrĩte ũtuanĩri ciira wa kĩhooto; ũthingu nĩguo watũũraga thĩinĩ warĩo, no rĩu nĩ oragani matũũraga kuo!","How the faithful city has become a prostitute! She was full of justice. Righteousness lodged in her, but now there are murderers."
Isaiah 1:22,"Betha yanyu ĩtuĩkĩte gĩko, ndibei yanyu ĩrĩa njega mũno ĩgatukanio na maaĩ.","Your silver has become dross, your wine mixed with water."
Isaiah 1:23,"Andũ anyu arĩa mamwathaga nĩ kũrema maremete, magatuĩka a thiritũ ya aici; othe nĩmendete mahaki, nao mahanyũkanagia na indo cia kũheo. Maticiiragĩra ciana cia ngoriai na kĩhooto; na matithikagĩrĩria ciira wa mũtumia wa ndigwa.","Your princes are rebellious and companions of thieves. Everyone loves bribes and follows after rewards. They don’t defend the fatherless, neither does the cause of the widow come to them."
Isaiah 1:24,"Nĩ ũndũ ũcio, Mwathani, Jehova Mwene-Hinya-Wothe, O we Mwene Hinya wa Isiraeli, ekuuga atĩrĩ, “Hĩ! Nĩngaitĩrĩria amuku akwa mangʼũrĩ makwa, na ndĩĩrĩhĩrie harĩ thũ ciakwa.","Therefore the Lord,† Yahweh of Armies, the Mighty One of Israel, says: “Ah, I will get relief from my adversaries, and avenge myself on my enemies."
Isaiah 1:25,"Nĩngagũũkĩrĩra na guoko gwakwa; ngagũtheria gĩko gĩaku gĩthire biũ, na maũndũ maku mothe marĩa matarĩ matheru ndĩmatherie.","I will turn my hand on you, thoroughly purge away your dross, and will take away all your tin.‡"
Isaiah 1:26,"Aciirithania aku ngaatũma matuĩke o ta ũrĩa maatariĩ matukũ-inĩ ma tene, na aheani kĩrĩra aku o ta ũrĩa maatariĩ kĩambĩrĩria-inĩ. Thuutha ũcio ũgeetagwo Itũũra Inene rĩa Ũthingu, o na Itũũra Inene Rĩĩhokeku.”","I will restore your judges as at the first, and your counselors as at the beginning. Afterward you shall be called ‘The city of righteousness, a faithful town.’"
Isaiah 1:27,"Itũũra rĩa Zayuni rĩgaakũũrwo na ciira wa kĩhooto, nao andũ a rĩo arĩa merirĩte makũũrwo na ũthingu.","Zion shall be redeemed with justice, and her converts with righteousness."
Isaiah 1:28,"No andũ arĩa aremi na arĩa ehia makaaniinwo hamwe, nao arĩa matiganagĩria Jehova nĩmagathira biũ.","But the destruction of transgressors and sinners shall be together, and those who forsake Yahweh shall be consumed."
Isaiah 1:29,“Nĩmũgaconoka nĩ ũndũ wa mĩgandi ĩyo mĩamũre mũtũire mũkenagĩra; nĩmũkaigua thoni nĩ ũndũ wa mĩgũnda ĩyo mwĩthuurĩire.,"For they shall be ashamed of the oaks which you have desired, and you shall be confounded for the gardens that you have chosen."
Isaiah 1:30,"Mũgaatuĩka ta mũgandi ũrahooha mathangũ, mũtuĩke ta mũgũnda ũtarĩ maaĩ.","For you shall be as an oak whose leaf fades, and as a garden that has no water."
Isaiah 1:31,"Mũndũ ũrĩa ũrĩ hinya agaatuĩka maragara, naguo wĩra wake ũtuĩke thandĩ; we na wĩra wake nĩmakahĩa hamwe, haage mũndũ wa kũhoria mwaki ũcio.”","The strong will be like tinder, and his work like a spark. They will both burn together, and no one will quench them.”"
Isaiah 2:1,Ũyũ nĩguo ũhoro ũrĩa Isaia mũrũ wa Amozu onire ũkoniĩ Juda na Jerusalemu:,This is what Isaiah the son of Amoz saw concerning Judah and Jerusalem.
Isaiah 2:2,"Matukũ-inĩ ma kũrigĩrĩria kĩrĩma kĩa hekarũ ya Jehova nĩgĩkahaandwo kĩrĩ kĩo kĩnene gatagatĩ ka irĩma iria ingĩ; nĩgĩkambarario igũrũ rĩa tũrĩma tũrĩa tũngĩ, nao andũ a ndũrĩrĩ nĩkuo magaathiiaga.","It shall happen in the latter days, that the mountain of Yahweh’s house shall be established on the top of the mountains, and shall be raised above the hills; and all nations shall flow to it."
Isaiah 2:3,"Ndũrĩrĩ nyingĩ nĩigathiĩ kuo ikiugaga atĩrĩ, “Ũkai, twambate tũthiĩ kĩrĩma-inĩ kĩa Jehova, tũthiĩ nyũmba ya Ngai wa Jakubu. Nĩagatũruta ũhoro wa mĩthiĩre yake, nĩgeetha tũgeragĩre njĩra ciake.” Nĩgũkorwo Zayuni nĩgũkoima ũtaarani, nakuo Jerusalemu kuume ndũmĩrĩri ya Jehova.","Many peoples shall go and say, “Come, let’s go up to the mountain of Yahweh, to the house of the God of Jacob; and he will teach us of his ways, and we will walk in his paths.” For the law shall go out of Zion, and Yahweh’s word from Jerusalem."
Isaiah 2:4,"Nake nĩagatuithanagia ndũrĩrĩ ciira, na aiguithanie irĩndĩ nyingĩ. Hiũ ciao cia njora magaacithondeka ituĩke mĩraũ ya kũrĩma, namo matimũ mao mamathondeke matuĩke hiũ cia gũceeha mĩtĩ. Gũtirĩ rũrĩrĩ rũgaacooka kũrũa na rũrĩrĩ rũrĩa rũngĩ na rũhiũ rwa njora, o na kana merute ũhoro wa mbaara hĩndĩ ĩngĩ.","He will judge between the nations, and will decide concerning many peoples. They shall beat their swords into plowshares, and their spears into pruning hooks. Nation shall not lift up sword against nation, neither shall they learn war any more."
Isaiah 2:5,"Atĩrĩrĩ wee nyũmba ya Jakubu, ũkaai tũthiiage tũmũrĩkĩirwo nĩ ũtheri wa Jehova.","House of Jacob, come, and let’s walk in the light of Yahweh."
Isaiah 2:6,"Wee nĩũtiganĩirie andũ aku, o acio a nyũmba ya Jakubu. Nao marũmĩtie mũno mĩtugo na irĩra cia andũ a mwena wa irathĩro; maragũraga ta Afilisti, na makagĩa thiritũ na andũ matooĩ Ngai.","For you have forsaken your people, the house of Jacob, because they are filled from the east, with those who practice divination like the Philistines, and they clasp hands with the children of foreigners."
Isaiah 2:7,"Bũrũri wao ũiyũrĩte betha na thahabu, igĩĩna ciao itingĩthira. Bũrũri wao ũiyũrĩte mbarathi; na ngaari ciao cia ita itingĩtarĩka.","Their land is full of silver and gold, neither is there any end of their treasures. Their land also is full of horses, neither is there any end of their chariots."
Isaiah 2:8,"Bũrũri wao ũiyũrĩte mĩhianano ya kũhooywo; mainamagĩrĩra wĩra wa moko mao, o indo iria mathondekete na ciara ciao.","Their land also is full of idols. They worship the work of their own hands, that which their own fingers have made."
Isaiah 2:9,"Nĩ ũndũ ũcio mũndũ nĩakaharũrũkio, nacio iruka cia andũ iconorithio; ndũkanamarekere.","Man is brought low, and mankind is humbled; therefore don’t forgive them."
Isaiah 2:10,"Toonyai rwaro-inĩ rwa ihiga, mwĩhithe tĩĩri-inĩ mũũrĩre kĩmakania kĩa Jehova na riiri wa ũnene wake!","Enter into the rock, and hide in the dust, from before the terror of Yahweh, and from the glory of his majesty."
Isaiah 2:11,"Maitho ma mũndũ mwĩtĩĩi nĩmagaconorithio, naguo mwĩtĩĩo wa andũ nĩũkaharũrũkio; no Jehova we wiki nĩwe ũgaatũũgĩrio mũthenya ũcio.","The lofty looks of man will be brought low, the arrogance of men will be bowed down, and Yahweh alone will be exalted in that day."
Isaiah 2:12,"Jehova Mwene-Hinya-Wothe arĩ na mũthenya aigĩte wa gũũkĩrĩra andũ arĩa othe etĩĩi na arĩa meĩkagĩrĩra, na arĩa othe metũũgagĩria (nao othe nĩmakanyiihio),","For there will be a day of Yahweh of Armies for all that is proud and arrogant, and for all that is lifted up, and it shall be brought low—"
Isaiah 2:13,"na okĩrĩre mĩtarakwa yothe ya Lebanoni, ĩrĩa mĩraihu na igũrũ na ĩkaneneha mũno,* o na mĩgandi yothe ya Bashani,","for all the cedars of Lebanon, that are high and lifted up, for all the oaks of Bashan,"
Isaiah 2:14,"na okĩrĩre irĩma iria ndaaya na igũrũ, na tũrĩma tuothe tũrĩa tũraihu.","for all the high mountains, for all the hills that are lifted up,"
Isaiah 2:15,"na okĩrĩre mũthiringo o wothe mũraihu na igũrũ na rũthingo o ruothe rwakĩtwo rwa hinya,","for every lofty tower, for every fortified wall,"
Isaiah 2:16,"na okĩrĩre marikabu ciothe cia Tarishishi, na marikabu ciothe iria njega mũno.","for all the ships of Tarshish, and for all pleasant imagery."
Isaiah 2:17,"Mwĩtũũgĩrio wa mũndũ nĩũkaharũrũkio, na mwĩtĩĩo wa andũ ũconorithio; no Jehova we wiki nĩwe ũgaatũũgĩrio mũthenya ũcio,","The loftiness of man shall be bowed down, and the arrogance of men shall be brought low; and Yahweh alone shall be exalted in that day."
Isaiah 2:18,nayo mĩhianano ya kũhooywo nĩĩgathira biũ.,The idols shall utterly pass away.
Isaiah 2:19,"Andũ makoorĩra ngurunga-inĩ cia ndwaro cia mahiga, o na marima-inĩ ma thĩ, moorĩre kĩmakania kĩa Jehova na riiri wa ũnene wake, hĩndĩ ĩrĩa akaarũgama athingithie thĩ.","Men shall go into the caves of the rocks, and into the holes of the earth, from before the terror of Yahweh, and from the glory of his majesty, when he arises to shake the earth mightily."
Isaiah 2:20,"Mũthenya ũcio andũ makooya mĩhianano yao ya betha, na mĩhianano yao ya thahabu, ĩrĩa methondekeire mamĩhooyage, mamĩikĩrie huko na huhu.","In that day, men shall cast away their idols of silver and their idols of gold, which have been made for themselves to worship, to the moles and to the bats,"
Isaiah 2:21,"Nao makoorĩra ngurunga-inĩ cia ndwaro cia mahiga, na mahiga-inĩ marĩa macunjurĩte morĩre kĩmakania kĩa Jehova na riiri wa ũnene wake, hĩndĩ ĩrĩa akaarũgama, athingithie thĩ.","to go into the caverns of the rocks, and into the clefts of the ragged rocks, from before the terror of Yahweh, and from the glory of his majesty, when he arises to shake the earth mightily."
Isaiah 2:22,"Tiga kwĩhoka mũndũ, ũrĩa mĩhũmũ yake ĩrĩ o maniũrũ-inĩ make. Nĩ ũndũ-rĩ, akĩrĩ wa bata ũrĩkũ?","Stop trusting in man, whose breath is in his nostrils; for of what account is he?"
Isaiah 3:1,"Atĩrĩrĩ, Mwathani, Jehova Mwene-Hinya-Wothe, arĩ hakuhĩ kwehereria Jerusalemu na Juda ũteithio wao na kĩrĩa kĩmatiiragĩrĩra, amehererie ũteithio wothe wa irio na wa maaĩ,","For, behold,† the Lord, Yahweh of Armies, takes away from Jerusalem and from Judah supply and support, the whole supply of bread, and the whole supply of water;"
Isaiah 3:2,"o na amehererie mũndũ ũrĩa njamba na mũrũi wa mbaara, na mũtuanĩri ciira na mũnabii, na mũragũri na mũthuuri wa kĩama,","the mighty man, the man of war, the judge, the prophet, the diviner, the elder,"
Isaiah 3:3,"na mũtongoria wa gĩkundi gĩa thigari mĩrongo ĩtano, na mũheani kĩrĩra, na mũbundi mũũgĩ, o na mũndũ-mũgo mũũgĩ.","the captain of fifty, the honorable man, the counselor, the skilled craftsman, and the clever enchanter."
Isaiah 3:4,Tũhĩĩ nĩtuo ngaatua anene ao; na maathagwo nĩ tũkenge.,"I will give boys to be their princes, and children shall rule over them."
Isaiah 3:5,"Andũ nĩmakahiinyanĩrĩria: o mũndũ akaahinyĩrĩria ũrĩa ũngĩ, mũndũ wa itũũra okĩrĩre mũndũ wa itũũra rĩake. Arĩa anini nĩmagookĩrĩra arĩa akũrũ, nao arĩa matarĩ ngumo mokĩrĩre mũndũ ũrĩa mũtĩĩku.","The people will be oppressed, everyone by another, and everyone by his neighbor. The child will behave himself proudly against the old man, and the wicked against the honorable."
Isaiah 3:6,"Mũndũ nĩakanyiita ũmwe wa ariũ a nyina arĩ gwa ithe mũciĩ, amwĩre atĩrĩ, “Wee ũrĩ na nguo ya igũrũ, tuĩka mũtongoria witũ; ũreke kũndũ gũkũ kwanangĩtwo kũgĩe wathani-inĩ waku!”","Indeed a man shall take hold of his brother in the house of his father, saying, “You have clothing, you be our ruler, and let this ruin be under your hand.”"
Isaiah 3:7,"Nowe nĩakaanĩrĩra mũthenya ũcio oige atĩrĩ, “Niĩ ndirĩ na kĩhonia. Nĩgũkorwo gwakwa mũciĩ gũtirĩ irio kana nguo, tigai kũndua mũtongoria wa andũ.”","In that day he will cry out, saying, “I will not be a healer; for in my house is neither bread nor clothing. You shall not make me ruler of the people.”"
Isaiah 3:8,"Nĩgũkorwo Jerusalemu nĩkũratũgũũga, nakuo Juda nĩkũragũa; ciugo na ciĩko ciakuo nĩirokĩrĩra Jehova na makangʼathĩria thiithi wake ũrĩ riiri.","For Jerusalem is ruined, and Judah is fallen; because their tongue and their doings are against Yahweh, to provoke the eyes of his glory."
Isaiah 3:9,Ithiithi ciao nĩcio ciumbũraga ũrĩa mahaana; maanĩkaga mehia mao o ta ma Sodomu; o na matimahithaga. Kaĩ marĩ na haaro-ĩ! Nĩo mereheire mwanangĩko.,The look of their faces testify against them. They parade their sin like Sodom. They don’t hide it. Woe to their soul! For they have brought disaster upon themselves.
Isaiah 3:10,"Ha ũhoro wa andũ arĩa athingu, meerei atĩ nĩmakagaacĩra; nĩgũkorwo nĩmakaarĩĩaga maciaro ma maũndũ marĩa maaneka.","Tell the righteous that it will be well with them, for they will eat the fruit of their deeds."
Isaiah 3:11,"No andũ arĩa aaganu, meerei atĩrĩ: kaĩ marĩ na haro-ĩ! Nĩgũkorwo mwanangĩko ũrĩ igũrũ rĩao! Nao makaarĩhwo kũringana na wĩra wa moko mao.","Woe to the wicked! Disaster is upon them, for the deeds of their hands will be paid back to them."
Isaiah 3:12,"Andũ akwa mahinyagĩrĩrio nĩ ciana, nao andũ-a-nja nĩo mamaathaga. Atĩrĩrĩ inyuĩ andũ akwa, atongoria anyu nĩo mamũhĩtithagia, magatũma muume njĩra ĩrĩa yagĩrĩire.","As for my people, children are their oppressors, and women rule over them. My people, those who lead you cause you to err, and destroy the way of your paths."
Isaiah 3:13,Jehova nĩaikarĩire gĩtĩ gĩake iciirĩro-inĩ; akarũgama nĩguo aciirithie andũ.,"Yahweh stands up to contend, and stands to judge the peoples."
Isaiah 3:14,"Jehova nĩarĩkĩtie gũtuĩra athuuri na atongoria a andũ ake ciira, akameera atĩrĩ: “Nĩ inyuĩ mwanangĩte mũgũnda wakwa wa mĩthabibũ; o na indo iria mũtunyĩte athĩĩni irĩ thĩinĩ wa nyũmba cianyu.”",Yahweh will enter into judgment with the elders of his people and their leaders: “It is you who have eaten up the vineyard. The plunder of the poor is in your houses.
Isaiah 3:15,"“Mũhehenjaga andũ akwa, na mũkamemenda mothiũ ma athĩĩni nĩkĩ?” nĩguo Mwathani Jehova Mwene-Hinya-Wothe ekũũria.","What do you mean that you crush my people, and grind the face of the poor?” says the Lord, Yahweh of Armies."
Isaiah 3:16,"Jehova ekuuga atĩrĩ, “Andũ-a-nja a Zayuni nĩetĩĩi, mathiiaga maguucĩtie ngingo, makiuhanaga na maitho mao, na makinyaga na njacĩ magĩthiĩ, na makagambia njingiri iria irĩ thũngʼwa-inĩ ciao.","Moreover Yahweh said, “Because the daughters of Zion are arrogant, and walk with outstretched necks and flirting eyes, walking daintily as they go, jingling ornaments on their feet;"
Isaiah 3:17,Nĩ ũndũ ũcio Mwathani nĩagatũma andũ-a-nja acio a Zayuni magĩe na ironda mĩtwe; Jehova nĩakoonania njaga yao.”,"therefore the Lord brings sores on the crown of the head of the women of Zion, and Yahweh will make their scalps bald.”"
Isaiah 3:18,"Mũthenya ũcio Jehova nĩakamaaũra mathaga mao: nĩmo bangiri, na rũtamĩ rwa kuoha njuĩrĩ, na mĩgathĩ ĩrĩa ĩĩhacĩte ta mweri,","In that day the Lord will take away the beauty of their anklets, the headbands, the crescent necklaces,"
Isaiah 3:19,"na icũhĩ cia matũ, na mĩrĩnga ya moko, na taama wa kwĩhumbĩra ũthiũ,","the earrings, the bracelets, the veils,"
Isaiah 3:20,"na itambaya cia mũtwe, na irengeeri cia magũrũ, na mĩcibi, na cuba cia maguta manungi wega, na ithiitũ","the headdresses, the ankle chains, the sashes, the perfume containers, the charms,"
Isaiah 3:21,"na icũhĩ cia mũhũũri cia moko, na icũhĩ cia maniũrũ,","the signet rings, the nose rings,"
Isaiah 3:22,"na nguo ndaihu iria njega, na ngũbia, na tũbuti, na nguo cia igũrũ, na tũmondo,","the fine robes, the capes, the cloaks, the purses,"
Isaiah 3:23,"na icicio cia kwĩrora, na nguo cia gatani ĩrĩa njega, na itambaya, na macuka ma ciande.","the hand mirrors, the fine linen garments, the tiaras, and the shawls."
Isaiah 3:24,Handũ ha mũtararĩko mwega gũkaagĩa na mũnungo mũũru; handũ ha mũcibi hagaakorwo mũkanda; handũ ha njuĩrĩ thondeke wega hagĩe kĩhara; handũ ha nguo njega hakaagĩa nguo ya ikũnia; naho handũ ha ũthaka wa mwĩrĩ hagĩe gũcinanwo na ruoro.,"It shall happen that instead of sweet spices, there shall be rottenness; instead of a belt, a rope; instead of well set hair, baldness; instead of a robe, a wearing of sackcloth; and branding instead of beauty."
Isaiah 3:25,"Arũme anyu makooragwo na rũhiũ rwa njora, nacio njamba cianyu cia ita ikaaniinĩrwo mbaara-inĩ.","Your men shall fall by the sword, and your mighty in the war."
Isaiah 3:26,"Ihingo cia Zayuni nĩigacakaya na igirĩke, na itũũra rĩu rĩkire ihooru, na rĩikare rĩmomoretwo, rĩkagũa thĩ.",Her gates shall lament and mourn. She shall be desolate and sit on the ground.
Isaiah 4:1,"Na rĩrĩ, mũthenya ũcio andũ-a-nja mũgwanja makaanyiita mũndũ mũrũme ũmwe, mamwĩre atĩrĩ, “Tũrĩrĩĩaga irio ciitũ ithuĩ ene, na twĩheage nguo; no ũreke twĩtanagio nawe. Twehererie thoni ciitũ!”","Seven women shall take hold of one man in that day, saying, “We will eat our own bread, and wear our own clothing. Just let us be called by your name. Take away our reproach.”"
Isaiah 4:2,"Mũthenya ũcio Thuuna ya Jehova nĩĩgathakara na ĩgĩe riiri, namo maciaro ma bũrũri ũcio magaakorwo marĩ mega, na marĩ mwĩraho na riiri wa arĩa magaakorwo marĩ matigari kũu Isiraeli!","In that day, Yahweh’s branch will be beautiful and glorious, and the fruit of the land will be the beauty and glory of the survivors of Israel."
Isaiah 4:3,"Na rĩrĩ, nĩgũgakinya atĩrĩ, andũ arĩa magaatigwo Zayuni, na arĩa magaakorwo matigaire Jerusalemu, mageetagwoatheru, naonĩarĩa othe maandĩkĩtwo na magaathĩrĩrwogũtũũramuoyo kũuJerusalemu.","It will happen that he who is left in Zion and he who remains in Jerusalem shall be called holy, even everyone who is written among the living in Jerusalem,"
Isaiah 4:4,Mwathani nĩagathambia gĩko kĩrĩa kĩũru kĩa andũ-a-nja a Zayuni; nĩagatheria Jerusalemu marooro ma thakame arĩ na roho wa gũtuanĩra ciira o na roho wa gũcina na mwaki.,"when the Lord shall have washed away the filth of the daughters of Zion, and shall have purged the blood of Jerusalem from within it, by the spirit of justice and by the spirit of burning."
Isaiah 4:5,"Ningĩ Jehova nĩagatũma itu rĩa ndogo rĩgĩe kũndũ guothe mũthenya kũrĩa gũikarĩtwo nĩ andũ kĩrĩma-inĩ kĩu gĩa Zayuni, na atũme kũrĩa kũnganĩtwo gwakane rũrĩrĩmbĩ rwa mwaki ũtukũ; igũrũ rĩa riiri ũcio wothe gũgaakorwo taarĩ hema.","Yahweh will create over the whole habitation of Mount Zion and over her assemblies, a cloud and smoke by day, and the shining of a flaming fire by night, for over all the glory will be a canopy."
Isaiah 4:6,"Ĩgaatuĩka ta gĩthũnũ gĩa kũrehe kĩĩruru gĩa kwĩgitia kuuma kũrĩ ũrugarĩ wa mũthenya, na handũ ha kũũrĩra na ha kwĩgitia kuuma kũrĩ kĩhuhũkanio kĩa rũhuho na kĩa mbura.","There will be a pavilion for a shade in the daytime from the heat, and for a refuge and for a shelter from storm and from rain."
Isaiah 5:1,"Nĩngũinĩra mwendwa wakwa ũrĩa nyendete rwĩmbo, ndĩmũinĩre rwĩmbo rũkoniĩ mũgũnda wake wa mĩthabibũ: Mwendwa wakwa aarĩ na mũgũnda wa mĩthabibũ kĩrĩma-inĩ handũ hanoru mũno.",Let me sing for my well beloved a song of my beloved about his vineyard. My beloved had a vineyard on a very fruitful hill.
Isaiah 5:2,"Akĩũthiũrũrũkĩria na mũtaro, na akĩũngania mahiga marĩa mothe maarĩ kuo akĩmate, agĩcooka akĩũhaanda mĩthabibũ ĩrĩa mĩega mũno. Nĩaakire mũthiringo mũraihu na igũrũ kũu thĩinĩ waguo, o na ningĩ akĩenja handũ ha kũhihagĩra thabibũ. Nake agĩeterera ũciare thabibũ njega, no rĩrĩ, waciarire thabibũ cia gĩthaka.","He dug it up, gathered out its stones, planted it with the choicest vine, built a tower in the middle of it, and also cut out a wine press in it. He looked for it to yield grapes, but it yielded wild grapes."
Isaiah 5:3,"“Atĩrĩrĩ, inyuĩ andũ aya mũtũũraga Jerusalemu o na andũ a Juda, tũtuithaniei ciira, niĩ na mũgũnda wakwa wa mĩthabibũ.","“Now, inhabitants of Jerusalem and men of Judah, please judge between me and my vineyard."
Isaiah 5:4,"Nĩ ũndũ ũrĩkũ ũngĩ ingĩekire mũgũnda ũcio wakwa wa mĩthabibũ gũkĩra ũguo ndawĩkire? Waciarire thabibũ cia gĩthaka nĩkĩ, o hĩndĩ ĩrĩa ndetereire ũciare thabibũ njega?","What could have been done more to my vineyard, that I have not done in it? Why, when I looked for it to yield grapes, did it yield wild grapes?"
Isaiah 5:5,"Atĩrĩrĩ, nĩngũmwĩra ũrĩa ngwĩka mũgũnda ũcio wakwa wa mĩthabibũ: Nĩngũwehereria rũgiri rwaguo, nĩguo wanangwo, njooke momore rũthingo rwaguo, nĩguo ũrangĩrĩrio.","Now I will tell you what I will do to my vineyard. I will take away its hedge, and it will be eaten up. I will break down its wall, and it will be trampled down."
Isaiah 5:6,"Ndĩũtiganĩrie wanangĩke, ũtegũcehwo kana kũrĩmwo, naguo ũrĩmeraga congʼe na mĩigua. Ningĩ njathe matu matikanaurĩrie mbura.”","I will lay it a wasteland. It won’t be pruned or hoed, but it will grow briers and thorns. I will also command the clouds that they rain no rain on it.”"
Isaiah 5:7,"Mũgũnda wa mĩthabibũ wa Jehova Mwene-Hinya-Wothe nĩguo nyũmba ya Isiraeli, nao andũ a Juda nĩo mũgũnda wake wa mĩthabibũ ũrĩa akenagĩra. Nake eethire ciira wa kĩhooto, akĩona o ũiti wa thakame; agĩcaria ũthingu, no akĩigua kĩrĩro kĩa mĩnyamaro.","For the vineyard of Yahweh of Armies is the house of Israel, and the men of Judah his pleasant plant. He looked for justice, but behold, oppression, for righteousness, but behold, a cry of distress."
Isaiah 5:8,"Kaĩ, inyuĩ arĩa mũikaraga mũkĩĩongagĩrĩra nyũmba mũrĩ na haro-ĩ! O inyuĩ mũnyiitithanagia gĩthaka kĩmwe na kĩrĩa kĩngĩ gĩgatuĩka kĩmwe, nginya hakaaga handũ ha gũtigĩria andũ arĩa angĩ, nĩguo mũtũũre bũrũri-inĩ mũrĩ inyuiki.","Woe to those who join house to house, who lay field to field, until there is no room, and you are made to dwell alone in the middle of the land!"
Isaiah 5:9,"Jehova Mwene-Hinya-Wothe oigĩte atĩrĩ ngĩiguaga: “Ti-itherũ nyũmba iria nene nĩigakira ihooru, nacio nyũmba iria thaka ciage andũ a gũciikara.","In my ears, Yahweh of Armies says: “Surely many houses will be desolate, even great and beautiful, unoccupied."
Isaiah 5:10,"Mũgũnda wa ĩĩka ikũmi wa mĩthabibũ ũkaaruta bathi ĩmwe* ya ndibei, nayo homeri ĩmwe† ya mbegũ yume eba ĩmwe‡ ya ngano.”","For ten acres† of vineyard shall yield one bath,‡ and a homer§ of seed shall yield an ephah.”†"
Isaiah 5:11,"Kaĩ arĩa marokaga gũũkĩra rũciinĩ tene, makahangʼĩre njoohi marĩ na haaro-ĩ! o acio maikaraga thĩ ũtukũ gũgakũra, nginya makarĩĩo nĩ ndibei.","Woe to those who rise up early in the morning, that they may follow strong drink, who stay late into the night, until wine inflames them!"
Isaiah 5:12,"Maruga-inĩ mao makoragwo na inanda cia mũgeeto, na cia inubi na tũhembe, na mĩtũrirũ, o na ndibei, no matirũmbũyagia ciĩko cia Jehova, na makaagĩra wĩra wa moko make gĩtĩĩo.","The harp, lyre, tambourine, and flute, with wine, are at their feasts; but they don’t respect the work of Yahweh, neither have they considered the operation of his hands."
Isaiah 5:13,"Nĩ ũndũ ũcio andũ akwa nĩmagatahwo matwarwo bũrũri ũngĩ nĩ ũndũ wa kwaga ũmenyo; andũ ao arĩa atĩĩku magaakua nĩ ngʼaragu, nakĩo kĩrĩndĩ kĩao kĩhooteke nĩ nyoota.","Therefore my people go into captivity for lack of knowledge. Their honorable men are famished, and their multitudes are parched with thirst."
Isaiah 5:14,"Nĩ ũndũ ũcio mbĩrĩra nĩĩnenehetie thuti nĩ ũndũ wao, na ĩgaathamia kanua kayo gatarĩ gĩturi; kũu nĩkuo gũkaaharũrũka andũ ao arĩa marĩ igweta na ikundi cia andũ, hamwe na andũ arĩa manyuuaga makanegena, o na arĩĩu.","Therefore Sheol‡ has enlarged its desire, and opened its mouth without measure; and their glory, their multitude, their pomp, and he who rejoices among them, descend into it."
Isaiah 5:15,"Nĩ ũndũ ũcio mũndũ nĩakaharũrũkio, nakĩo kĩrĩndĩ gĩconorithio, namo maitho ma arĩa etĩĩi maconorithio.","So man is brought low, mankind is humbled, and the eyes of the arrogant ones are humbled;"
Isaiah 5:16,"No Jehova Mwene-Hinya-Wothe nĩagatũũgĩrio nĩ ũndũ wa ciira wake wa kĩhooto, nake Mũrungu, o we ũcio mũtheru, nĩakeyonania nĩ mũtheru na ũndũ wa ũthingu wake.","but Yahweh of Armies is exalted in justice, and God the Holy One is sanctified in righteousness."
Isaiah 5:17,Hĩndĩ ĩyo ngʼondu ikaarĩĩaga ta irĩ ũrĩithio-inĩ wacio; natuo tũgondu tũkaarĩithagio kũndũ kũrĩa kwanangĩku gwa itonga.,"Then the lambs will graze as in their pasture, and strangers will eat the ruins of the rich."
Isaiah 5:18,"Kaĩ arĩa maguucagia mehia na mĩhĩndo ya maheeni marĩ na haaro-ĩ! o acio maguucagia waganu na mĩkanda ta ĩrĩa ĩguucagia ngaari cia ngʼombe,","Woe to those who draw iniquity with cords of falsehood, and wickedness as with cart rope,"
Isaiah 5:19,"o acio moigaga atĩrĩ, “Ngai nĩahiũhe oke, nĩahĩke wĩra wake nĩguo tũwone. Nĩũkuhĩrĩrie, mũbango wa Ũrĩa Mũtheru wa Isiraeli nĩũũke, nĩguo tũũmenye.”","who say, “Let him make haste, let him hasten his work, that we may see it; let the counsel of the Holy One of Israel draw near and come, that we may know it!”"
Isaiah 5:20,"Kaĩ arĩa metaga ũũru wega, naguo wega makawĩta ũũru marĩ na haaro-ĩ! o acio matuaga nduma nĩyo ũtheri, na ũtheri makaũtua nduma, na magatua kĩndũ kĩrũrũ nĩ kĩrĩ mũrĩo, nakĩo kĩndũ kĩrĩa kĩrĩ mũrĩo magagĩtua nĩ kĩrũrũ.","Woe to those who call evil good, and good evil; who put darkness for light, and light for darkness; who put bitter for sweet, and sweet for bitter!"
Isaiah 5:21,"Hĩ! Kaĩ arĩa meyonaga marĩ oogĩ maitho-inĩ mao, na makeyona marĩ na ũmenyi marĩ na haaro-ĩ!","Woe to those who are wise in their own eyes, and prudent in their own sight!"
Isaiah 5:22,"Hĩ! Kaĩ andũ arĩa marĩ ngumo ya kũnyua ndibei, na njoorua cia kũriingia indo cia gũtũma andũ marĩĩo marĩ na haaro-ĩ!","Woe to those who are mighty to drink wine, and champions at mixing strong drink;"
Isaiah 5:23,"o arĩa marekagĩrĩria andũ arĩa mehĩtie nĩ ũndũ wa ihaki, no makarega gũtua ciira wa kĩhooto wa andũ arĩa matehĩtie.","who acquit the guilty for a bribe, but deny justice for the innocent!"
Isaiah 5:24,"Nĩ ũndũ ũcio, o ta ũrĩa nĩnĩmbĩ cia mwaki icinaga itira cia mũgũnda, na ta ũrĩa nyeki nyũmũ ĩniinũkagio nĩ rũrĩrĩmbĩ rwa mwaki-rĩ, ũguo noguo mĩri yao ĩkaabutha, na kĩro kĩao kĩũmbũrwo o ta rũkũngũ; nĩgũkorwo nĩmaregete watho wa Jehova Mwene-Hinya-Wothe, na makamena kiugo kĩa Ũrĩa Mũtheru wa Isiraeli.","Therefore as the tongue of fire devours the stubble, and as the dry grass sinks down in the flame, so their root shall be as rottenness, and their blossom shall go up as dust, because they have rejected the law of Yahweh of Armies, and despised the word of the Holy One of Israel."
Isaiah 5:25,"Nĩ ũndũ ũcio marakara ma Jehova maakanĩte mookĩrĩre andũ ake; nake nĩatambũrũkĩtie guoko amagũthe magũe thĩ. Irĩma nacio igathingitha, nacio ciimba ciao ikaaraganio njĩra-inĩ ta mahuti. No o na kũrĩ ũguo-rĩ, marakara make matirĩ maraahũahũa, guoko gwake no gũtambũrũkĩtio o na rĩu.","Therefore Yahweh’s anger burns against his people, and he has stretched out his hand against them and has struck them. The mountains tremble, and their dead bodies are as refuse in the middle of the streets. For all this, his anger is not turned away, but his hand is still stretched out."
Isaiah 5:26,"Nake ahaicĩtie bendera handũ igũrũ eete ndũrĩrĩ iria irĩ kũraya, nao arĩa marĩ ituri cia thĩ ahuhaga biringi akĩmeeta.§ Nĩo aya mokĩte, matengʼerete na ihenya.","He will lift up a banner to the nations from far away, and he will whistle for them from the end of the earth. Behold, they will come speedily and swiftly."
Isaiah 5:27,"Gũtirĩ o na ũmwe wao ũraanoga kana akahĩngwo, gũtirĩ o na ũmwe ũracũũnga kana agakoma; gũtirĩ ũraregeria mũcibi njohero, o na gũtirĩ rũrigi rwa kĩraatũ rũtuĩkĩte.","No one shall be weary nor stumble among them; no one shall slumber nor sleep, neither shall the belt of their waist be untied, nor the strap of their sandals be broken,"
Isaiah 5:28,"Mĩguĩ yao nĩ mĩũgĩ, namo mota mao mothe nĩmageete; mahũngũ ma mbarathi ciao mahaana ta ihiga rĩa nyaigĩ, namo magũrũ ma ngaari ciao cia ita mathiiaga ta rũhuho.","whose arrows are sharp, and all their bows bent. Their horses’ hoofs will be like flint, and their wheels like a whirlwind."
Isaiah 5:29,"Mũraramo wao nĩ ta wa mũrũũthi, nao mararamaga o ta njaũ cia mĩrũũthi; marurumaga makĩnyiita ũguĩmi wao, na makaũkuua na gũtirĩ ũngĩũteithũra.","Their roaring will be like a lioness. They will roar like young lions. Yes, they shall roar, and seize their prey and carry it off, and there will be no one to deliver."
Isaiah 5:30,"Mũthenya ũcio makaararama nĩ ũndũ wa kĩrĩa manyiitĩte, o ta ũrĩa iria rĩrurumaga rĩgĩikia ndiihũ. Na mũndũ angĩgaacũthĩrĩria bũrũri-inĩ, akoona no nduma ĩrĩ kuo na mĩnyamaro, o naguo ũtheri nĩũgaathiĩkwo nĩ matu.","They will roar against them in that day like the roaring of the sea. If one looks to the land, behold, darkness and distress. The light is darkened in its clouds."
Isaiah 6:1,"Na rĩrĩ, mwaka ũrĩa Mũthamaki Uzia aakuire-rĩ, nĩguo ndonire Mwathani aikarĩire gĩtĩ kĩa ũnene, kĩrĩ igũrũ na gĩtũũgĩrĩtio, nayo nguo yake yaiyũrĩte hekarũ nĩ ũndũ wa ũrĩa yaraihĩte.","In the year that King Uzziah died, I saw the Lord sitting on a throne, high and lifted up; and his train filled the temple."
Isaiah 6:2,"Igũrũ wake kwarũgamĩte aserafi, na o mũserafi ũmwe aarĩ na mathagu matandatũ: nao makehumbĩra mothiũ mao na mathagu meerĩ, namo meerĩ makehumbĩra magũrũ namo, na meerĩ makombũka namo.",Above him stood the seraphim. Each one had six wings. With two he covered his face. With two he covered his feet. With two he flew.
Isaiah 6:3,"Nao metanaga makerana atĩrĩ: “Jehova Mwene-Hinya-Wothe nĩwe mũtheru, ĩĩ nĩwe mũtheru, ti-itherũ nĩwe mũtheru; thĩ yothe ĩiyũrĩtwo nĩ riiri wake.”","One called to another, and said, “Holy, holy, holy, is Yahweh of Armies! The whole earth is full of his glory!”"
Isaiah 6:4,"Nĩ ũndũ wa mũrurumo wa mĩgambo yao, itugĩ cia mĩrango na hingĩro ciaguo ikĩenyenya, nayo hekarũ ĩkĩiyũra ndogo.","The foundations of the thresholds shook at the voice of him who called, and the house was filled with smoke."
Isaiah 6:5,"Na niĩ ngĩanĩrĩra ngiuga atĩrĩ, “Hĩ! Kaĩ ndĩ na haaro-ĩ! Ndĩĩgũthira! Nĩgũkorwo ndĩ mũndũ wa mĩromo ĩtarĩ mĩtheru, o na ningĩ ndũũranagia na andũ matarĩ mĩromo mĩtheru, na maitho makwa nĩmonete Mũthamaki, o we Jehova Mwene-Hinya-Wothe.”","Then I said, “Woe is me! For I am undone, because I am a man of unclean lips and I live among a people of unclean lips, for my eyes have seen the King, Yahweh of Armies!”"
Isaiah 6:6,"Hĩndĩ ĩyo mũserafi ũmwe akĩũmbũka, agĩũka harĩ niĩ akuuĩte ikara rĩa mwaki na guoko, rĩrĩa aarutĩte na mĩĩhato kĩgongona-inĩ.*","Then one of the seraphim flew to me, having a live coal in his hand, which he had taken with the tongs from off the altar."
Isaiah 6:7,"Mũserafi ũcio akĩĩhutia kanua na ikara rĩu, akiuga atĩrĩ, “Kuona atĩ ikara rĩrĩ nĩrĩahutia mĩromo yaku, mahĩtia maku nĩmeherio, o namo mehia maku nĩmahoroherio.”","He touched my mouth with it, and said, “Behold, this has touched your lips; and your iniquity is taken away, and your sin forgiven.”"
Isaiah 6:8,"Ningĩ ngĩigua mũgambo wa Mwathani ũkĩũria atĩrĩ, “Nũũ ngũtũma? Na nũũ ũgũthiĩ handũ haitũ?” Na niĩ ngĩcookia atĩrĩ, “Niĩ ũyũ haha. Ndũma!”","I heard the Lord’s voice, saying, “Whom shall I send, and who will go for us?” Then I said, “Here I am. Send me!”"
Isaiah 6:9,"Nake akĩnjĩĩra atĩrĩ, “Thiĩ ũkeere andũ aya atĩrĩ: “ ‘Inyuĩ tũũrai o mũiguaga no mũtikanamenye ũndũ; tũũrai muonaga no mũtikanakuũke.’","He said, “Go, and tell this people, ‘You hear indeed, but don’t understand. You see indeed, but don’t perceive.’"
Isaiah 6:10,"Tũma ngoro cia andũ aya ciũme, o na ũtũme matũ mao magĩe njiika mage kũigua, o na ũhinge maitho mao matige kuona. Tondũ maahota kuona na maitho mao, na maigue na matũ mao, na ngoro ciao igĩe na ũmenyo, macooke magarũrũke mahonio.”","Make the heart of this people fat. Make their ears heavy, and shut their eyes; lest they see with their eyes, hear with their ears, understand with their heart, and turn again, and be healed.”"
Isaiah 6:11,"Na niĩ ngĩcooka ngĩũria atĩrĩ, “Mwathani, nĩ nginya rĩ?” Nake akĩnjookeria atĩrĩ: “Nĩ nginya hĩndĩ ĩrĩa matũũra marĩa manene magaakorwo maanangĩtwo na matarĩ na wa kũmatũũra, nacio nyũmba ikorwo ĩtiganĩirio, na mĩgũnda ĩkaanangwo na ĩgathũkio biũ,","Then I said, “Lord, how long?” He answered, “Until cities are waste without inhabitant, houses without man, the land becomes utterly waste,"
Isaiah 6:12,"o nginya rĩrĩa Jehova agaakorwo atwarĩte andũ othe kũraya, naguo bũrũri ũgatiganĩrio biũ.","and Yahweh has removed men far away, and the forsaken places are many within the land."
Isaiah 6:13,"Na rĩrĩ, o na kũngĩkorwo kũrĩ na gĩcunjĩ gĩa ikũmi kĩa andũ gĩtigaire bũrũri-inĩ-rĩ, bũrũri ũcio no ũkaanangwo rĩngĩ. No rĩrĩ, o ta ũrĩa mũceneni na mũgandi ĩtigagio ithukĩ yatemwo-rĩ, ũguo noguo rũciaro rũrũ rwamũre rũgaatigario gĩtina kĩaruo bũrũri-inĩ ũcio.”","If there is a tenth left in it, that also will in turn be consumed, as a terebinth, and as an oak whose stump remains when they are cut down, so the holy seed is its stump.”"
Isaiah 7:1,"Hĩndĩ ĩrĩa Ahazu mũrũ wa Jothamu, mũrũ wa Uzia, aarĩ mũthamaki wa Juda-rĩ, Rezini mũthamaki wa Suriata marĩ na Peka mũrũ wa Remalia mũthamaki wa Isiraeli, makĩambata mathiĩ magatharĩkĩre itũũra rĩa Jerusalemu, no matiigana kũrĩtooria.*","In the days of Ahaz the son of Jotham, the son of Uzziah, king of Judah, Rezin the king of Syria and Pekah the son of Remaliah, king of Israel, went up to Jerusalem to war against it, but could not prevail against it."
Isaiah 7:2,"Na rĩrĩ, andũ a nyũmba ya Daudi nĩ meerirwo atĩrĩ, “Andũ a Suriata nĩmanyiitanĩte na andũ a Efiraimu”; nĩ ũndũ ũcio ngoro ya Ahazu o na ngoro cia andũ ake ikĩinaina o ta ũrĩa mĩtĩ ya mũtitũ ĩinainagio nĩ rũhuho.","David’s house was told, “Syria is allied with Ephraim.” His heart trembled, and the heart of his people, as the trees of the forest tremble with the wind."
Isaiah 7:3,"Hĩndĩ ĩyo Jehova akĩĩra Isaia atĩrĩ, “Umagara, wee mũrĩ na mũrũguo Sheari-Jashubu, mũthiĩ mũgatũnge Ahazu mũthia-inĩ wa mũtaro ũrĩa uumĩte Karia-inĩ ka Rũgongo, njĩra-inĩya gũthiĩ Gĩthaka kĩa Mũthambia-Nguo.","Then Yahweh said to Isaiah, “Go out now to meet Ahaz, you, and Shearjashub your son, at the end of the conduit of the upper pool, on the highway of the fuller’s field."
Isaiah 7:4,"Ũmwĩre atĩrĩ, ‘Wĩmenyerere, ũikare ũhooreire na ndũgetigĩre. Ndũkareke ũũrwo nĩ hinya nĩ ũndũ wa icinga icio igĩrĩ iratooga ndogo; ndũgetigĩre marakara mahiũ ma Rezini, na ma Suriata, o na ma mũrũ wa Remalia.","Tell him, ‘Be careful, and keep calm. Don’t be afraid, neither let your heart be faint because of these two tails of smoking torches, for the fierce anger of Rezin and Syria, and of the son of Remaliah."
Isaiah 7:5,"Suriata, na Efiraimu, na mũrũ wa Remalia nĩmaciirĩire gũkwananga, makoiga atĩrĩ,","Because Syria, Ephraim, and the son of Remaliah, have plotted evil against you, saying,"
Isaiah 7:6,"“Nĩtũtharĩkĩre Juda, tũkũnyariire na tũkũgayane, na tũtue mũrũ wa Tabeeli mũthamaki wakuo.”","“Let’s go up against Judah, and tear it apart, and let’s divide it among ourselves, and set up a king within it, even the son of Tabeel.”"
Isaiah 7:7,"No rĩrĩ, Mwathani Jehova ekuuga atĩrĩ: “ ‘Ũhoro ũcio ndũgaakinyanĩra, na ndũgekĩka,","This is what the Lord Yahweh says: “It shall not stand, neither shall it happen.”"
Isaiah 7:8,"nĩgũkorwo itũũra inene rĩa Suriata nĩ Dameski, na mũnene wa Dameski no Rezini. Ihinda rĩa mĩaka mĩrongo ĩtandatũ na ĩtano ĩtaanathira-rĩ, andũ a Efiraimu magaakorwo maharaganĩtio ũndũ matangĩcooka gũtuĩka rũrĩrĩ.","For the head of Syria is Damascus, and the head of Damascus is Rezin. Within sixty-five years Ephraim shall be broken in pieces, so that it shall not be a people."
Isaiah 7:9,"Ningĩ itũũra inene rĩa Efiraimu nĩ Samaria, na mũnene wa Samaria no mũrũ wa Remalia. Mũngĩaga kũrũgama mũrũmĩte wega wĩtĩkio-inĩ wanyu-rĩ, mũtikehaanda o na atĩa.’ ”","The head of Ephraim is Samaria, and the head of Samaria is Remaliah’s son. If you will not believe, surely you shall not be established.’ ”"
Isaiah 7:10,"Ningĩ Jehova nĩarĩirie Ahazu o rĩngĩ, akĩmwĩra atĩrĩ,","Yahweh spoke again to Ahaz, saying,"
Isaiah 7:11,"“Ĩtia kĩmenyithia kuuma kũrĩ Jehova Ngai waku, o na kiumĩte kũndũ kũrĩa kũriku mũno, kana kiumĩte igũrũ kũrĩa kũraihu mũno.”","“Ask a sign of Yahweh your God; ask it either in the depth, or in the height above.”"
Isaiah 7:12,"No Ahazu akiuga atĩrĩ, “Niĩ ndigwĩtia; niĩ ndikũgeria Jehova.”","But Ahaz said, “I won’t ask. I won’t tempt Yahweh.”"
Isaiah 7:13,"Ningĩ Isaia akiuga atĩrĩ, “Ta iguai rĩu, inyuĩ andũ a nyũmba ya Daudi! Anga mũkuona arĩ ũndũ mũnini kũgeria ũkirĩrĩria wa andũ? Anga nĩmũũkũgeria ũkirĩrĩria wa Ngai wakwa o naguo?","He said, “Listen now, house of David. Is it not enough for you to try the patience of men, that you will try the patience of my God also?"
Isaiah 7:14,"Nĩ ũndũ ũcio-rĩ, Mwathani we mwene nĩakamũhe kĩmenyithia: Nĩgũkorwo mũirĩtu gathirange nĩakagĩa nda aciare kahĩĩ, nake agatue Imanueli.","Therefore the Lord himself will give you a sign. Behold, the virgin will conceive, and bear a son, and shall call his name Immanuel.†"
Isaiah 7:15,Iria imata na ũũkĩ nĩcio gakarĩĩaga rĩrĩa gakaamenya kũrega ũũru na gwĩthuurĩra maũndũ marĩa mega.,He shall eat butter and honey when he knows to refuse the evil and choose the good.
Isaiah 7:16,"No mbere ya kahĩĩ kau kũmenya kũrega ũũru na gwĩthuurĩra maũndũ marĩa mega-rĩ, bũrũri ũcio wa athamaki acio eerĩ wĩtigĩrĩte nĩũkanangwo.","For before the child knows to refuse the evil and choose the good, the land whose two kings you abhor shall be forsaken."
Isaiah 7:17,"Jehova nĩagakũrehithĩria wee mwene na andũ aku, o na andũ a nyũmba ya thoguo maũndũ matarĩ moneka kuuma rĩrĩa Efiraimu aatiganire na Juda; Jehova akaarehera mũthamaki wa Ashuri.”","Yahweh will bring on you, on your people, and on your father’s house days that have not come, from the day that Ephraim departed from Judah, even the king of Assyria."
Isaiah 7:18,"Hĩndĩ ĩyo Jehova nĩakahuuhĩra ngi mĩrũri, aciĩte kuuma tũrũũĩ-inĩ twa kũraya twa bũrũri wa Misiri, na eete njũkĩ iria irĩ bũrũri wa Ashuri.","It will happen in that day that Yahweh will whistle for the fly that is in the uttermost part of the rivers of Egypt, and for the bee that is in the land of Assyria."
Isaiah 7:19,"Nacio ciothe nĩcigooka ciikare iharũrũka-inĩ cia mĩkuru, na mĩatũka-inĩ ya ndwaro cia mahiga, na ihinga-inĩ ciothe cia mĩigua, na marima-inĩ mothe ma maaĩ.","They shall come, and shall all rest in the desolate valleys, in the clefts of the rocks, on all thorn hedges, and on all pastures."
Isaiah 7:20,"Mũthenya ũcio Mwathani nĩakahũthĩra rwenji rũkomboretwo kuuma mũrĩmo wa Rũũĩ rwa Farati; naruo nĩruo mũthamaki wa Ashuri; nake nĩakenja mĩtwe yanyu na njuĩrĩ cia magũrũ manyu, o na ningĩ enje nderu cianyu.","In that day the Lord will shave with a razor that is hired in the parts beyond the River, even with the king of Assyria, the head and the hair of the feet; and it shall also consume the beard."
Isaiah 7:21,"Mũthenya ũcio, mũndũ akaarĩithia o moori ĩmwe na ngʼondu igĩrĩ.","It shall happen in that day that a man shall keep alive a young cow, and two sheep."
Isaiah 7:22,"Na tondũ wa ũingĩ wa iria rĩrĩa igaakamagwo-rĩ, mũndũ ũcio akaanyuuaga iria imata. Arĩa othe magaatigara kũu bũrũri ũcio makaanyuuaga iria imata, na marĩĩage ũũkĩ.","It shall happen, that because of the abundance of milk which they shall give he shall eat butter, for everyone will eat butter and honey that is left within the land."
Isaiah 7:23,"Mũthenya ũcio, kũndũ kũrĩa guothe kwarĩ mĩthabibũ 1,000 ĩngĩendirio cekeri 1,000† ya betha, gũgaakũra o congʼe na mĩtĩ ya mĩigua.","It will happen in that day that every place where there were a thousand vines worth a thousand silver shekels,‡ will be for briers and thorns."
Isaiah 7:24,"Andũ magaathiiaga kuo marĩ na ũta na mĩguĩ, nĩgũkorwo bũrũri ũcio ũkaiyũra congʼe, na mĩtĩ ya mĩigua.","People will go there with arrows and with bow, because all the land will be briers and thorns."
Isaiah 7:25,"Nakuo irĩma-inĩ guothe kũrĩa kwanarĩmwo na icembe, mũtigacooka gũthiĩ nĩ ũndũ wa gwĩtigĩra congʼe, na mĩtĩ ya mĩigua; kũndũ kũu gũgaatuĩka gwa kũrĩithagio ngʼombe, na gwa kũrangagwo nĩ ndũũru cia ngʼondu.","All the hills that were cultivated with the hoe, you shall not come there for fear of briers and thorns; but it shall be for the sending out of oxen, and for sheep to tread on.”"
Isaiah 8:1,"Ningĩ Jehova akĩnjĩĩra atĩrĩ, “Oya kĩbaũ kĩnene, na ũkĩandĩke na karamu ka ndũire ũũ: Maheri- Shalali-Hashi-Bazu.","Yahweh said to me, “Take a large tablet, and write on it with a man’s pen, ‘For Maher Shalal Hash Baz’;†"
Isaiah 8:2,"Na niĩ nĩngwĩta Uria ũrĩa mũthĩnjĩri-Ngai, na Zekaria mũrũ wa Jeberekia matuĩke aira akwa ehokeku.”","and I will take for myself faithful witnesses to testify: Uriah the priest, and Zechariah the son of Jeberechiah.”"
Isaiah 8:3,"Hĩndĩ ĩyo ngĩthiĩ, ngĩkoma na mũtumia wakwa, nake akĩgĩa nda, agĩciara kahĩĩ. Nake Jehova akĩnjĩĩra atĩrĩ, “Gatue Maheri-Shalali-Hashi-Bazu.","I went to the prophetess, and she conceived, and bore a son. Then Yahweh said to me, “Call his name ‘Maher Shalal Hash Baz.’"
Isaiah 8:4,"Kahĩĩ kau gataanamenya gwĩtana koige ‘Baba’ kana ‘Maitũ’, ũtonga wa Dameski na indo iria itahĩtwo nĩ Samaria nĩigakuuo nĩ mũthamaki wa Ashuri.”","For before the child knows how to say, ‘My father’ and ‘My mother,’ the riches of Damascus and the plunder of Samaria will be carried away by the king of Assyria.”"
Isaiah 8:5,"O rĩngĩ Jehova akĩnjarĩria, akĩnjĩĩra atĩrĩ:","Yahweh spoke to me yet again, saying,"
Isaiah 8:6,"“Kuona atĩ andũ aya nĩmaregete maaĩ marĩa mathereraga mahooreire ma Siloamu,* na magakenera Rezini o na mũrũ wa Remalia-rĩ,","“Because this people has refused the waters of Shiloah that go softly, and rejoice in Rezin and Remaliah’s son;"
Isaiah 8:7,"nĩ ũndũ ũcio Mwathani akiriĩ kũmarehithĩria mũiyũro mũnene wa Rũũĩ rwa Farati, naruo nĩruo mũthamaki wa Ashuri arĩ na riiri wake wothe. Rũkaaiyũrĩrĩra mĩkaro yaruo yothe, na ruune hũgũrũrũ ciaruo,","now therefore, behold, the Lord brings upon them the mighty flood waters of the River: the king of Assyria and all his glory. It will come up over all its channels, and go over all its banks."
Isaiah 8:8,"ningĩ rũgaathiĩ rũhaatĩte Juda rũiyũre guothe, rũhĩtũkĩire kuo na rũkinye nginya ngingo. Mathagu maaruo matambũrũkĩtio makaahumbĩra wariĩ wa bũrũri waku, wee Imanueli!”","It will sweep onward into Judah. It will overflow and pass through. It will reach even to the neck. The stretching out of its wings will fill the width of your land, O Immanuel."
Isaiah 8:9,"Atĩrĩrĩ inyuĩ andũ a ndũrĩrĩ, ugĩrĩriai mbugĩrĩrio ya mbaara, na no mũgũthetherwo! Ta thikĩrĩriai inyuĩ mabũrũri ma kũraya. Haarĩriai mbaara, na no mũgũthetherwo! Haarĩriai mbaara, na no mũgũthetherwo!","Make an uproar, you peoples, and be broken in pieces! Listen, all you from far countries: dress for battle, and be shattered! Dress for battle, and be shattered!"
Isaiah 8:10,"Thugundai mĩbango yanyu, no ĩgaatuĩka ya tũhũ; ariai ũhoro wa matanya manyu, no matikahinga, nĩgũkorwo Mũrungu arĩ hamwe na ithuĩ.","Take counsel together, and it will be brought to nothing; speak the word, and it will not stand, for God is with us.”"
Isaiah 8:11,"Jehova nĩanjarĩirie ũhoro ũcio agwatĩirie mũno, na akĩngaania ndikarũmĩrĩre njĩra cia andũ acio. Akĩnjĩĩra atĩrĩ:","For Yahweh spoke this to me with a strong hand, and instructed me not to walk in the way of this people, saying,"
Isaiah 8:12,"“Maũndũ marĩa mothe andũ aya metaga ndundu ya gwĩka ũũru, wee ndũkamete ndundu ya gwĩka ũũru; na ndũgetigĩre kĩrĩa metigagĩra, na ndũkamakio nĩkĩo.†",“Don’t call a conspiracy all that this people call a conspiracy. Don’t fear their threats or be terrorized.
Isaiah 8:13,"Jehova Mwene-Hinya-Wothe nĩwe mũrĩtuaga mũtheru, we nĩwe mwagĩrĩirwo nĩ gwĩtigĩra, o we nĩwe ũngĩtũma mũmake,",Yahweh of Armies is who you must respect as holy. He is the one you must fear. He is the one you must dread.
Isaiah 8:14,"na nĩwe ũgaatuĩka handũ hanyu harĩa haamũre; no kũrĩ nyũmba cierĩ cia Isiraeli agaatuĩka ihiga rĩrĩa rĩtũmaga andũ mahĩngwo, na rwaro rwa ihiga rũrĩa rũtũmaga magũe. Na kũrĩ andũ arĩa matũũraga Jerusalemu agaatuĩka mũtego na gĩkerenge gĩa kũmanyiita.","He will be a sanctuary, but for both houses of Israel, he will be a stumbling stone and a rock that makes them fall. For the people of Jerusalem, he will be a trap and a snare."
Isaiah 8:15,"Aingĩ ao nĩmakahĩngwo; nao magũe na moinĩke, magwatio na manyiitwo.”","Many will stumble over it, fall, be broken, be snared, and be captured.”"
Isaiah 8:16,"Oha ũira ũcio na watho ũcio, ũũhũũre mũhũũri ũtuĩke kĩrĩra harĩ arutwo akwa.",Wrap up the covenant. Seal the law among my disciples.
Isaiah 8:17,"Niĩ ngweterera Jehova, ũrĩa ũhithĩte nyũmba ya Jakubu ũthiũ wake. Ndĩrĩikaraga ndĩmwĩhokete.","I will wait for Yahweh, who hides his face from the house of Jacob, and I will look for him."
Isaiah 8:18,"Niĩ hamwe na ciana iria Jehova aheete-rĩ, nĩ ithuĩ marũũri na imenyithia thĩinĩ wa Isiraeli kuuma kũrĩ Jehova Mwene-Hinya-Wothe ũrĩa ũtũũraga Kĩrĩma-inĩ gĩa Zayuni.","Behold, I and the children whom Yahweh has given me are for signs and for wonders in Israel from Yahweh of Armies, who dwells in Mount Zion."
Isaiah 8:19,"Andũ mangĩkwĩra ũgatuĩrie kĩrĩra kuuma kũrĩ aragũri na ago arĩa mahehanaga na makangʼungʼura-rĩ, ũkaamoria atĩrĩ, “Githĩ andũ matiagĩrĩirwo nĩgũtuĩria ũhoro harĩ Ngai wao?” Nĩ kĩĩ gĩgũtũma mũtuĩrie ũhoro wa andũ arĩa marĩ muoyo kuuma kũrĩ arĩa akuũ?","When they tell you, “Consult with those who have familiar spirits and with the wizards, who chirp and who mutter,” shouldn’t a people consult with their God? Should they consult the dead on behalf of the living?"
Isaiah 8:20,"Nĩ kaba mũũtuĩrie watho-inĩ wa Ngai o na ũira-inĩ wake! Angĩkorwo ũhoro wao ndũkũringana na ciugo ici, o nao matirĩ na ũtheri.","Turn to the law and to the covenant! If they don’t speak according to this word, surely there is no morning for them."
Isaiah 8:21,"Andũ magaatuĩkanagĩria bũrũri-inĩ marĩ anyamaarĩku na marĩ ahũtu; na rĩrĩ, rĩrĩa makahũũta mũno, nĩmakarakara mũno na matiire maitho na igũrũ, nao marume mũthamaki wao na Ngai wao.","They will pass through it, very distressed and hungry. It will happen that when they are hungry, they will worry, and curse their king and their God. They will turn their faces upward,"
Isaiah 8:22,"Hĩndĩ ĩyo makaarora thĩ mone o mĩnyamaro, na nduma, na kĩeha gĩa kũmakania, nao nĩmagaikio nduma-inĩ ndumanu.","then look to the earth and see distress, darkness, and the gloom of anguish. They will be driven into thick darkness."
Isaiah 9:1,"No rĩrĩ, andũ a bũrũri ũyũ arĩa makoretwo marĩ na mĩnyamaro matigacooka kũgĩa na kĩeha. Mbere ĩyo nĩanyararithirie bũrũri wa Zebuluni na bũrũri wa Nafitali, no mahinda ma thuutha-inĩ nĩagatĩĩithia bũrũri ũrĩa ũgereire iria-inĩ, ũikũrũkanĩtie na Rũũĩ rwa Jorodani, nĩkuo gwĩtagwo Galili- kwa-Ndũrĩrĩ:","But there shall be no more gloom for her who was in anguish. In the former time, he brought into contempt the land of Zebulun and the land of Naphtali; but in the latter time he has made it glorious, by the way of the sea, beyond the Jordan, Galilee of the nations."
Isaiah 9:2,"Andũ arĩa matũũraga nduma-inĩ nĩmonete ũtheri mũnene; nao arĩa matũũraga bũrũri ũrĩ nduma ta ya gĩkuũ-rĩ, nĩmarĩirwo nĩ ũtheri.",The people who walked in darkness have seen a great light. The light has shined on those who lived in the land of the shadow of death.
Isaiah 9:3,"Wee nĩũingĩhĩtie rũrĩrĩ rũu, na ũkongerera gĩkeno kĩaruo; andũ aruo makenaga marĩ mbere yaku, o ta ũrĩa andũ makenagĩra magetha, magakena o ta ũrĩa andũ makenaga makĩgayana indo cia ndaho.","You have multiplied the nation. You have increased their joy. They rejoice before you according to the joy in harvest, as men rejoice when they divide the plunder."
Isaiah 9:4,"Nĩgũkorwo o ta ũrĩa kwarĩ mũthenya ũrĩa Amidiani maahootirwo, ũguo noguo unangĩte icooki rĩrĩa rĩmaritũhagĩra, na ũkoinanga mũtĩ wa kũmoohania ciande, na rũthanju rwa arĩa mamahinyagĩrĩria.","For the yoke of his burden, and the staff of his shoulder, the rod of his oppressor, you have broken as in the day of Midian."
Isaiah 9:5,"Iraatũ ciothe cia njamba cia ita iria ihũthagĩrwo mbaara-inĩ, na nguo ciothe ĩtoboketio thakame-inĩ, igaatuĩka cia gũcinwo ta irĩ ngũ cia mwaki.","For all the armor of the armed man in the noisy battle, and the garments rolled in blood, will be for burning, fuel for the fire."
Isaiah 9:6,"Nĩgũkorwo nĩtũciarĩirwo kaana, tũkaheo kahĩĩ, naguo wathani ũgaakorwo ciande-inĩ ciako. Nako gageetagwo Mũheani-Kĩrĩra-wa-Kũgegania, Mũrungu Mwene-Hinya, Ithe-wa-Andũ-wa-Tene-na-Tene, Mũnene-wa-Thayũ.","For a child is born to us. A son is given to us; and the government will be on his shoulders. His name will be called Wonderful Counselor, Mighty God, Everlasting Father, Prince of Peace."
Isaiah 9:7,"Naguo ũhoro wa gũtheerema kwa ũthamaki wake na thayũ gũtirĩ hĩndĩ igaathira. Agaathamakagĩra ũthamaki wake aikarĩire gĩtĩ kĩa ũnene kĩa Daudi, aũhaande na aũtiirĩrĩre na ciira wa kĩhooto na ũthingu, kuuma rĩu nginya tene. Kĩyo kĩa Jehova Mwene-Hinya-Wothe nĩkĩo gĩgaatũma maũndũ macio mekĩke.","Of the increase of his government and of peace there shall be no end, on David’s throne, and on his kingdom, to establish it, and to uphold it with justice and with righteousness from that time on, even forever. The zeal of Yahweh of Armies will perform this."
Isaiah 9:8,Mwathani nĩatũmĩte ndũmĩrĩri ya gũũkĩrĩra Jakubu;* nayo nĩĩgakinyĩra Isiraeli.,"The Lord sent a word into Jacob, and it falls on Israel."
Isaiah 9:9,"Nao andũ othe nĩmakamenya ũhoro wayo, andũ acio a Efiraimu, na arĩa matũũraga Samaria, o acio moigaga na mwĩtĩĩo na nguthi ngoro-inĩ atĩrĩ,","All the people will know, including Ephraim and the inhabitants of Samaria, who say in pride and in arrogance of heart,"
Isaiah 9:10,"“Maturubarĩ nĩmagwĩte thĩ, no ithuĩ tũgwaka rĩngĩ na mahiga maicũhie; mĩtĩ ya mĩkũyũ nĩmĩteme, no ithenya rĩayo tũgwaka na mĩtarakwa.”","“The bricks have fallen, but we will build with cut stone. The sycamore fig trees have been cut down, but we will put cedars in their place.”"
Isaiah 9:11,"No rĩrĩ, Jehova nĩaheete andũ arĩa marĩ muku na Rezini hinya mamookĩrĩre, na akaarahũra thũ ciao.†","Therefore Yahweh will set up on high against him the adversaries of Rezin, and will stir up his enemies,"
Isaiah 9:12,"Andũ a Suriata kuuma mwena wa irathĩro, na Afilisti kuuma mwena wa ithũĩro nĩmathamĩtie kanua, magatambuura Isiraeli. No o na kũrĩ ũguo-rĩ, marakara make matirĩ maraahũahũa, guoko gwake no gũtambũrũkĩtio o na rĩu.","The Syrians in front, and the Philistines behind; and they will devour Israel with open mouth. For all this, his anger is not turned away, but his hand is stretched out still."
Isaiah 9:13,"No rĩrĩ, andũ acio maticookereire ũcio wamahũũrire, kana makarongooria Jehova Mwene-Hinya-Wothe.","Yet the people have not turned to him who struck them, neither have they sought Yahweh of Armies."
Isaiah 9:14,"Nĩ ũndũ ũcio Jehova nĩagatinia mũtwe na mũtingʼoe wa Isiraeli, na arenge rũhonge rwa mũkĩndũ na rwa ithanjĩ o mũthenya ũmwe.","Therefore Yahweh will cut off from Israel head and tail, palm branch and reed, in one day."
Isaiah 9:15,"Athuuri na andũ arĩa marĩ igweta nĩo mũtwe, nao anabii arĩa marutanaga ũhoro wa maheeni nĩo mũtingʼoe.","The elder and the honorable man is the head, and the prophet who teaches lies is the tail."
Isaiah 9:16,"Nĩgũkorwo atongoria a andũ aya nĩo mamahĩtithagia, nao arĩa matongoragio makahĩtithio njĩra.",For those who lead this people lead them astray; and those who are led by them are destroyed.
Isaiah 9:17,"Nĩ ũndũ ũcio Mwathani ndagakenio nĩ aanake, kana aiguĩre ciana cia ngoriai na atumia a ndigwa tha, nĩgũkorwo andũ othe matiĩtigĩrĩte Ngai na nĩ aaganu, natuo tũnua twao tuothe twaragia maũndũ mooru. No o na kũrĩ ũguo-rĩ, marakara make matirĩ maraahũahũa, guoko gwake no gũtambũrũkĩtio o na rĩu.","Therefore the Lord will not rejoice over their young men, neither will he have compassion on their fatherless and widows; for everyone is profane and an evildoer, and every mouth speaks folly. For all this his anger is not turned away, but his hand is stretched out still."
Isaiah 9:18,"Ti-itherũ waganu ũrĩrĩmbũkĩte ta mwaki, ũgacina congʼe na mĩigua, na ũgaakana ihinga-inĩ cia mũtitũ, nayo ndogo yaguo ĩgeekonja yambatĩte na igũrũ ta itu ithimbu.","For wickedness burns like a fire. It devours the briers and thorns; yes, it kindles in the thickets of the forest, and they roll upward in a column of smoke."
Isaiah 9:19,"Nĩ ũndũ wa mangʼũrĩ ma Jehova Mwene-Hinya-Wothe bũrũri nĩũgaacinwo biũ, nao andũ magaatuĩka ta ngũ cia mwaki; gũtirĩ mũndũ o na ũmwe ũgacaaĩra mũrũ wa nyina.","Through Yahweh of Armies’ wrath, the land is burned up; and the people are the fuel for the fire. No one spares his brother."
Isaiah 9:20,"Magaathara irio cia mwena wao wa ũrĩo, na makorwo marĩ o ahũtu; makaarĩa cia mwena wao wa ũmotho, no matihũũne. O mũndũ akaarĩa nyama cia ciana ciake mwene;","One will devour on the right hand, and be hungry; and he will eat on the left hand, and they will not be satisfied. Everyone will eat the flesh of his own arm:"
Isaiah 9:21,"Manase akaarĩa Efiraimu, nake Efiraimu arĩe Manase: nao marĩ hamwe nĩmagookĩrĩra Juda. No o na kũrĩ ũguo-rĩ, marakara make matirĩ maraahũahũa, guoko gwake no gũtambũrũkĩtio o na rĩu.","Manasseh eating Ephraim and Ephraim eating Manasseh, and they together will be against Judah. For all this his anger is not turned away, but his hand is stretched out still."
Isaiah 10:1,"Kaĩ arĩa mathondekaga mawatho matarĩ ma kĩhooto marĩ na haaro-ĩ! o arĩa marutaga mawatho ma kũhinyanĩrĩria,","Woe to those who decree unrighteous decrees, and to the writers who write oppressive decrees"
Isaiah 10:2,"nĩguo mahotomie ciira wa andũ arĩa athĩĩni, na magirĩrĩrie kĩhooto kĩa andũ akwa arĩa mahinyĩrĩirio, na magatua atumia a ndigwa iguĩma rĩao, o na magatunya ciana cia ngoriai indo ciacio.","to deprive the needy of justice, and to rob the poor among my people of their rights, that widows may be their plunder, and that they may make the fatherless their prey!"
Isaiah 10:3,"Mũgeeka atĩa mũthenya wa ciira, rĩrĩa mũgaakorererwo nĩ mwanangĩko uumĩte kũraya? Mũkoorĩra kũrĩ ũ amũteithie? Ũtonga wanyu mũkaaũtiga kũ?","What will you do in the day of visitation, and in the desolation which will come from afar? To whom will you flee for help? Where will you leave your wealth?"
Isaiah 10:4,"Gũtirĩ ũndũ ũgaakorwo ũtigarĩte tiga kwĩnyiihia gatagatĩ ka mĩgwate, kana mũgũe gatagatĩ ka arĩa makuĩte. No o na kũrĩ ũguo-rĩ, marakara make matirĩ maraahũahũa, guoko gwake no gũtambũrũkĩtio o na rĩu.","They will only bow down under the prisoners, and will fall under the slain. For all this his anger is not turned away, but his hand is stretched out still."
Isaiah 10:5,"“Kaĩ andũ a Ashuri marĩ na haaro-ĩ! o acio rũthanju rwa marakara makwa, na thimbũ ya mangʼũrĩ makwa!","Alas Assyrian, the rod of my anger, the staff in whose hand is my indignation!"
Isaiah 10:6,"Ndĩmatũmaga mookĩrĩre rũrĩrĩ rũrĩa rũtooĩ Ngai, ngamatũma mookĩrĩre andũ arĩa mandakaragia, nĩguo matunyane indo, na mahurie ndaho, na mamarangĩrĩrie ta ndoro ya njĩra-inĩ.","I will send him against a profane nation, and against the people who anger me I will give him a command to take the plunder and to take the prey, and to tread them down like the mire of the streets."
Isaiah 10:7,"No ũguo tiguo maciirĩire gwĩka, ũndũ ũyũ tiguo ũrĩ meciiria-inĩ mao, muoroto wao nĩ kwananga, na kũniina ndũrĩrĩ nyingĩ biũ.","However, he doesn’t mean so, neither does his heart think so; but it is in his heart to destroy, and to cut off not a few nations."
Isaiah 10:8,"Mũthamaki wa Ashuri aaragia, akoiga atĩrĩ, ‘Githĩ anene akwa a ita othe ti athamaki?","For he says, “Aren’t all of my princes kings?"
Isaiah 10:9,"Githĩ itũũra rĩa Kalino rĩtiekirwo o ta Karikemishi? O narĩo Hamathu-rĩ, githĩ rĩtiekirwo o ta Aripadi? Narĩo Samaria githĩ rĩtiekirwo o ta Dameski?",Isn’t Calno like Carchemish? Isn’t Hamath like Arpad? Isn’t Samaria like Damascus?”
Isaiah 10:10,"O ta ũrĩa guoko gwakwa gwatunyanire mothamaki marĩa meigagĩra mĩhianano ya kũhooywo, o macio maarĩ mĩhianano mĩingĩ mĩicũhie gũkĩra ya Jerusalemu na ya Samaria-rĩ,","As my hand has found the kingdoms of the idols, whose engraved images exceeded those of Jerusalem and of Samaria,"
Isaiah 10:11,githĩ ndigeeka Jerusalemu na mĩhianano yarĩo ya kũhooywo o ta ũrĩa ndeekire Samaria na mĩhianano yarĩo?’ ”,"shall I not, as I have done to Samaria and her idols, so do to Jerusalem and her idols?"
Isaiah 10:12,"Mwathani aarĩkia wĩra wake wothe wa gũũkĩrĩra Kĩrĩma gĩa Zayuni na Jerusalemu-rĩ, akoiga atĩrĩ, “Nĩngũherithia mũthamaki wa Ashuri nĩ ũndũ wa mwĩtĩĩo wa ngoro yake na mwĩtũũgĩrio wake, nĩ ũndũ wa ũrĩa oonaga ta ekĩrĩirwo.","Therefore it will happen that when the Lord has performed his whole work on Mount Zion and on Jerusalem, I will punish the fruit of the willful proud heart of the king of Assyria, and the insolence of his arrogant looks."
Isaiah 10:13,"Nĩgũkorwo oigaga atĩrĩ: “ ‘Njĩkĩte ũguo na hinya wa guoko gwakwa, o na ũũgĩ wakwa, tondũ ndĩ na ũmenyo. Nĩndeheririe mĩhaka ya ndũrĩrĩ, na ngĩtaha igĩĩna ciao, na ta mũndũ ũrĩ na hinya-rĩ, nĩndatooririe athamaki ao.","For he has said, “By the strength of my hand I have done it, and by my wisdom, for I have understanding. I have removed the boundaries of the peoples, and have robbed their treasures. Like a valiant man I have brought down their rulers."
Isaiah 10:14,"O ta ũrĩa mũndũ akinyagĩra gĩtara, ũguo noguo guoko gwakwa gwakinyĩrire ũtonga ũcio wa ndũrĩrĩ; o ta ũrĩa andũ macookanagĩrĩria matumbĩ marĩa maatiganĩirio, ũguo noguo na niĩ ndacookanĩrĩirie mabũrũri mothe; gũtirĩ o na ũmwe wabatabatirie ithagu rĩaguo, kana ũgĩathamia kanua kaguo ũkĩgamba.’ ”","My hand has found the riches of the peoples like a nest, and like one gathers eggs that are abandoned, I have gathered all the earth. There was no one who moved their wing, or that opened their mouth, or chirped.”"
Isaiah 10:15,"Ithanwa-rĩ, rĩahota kwĩyambararia igũrũ rĩa ũrĩa ũtemaga mũtĩ narĩo, kana mũthumeno wĩtĩĩre ũrĩa ũũguucagia? Kaĩ rũthanju rũngĩkĩhiũria ũrĩa ũruoete na igũrũ, kana thimbũ ĩhiũrie ũrĩa ũtarĩ mbaũ!","Should an ax brag against him who chops with it? Should a saw exalt itself above him who saws with it? As if a rod should lift those who lift it up, or as if a staff should lift up someone who is not wood."
Isaiah 10:16,"Nĩ ũndũ ũcio Mwathani, o we Jehova Mwene-Hinya-Wothe, nĩakarehera njamba ciake cia ita iria irĩ hinya mũrimũ wa kũhĩnja; na handũ ha kũhumbĩrwo nĩ riiri wake-rĩ, nĩ mwaki magaakĩrio ũrĩrĩmbũke ta rũrĩrĩmbĩ.","Therefore the Lord, Yahweh of Armies, will send among his fat ones leanness; and under his glory a burning will be kindled like the burning of fire."
Isaiah 10:17,"Ũtheri wa Isiraeli agaatuĩka mwaki, nake Ũrĩa Mũtheru wao atuĩke rũrĩrĩmbĩ. Ũgaakana na ũcine mĩigua yake na congʼe wake o mũthenya ũmwe.","The light of Israel will be for a fire, and his Holy One for a flame; and it will burn and devour his thorns and his briers in one day."
Isaiah 10:18,"Nake nĩakaniina biũ riiri wa mĩtitũ yake, o hamwe na wa mĩgũnda yake ĩrĩa mĩnoru, o ta ũrĩa mũndũ mũrũaru ahĩnjaga agathirĩrĩkĩra.","He will consume the glory of his forest and of his fruitful field, both soul and body. It will be as when a standard bearer faints."
Isaiah 10:19,"Nayo mĩtĩ ya mĩtitũ yake ĩgaatigara o mĩnini, atĩ o na mwana no andĩke mũigana wayo.","The remnant of the trees of his forest shall be few, so that a child could write their number."
Isaiah 10:20,"Na rĩrĩ, mũthenya ũcio andũ arĩa magaatigara a Isiraeli, o na arĩa makaahonoka a nyũmba ya Jakubu, matigacooka kwĩgiritania na ũcio wamahũũrĩte,* no makegiritania na Jehova o ma, o we Ũrĩa Mũtheru wa Isiraeli.","It will come to pass in that day that the remnant of Israel, and those who have escaped from the house of Jacob will no more again lean on him who struck them, but shall lean on Yahweh, the Holy One of Israel, in truth."
Isaiah 10:21,"Matigari nĩmagacooka, o macio matigari ma Jakubu-rĩ, nĩmagacookerera Mũrungu Mwene-Hinya.","A remnant will return, even the remnant of Jacob, to the mighty God."
Isaiah 10:22,"O na gũtuĩka andũ aku, wee Isiraeli maingĩhĩte ta mũthanga wa iria-inĩ-rĩ, no matigari magaacooka kwao. Mwanangĩko naguo nĩwathanĩtwo, mwanangĩko wa kuonania atĩ itua rĩake nĩ rĩa kĩhooto kũna.","For though your people, Israel, are like the sand of the sea, only a remnant of them will return. A destruction is determined, overflowing with righteousness."
Isaiah 10:23,"Mwathani, o we Jehova Mwene-Hinya-Wothe, nĩwe ũkaananga bũrũri ũcio wothe ta ũrĩa gwathanĩtwo.","For the Lord, Yahweh of Armies, will make a full end, and that determined, throughout all the earth."
Isaiah 10:24,"Nĩ ũndũ ũcio, Mwathani, Jehova Mwene-Hinya-Wothe, ekuuga atĩrĩ: “Inyuĩ andũ akwa arĩa mũtũũraga Zayuni, mũtigetigĩre andũ a Ashuri, arĩa mamũhũũraga na rũthanju, na makamuoera njũgũma mamũũkĩrĩre ta ũrĩa mwekagwo Misiri.","Therefore the Lord, Yahweh of Armies, says, “My people who dwell in Zion, don’t be afraid of the Assyrian, though he strike you with the rod, and lift up his staff against you, as Egypt did."
Isaiah 10:25,"Nĩgũkorwo no ihinda inini rĩtigaire marakara makwa igũrũ rĩanyu mathire, namo mangʼũrĩ makwa mamacookerere mamaniine.”","For yet a very little while, and the indignation against you will be accomplished, and my anger will be directed to his destruction.”"
Isaiah 10:26,"Ningĩ Jehova Mwene-Hinya-Wothe nĩakamahũũra na kĩboko, o ta ũrĩa Amidiani mekirwo rĩrĩa mooragĩirwo rwaro-inĩ rwa ihiga rĩa Orebu; na nĩakambararia mũthĩgi wake igũrũ rĩa maaĩ, o ta ũrĩa eekire kũu bũrũri wa Misiri.","Yahweh of Armies will stir up a scourge against him, as in the slaughter of Midian at the rock of Oreb. His rod will be over the sea, and he will lift it up like he did against Egypt."
Isaiah 10:27,"Mũthenya ũcio mũrigo wao nĩũkeherio ciande-inĩ ciaku, narĩo icooki rĩao rĩeherio ngingo-inĩ cianyu; icooki rĩu nĩrĩkoinangwo nĩ ũndũ wa ũrĩa wee ũitĩrĩirio maguta.","It will happen in that day that his burden will depart from off your shoulder, and his yoke from off your neck, and the yoke shall be destroyed because of the anointing oil."
Isaiah 10:28,Nĩmaratoonya Aiathu; maratuĩkanĩria Migironi; o na maraiga igĩĩna ciao Mikimashi.,He has come to Aiath. He has passed through Migron. At Michmash he stores his baggage.
Isaiah 10:29,"Nao makĩhĩtũkĩra mũkuru-inĩ, makoiga atĩrĩ, “Ũtukũ ũyũ tũkũraarĩrĩra Geba.” Rama nĩkũinaina kũrainaina; nakuo Gibea itũũra rĩa Saũlũ nĩ kũũra rĩroora.",They have gone over the pass. They have taken up their lodging at Geba. Ramah trembles. Gibeah of Saul has fled.
Isaiah 10:30,"Atĩrĩrĩ, wee mwarĩ wa Galimu, uga mbu! Wee Laisha, thikĩrĩria! Nawe Anathothu, wũi-ĩ!","Cry aloud with your voice, daughter of Gallim! Listen, Laishah! You poor Anathoth!"
Isaiah 10:31,Andũ a Madimena nĩ kũũra maroora; nao andũ a Gebimu nĩ kwĩhitha marehitha.,Madmenah is a fugitive. The inhabitants of Gebim flee for safety.
Isaiah 10:32,"Mũthenya wa ũmũthĩ marĩrũgama kũu Nobu; maramainainĩria ngundi marĩ kũu kĩrĩma-inĩ kĩa Mwarĩ wa Zayuni, o kũu karĩma-inĩ ka Jerusalemu.","This very day he will halt at Nob. He shakes his hand at the mountain of the daughter of Zion, the hill of Jerusalem."
Isaiah 10:33,"Atĩrĩrĩ, Mwathani, Jehova Mwene-Hinya-Wothe, nĩagaceeha honge na hinya mũnene. Mĩtĩ ĩrĩa mĩnene mũno nĩĩgatemwo, ĩgũithio thĩ, na ĩrĩa mĩraihu ĩnyiihio.","Behold, the Lord, Yahweh of Armies, will lop the boughs with terror. The tall will be cut down, and the lofty will be brought low."
Isaiah 10:34,Nĩagatema ihinga cia mũtitũ na ithanwa; Lebanoni nĩĩkagũithio nĩ Ũrĩa-ũrĩ-Hinya.,"He will cut down the thickets of the forest with iron, and Lebanon will fall by the Mighty One."
Isaiah 11:1,"Na rĩrĩ, kuuma gĩthukĩ-inĩ kĩa Jesii nĩhakoima mũndũ ũhaana ta thuuna ĩrathundũka, na Rũhonge rũrĩa rũkoima mĩri-inĩ yake nĩrũgaciara maciaro.","A shoot will come out of the stock of Jesse, and a branch out of his roots will bear fruit."
Isaiah 11:2,"Nake Roho wa Jehova agaakorwo igũrũ rĩake: Roho wa ũũgĩ na wa ũmenyo, Roho wa ũtaarani na wa hinya, Roho wa ũmenyo na wa gwĩtigĩra Jehova:","Yahweh’s Spirit will rest on him: the spirit of wisdom and understanding, the spirit of counsel and might, the spirit of knowledge and of the fear of Yahweh."
Isaiah 11:3,"naguo ũndũ ũrĩa ũkaamũkenagia nĩ gwĩtigĩra Jehova. Ndagatuuaga ciira na ũndũ wa kũrora gĩthiithi kĩa mũndũ, kana atue ciira na ũndũ wa kũigua njuukũ;","His delight will be in the fear of Yahweh. He will not judge by the sight of his eyes, neither decide by the hearing of his ears;"
Isaiah 11:4,"no rĩrĩ, nĩagaciirithia arĩa abatari arĩ na ũthingu, nao arĩa athĩĩni a gũkũ thĩ amatuĩre ciira na kĩhooto. Nĩakahũũra thĩ na rũthanju rwa kanua gake, na oorage andũ arĩa aaganu na mĩhũmũ ya mĩromo yake.","but he will judge the poor with righteousness, and decide with equity for the humble of the earth. He will strike the earth with the rod of his mouth; and with the breath of his lips he will kill the wicked."
Isaiah 11:5,"Ũthingu nĩguo ũgaatuĩka mũcibi wake, naguo wĩhokeku ũtuĩke mwĩhotoro wake wa njohero.","Righteousness will be the belt around his waist, and faithfulness the belt around his waist."
Isaiah 11:6,"Njũũi ĩgaatũũranagia na kagondu, nayo ngarĩ ĩgaakomanagia na mbũri, nayo njaũ, na mũrũũthi, na nyamũ ya gĩcegũ igaaikaraga hamwe; nacio igaatongoragio nĩ kaana kanini.","The wolf will live with the lamb, and the leopard will lie down with the young goat, the calf, the young lion, and the fattened calf together; and a little child will lead them."
Isaiah 11:7,"Ngʼombe na nduba ikaarĩĩaga hamwe, natuo tũcaũ twacio tũgaakomanagia hamwe, naguo mũrũũthi ũkaarĩĩaga nyeki ta ndegwa.",The cow and the bear will graze. Their young ones will lie down together. The lion will eat straw like the ox.
Isaiah 11:8,"Mwana wa rũkenge agathaakagĩra irima-inĩ rĩa gĩĩko, nake mwana mũnini nĩagaikagia guoko irima-inĩ rĩa nduĩra.","The nursing child will play near a cobra’s hole, and the weaned child will put his hand on the viper’s den."
Isaiah 11:9,"Gũtikageranwo ngero kana kũniinanwo, kũu kĩrĩma-inĩ gĩakwa gĩtheru, nĩgũkorwo thĩ nĩĩkaiyũrwo nĩ ũmenyo wa Jehova, o ta ũrĩa maaĩ maiyũrĩte iria-inĩ.","They will not hurt nor destroy in all my holy mountain; for the earth will be full of the knowledge of Yahweh, as the waters cover the sea."
Isaiah 11:10,"Na nĩgũgakinya atĩrĩ, mũthenya ũcio mũndũ ũcio ũkoima Mũri-inĩ wa Jesii, nĩakarũgama atuĩke ta bendera kũrĩ kĩrĩndĩ; ndũrĩrĩ nĩikongana harĩ we, nakĩo gĩikaro gĩake gĩa kũhurũka gĩgaakorwo kĩrĩ na riiri.","It will happen in that day that the nations will seek the root of Jesse, who stands as a banner of the peoples; and his resting place will be glorious."
Isaiah 11:11,"Mũthenya ũcio Mwathani nĩagatambũrũkia guoko ihinda rĩa keerĩ,* akũũre matigari ma andũ ake marĩa magaakorwo matigaire, amarute Ashuri, na kuuma Misiri ya Kĩanda, na kuuma Misiri ya Rũgongo, na kuuma Kushi, na kuuma Elamu, na kuuma Babuloni, na kuuma Hamathu, na kuuma icigĩrĩra cia iria.","It will happen in that day that the Lord will set his hand again the second time to recover the remnant that is left of his people from Assyria, from Egypt, from Pathros, from Cush, from Elam, from Shinar, from Hamath, and from the islands of the sea."
Isaiah 11:12,"Nĩakahaandĩra ndũrĩrĩ bendera, na acookanĩrĩrie andũ a Isiraeli arĩa maatahĩtwo; ningĩ acookanĩrĩrie andũ a Juda arĩa maahurunjĩtwo kuuma ituri-inĩ iria inya cia thĩ.","He will set up a banner for the nations, and will assemble the outcasts of Israel, and gather together the dispersed of Judah from the four corners of the earth."
Isaiah 11:13,"Ũiru wa Efiraimu nĩũgaathira, nacio thũ cia Juda nĩikaaniinwo; Efiraimu ndakaiguĩra Juda ũiru, kana Juda agĩe na ũthũ na Efiraimu.","The envy also of Ephraim will depart, and those who persecute Judah will be cut off. Ephraim won’t envy Judah, and Judah won’t persecute Ephraim."
Isaiah 11:14,"Nao nĩmagaikũrũka iharũrũka-inĩ cia Afilisti cia mwena wa ithũĩro; na marĩ hamwe nĩmagataha andũ a mwena wa irathĩro. Nĩmakenyiitĩra Edomu na Moabi, na nĩo magaathaga andũ a Amoni.","They will fly down on the shoulders of the Philistines on the west. Together they will plunder the children of the east. They will extend their power over Edom and Moab, and the children of Ammon will obey them."
Isaiah 11:15,"Na harĩa iria rĩa Misiri rĩcomokete ta rũrĩmĩ-rĩ, Jehova nĩakarĩhũithia biũ; ningĩ nĩakahuruta rũhuho rũhiũ na guoko gwake rũhũithie Rũũĩ rwa Farati. Nĩakarũgayania rũtuĩke tũrũũĩ mũgwanja, nĩgeetha andũ mahote kũringaga matekũruta iraatũ.","Yahweh will utterly destroy the tongue of the Egyptian sea; and with his scorching wind he will wave his hand over the River, and will split it into seven streams, and cause men to march over in sandals."
Isaiah 11:16,"Nĩgũgakorwo na njĩra nene ya kũgererwo nĩ matigari ma andũ ake arĩa magaakorwo matigaire Ashuri, o ta ĩrĩa yagereirwo nĩ andũ a Isiraeli rĩrĩa maambatire makiuma bũrũri wa Misiri.","There will be a highway for the remnant that is left of his people from Assyria, like there was for Israel in the day that he came up out of the land of Egypt."
Isaiah 12:1,"Na rĩrĩ, mũthenya ũcio nĩũkoiga atĩrĩ, “Nĩngũkũgooca, Wee Jehova. O na gũtuĩka nĩwaandakarĩire-rĩ, nĩũnjehereirie marakara maku na ũkaahooreria.","In that day you will say, “I will give thanks to you, Yahweh; for though you were angry with me, your anger has turned away and you comfort me."
Isaiah 12:2,"Ti-itherũ Mũrungu nĩwe ũhonokio wakwa; nĩwe ndĩrĩĩhokaga na ndigage gwĩtigĩra. Jehova, o we Jehova, nĩwe hinya wakwa na rwĩmbo rwakwa; nĩatuĩkĩte ũhonokio wakwa.”","Behold, God is my salvation. I will trust, and will not be afraid; for Yah, Yahweh, is my strength and song; and he has become my salvation.”"
Isaiah 12:3,Mũrĩtahaga maaĩ ithima-inĩ cia ũhonokio mũkenete.,Therefore with joy you will draw water out of the wells of salvation.
Isaiah 12:4,"Mũthenya ũcio nĩmũkoiga atĩrĩ: “Cookeriai Jehova ngaatho, kaĩrai rĩĩtwa rĩake; menyithaniai ndũrĩrĩ-inĩ ũrĩa ekĩte, na mũhunjie muuge atĩ rĩĩtwa rĩake nĩ itũũgĩrie mũno.","In that day you will say, “Give thanks to Yahweh! Call on his name! Declare his doings among the peoples! Proclaim that his name is exalted!"
Isaiah 12:5,"Inĩrai Jehova, nĩgũkorwo nĩekĩte maũndũ marĩ riiri; na mũtũme ũndũ ũcio ũmenywo nĩ thĩ yothe.","Sing to Yahweh, for he has done excellent things! Let this be known in all the earth!"
Isaiah 12:6,"Anĩrĩrai mũine mũrĩ na gĩkeno, inyuĩ andũ a Zayuni, nĩgũkorwo Ũrĩa Mũtheru wa Isiraeli, o ũcio ũrĩ gatagatĩ-inĩ kanyu, nĩ mũnene mũno.”","Cry aloud and shout, you inhabitant of Zion, for the Holy One of Israel is great among you!”"
Isaiah 13:1,"Ĩno nĩyo ndũmĩrĩri nditũ ĩkoniĩ Babuloni, ĩrĩa Isaia mũrũ wa Amozu onire:","The burden of Babylon, which Isaiah the son of Amoz saw."
Isaiah 13:2,"Atĩrĩrĩ, haandai bendera kĩrĩma igũrũ kĩrĩa gĩtarĩ mĩtĩ, anĩrĩrai na mũmahenerie, nĩguo matoonyere ihingo-inĩ cia arĩa marĩ igweta.","Set up a banner on the bare mountain! Lift up your voice to them! Wave your hand, that they may go into the gates of the nobles."
Isaiah 13:3,"Nĩnjathĩte andũ akwa arĩa atheru, nĩndũmanĩire njamba ciakwa, o icio ikenagĩra ũhootani wakwa, ciũke ikinyanĩrie marakara makwa.","I have commanded my consecrated ones; yes, I have called my mighty men for my anger, even my proudly exulting ones."
Isaiah 13:4,"Ta thikĩrĩriai, mũigue inegene rĩrĩ irĩma-inĩ igũrũ, inegene rĩhaana ta rĩa kĩrĩndĩ kĩingĩ! Ta thikĩrĩriai mũigue ngũĩ gatagatĩ ka mothamaki, taarĩ ndũrĩrĩ irarũrũngana hamwe! Jehova Mwene-Hinya-Wothe nĩwe ũracookanĩrĩria ita rĩa kũrũa mbaara.","The noise of a multitude is in the mountains, as of a great people; the noise of an uproar of the kingdoms of the nations gathered together! Yahweh of Armies is mustering the army for the battle."
Isaiah 13:5,"Andũ acio marooka moimĩte mabũrũri ma kũraya, makoima ituri-inĩ cia kũũrĩa igũrũ. Ti-itherũ Jehova nĩarooka na indo cia mbaara cia mangʼũrĩ make, nĩguo aanange bũrũri wothe.","They come from a far country, from the uttermost part of heaven, even Yahweh, and the weapons of his indignation, to destroy the whole land."
Isaiah 13:6,"Girĩkai, nĩgũkorwo mũthenya wa Jehova nĩũkuhĩrĩirie; ũgooka ũtariĩ ta mwanangĩko uumĩte kũrĩ Mwene-Hinya-Wothe.","Wail, for Yahweh’s day is at hand! It will come as destruction from the Almighty."
Isaiah 13:7,"Tondũ ũcio moko mothe nĩmakaregera, na ngoro ya mũndũ o wothe ĩringĩke.","Therefore all hands will be feeble, and everyone’s heart will melt."
Isaiah 13:8,"Andũ makaanyiitwo nĩ kĩmako kĩnene, na magwatwo nĩ ruo na kĩeha, na manyiitwo nĩ ruo o ta rwa mũndũ-wa-nja akĩrũmwo. O mũndũ akaagegio nĩ ũrĩa ũngĩ, na mothiũ mao mahaane ta nĩnĩmbĩ cia mwaki.",They will be dismayed. Pangs and sorrows will seize them. They will be in pain like a woman in labor. They will look in amazement one at another. Their faces will be faces of flame.
Isaiah 13:9,"Atĩrĩrĩ, mũthenya ũcio wa Jehova nĩũrooka, na gũtikaiguanĩrwo tha; ũgaakorwo ũrĩ mũthenya wa mangʼũrĩ na marakara mahiũ, ma gũtũma thĩ ĩkire ihooru, na ũniine ehia arĩa magaakorwo kuo.","Behold, the day of Yahweh comes, cruel, with wrath and fierce anger; to make the land a desolation, and to destroy its sinners out of it."
Isaiah 13:10,"Nĩgũkorwo njata cia igũrũ na iria cionekaga irĩ gĩtutu itigacooka kwara na ũtheri wacio. Narĩo riũa rĩkĩratha rĩgaatuĩka nduma, naguo mweri ũtige gũcooka kwara.","For the stars of the sky and its constellations will not give their light. The sun will be darkened in its going out, and the moon will not cause its light to shine."
Isaiah 13:11,"Nĩngaherithia thĩ nĩ ũndũ wa ũũru wayo, na herithie andũ arĩa aaganu nĩ ũndũ wa mehia mao. Nĩnganiina mwĩĩkĩrĩro wa andũ arĩa etĩĩi, na nyiihie mwĩtĩĩo wa arĩa matarĩ tha.","I will punish the world for their evil, and the wicked for their iniquity. I will cause the arrogance of the proud to cease, and will humble the arrogance of the terrible."
Isaiah 13:12,"Ũgaakorwo ũrĩ ũndũ mũritũ mũno kuona mũndũ, gũkĩra kuona thahabu therie, kana kuona thahabu ya ofiri.","I will make people more rare than fine gold, even a person than the pure gold of Ophir."
Isaiah 13:13,"Nĩ ũndũ ũcio nĩngatũma igũrũ rĩinaine; nayo thĩ nĩĩgaathingitha, yehere gĩikaro kĩayo, nĩ ũndũ wa mangʼũrĩ ma Jehova Mwene-Hinya-Wothe, mũthenya ũrĩa marakara make makarĩrĩmbũka.","Therefore I will make the heavens tremble, and the earth will be shaken out of its place in Yahweh of Armies’ wrath, and in the day of his fierce anger."
Isaiah 13:14,"O ta thwariga ĩrĩa ĩkũguĩmwo, na o ta ũrĩa ngʼondu itarĩ na mũrĩithi ciũraga, ũguo no taguo mũndũ o mũndũ agaacookerera andũ ao kĩũmbe, na o mũndũ oore acooke bũrũri wao kĩũmbe.","It will happen that like a hunted gazelle and like sheep that no one gathers, they will each turn to their own people, and will each flee to their own land."
Isaiah 13:15,Mũndũ ũrĩa wothe ũkaanyiitwo mũgwate agaathecwo atũrĩkanio; nao arĩa othe makaanyiitwo makooragwo na rũhiũ rwa njora.,Everyone who is found will be thrust through. Everyone who is captured will fall by the sword.
Isaiah 13:16,"Twana twao tũkaabacanio thĩ tũtuĩke icunjĩ makĩĩonagĩra na maitho; indo ciao cia nyũmba igaatahwo, na atumia ao manyiitwo na hinya.","Their infants also will be dashed in pieces before their eyes. Their houses will be ransacked, and their wives raped."
Isaiah 13:17,"Atĩrĩrĩ, nĩngarahũra andũ a Amedi mamookĩrĩre, arĩa matarĩ bata wa betha, na matakenagio nĩ thahabu.","Behold, I will stir up the Medes against them, who will not value silver, and as for gold, they will not delight in it."
Isaiah 13:18,"Nĩmakooraga aanake na mĩguĩ yao; o na matikaiguĩra twana tha, kana macaĩre ciana.",Their bows will dash the young men in pieces; and they shall have no pity on the fruit of the womb. Their eyes will not spare children.
Isaiah 13:19,"Itũũra rĩa Babuloni, o rĩo inagĩ rĩa mothamaki, na nĩrĩo rĩtũmaga andũ a Babuloni metĩĩe nĩ ũndũ wa riiri warĩo, nĩrĩkangʼaũranio nĩ Ngai, o ta ũrĩa Sodomu na Gomora kwangʼaũranirio.","Babylon, the glory of kingdoms, the beauty of the Chaldeans’ pride, will be like when God overthrew Sodom and Gomorrah."
Isaiah 13:20,"Gũtirĩ hĩndĩ rĩgaacooka gũtũũrwo o na rĩ, kana rĩikarwo nĩ andũ njiarwa na njiarwa; gũtirĩ Mũarabu ũkaamba hema yake kuo, na gũtirĩ mũrĩithi ũkaarahia mahiũ make kuo.","It will never be inhabited, neither will it be lived in from generation to generation. The Arabian will not pitch a tent there, neither will shepherds make their flocks lie down there."
Isaiah 13:21,"No rĩrĩ, gũgaakomagwo nĩ nyamũ cia werũ, nacio nyũmba ciarĩo igaikaragwo nĩ mbwe; kũu nĩkuo ndundu igaatũũraga, na nokuo mbũri cia gĩthaka-inĩ igaatũũhagĩra.","But wild animals of the desert will lie there, and their houses will be full of jackals. Ostriches will dwell there, and wild goats will frolic there."
Isaiah 13:22,"Hiti ikaagambagĩra ciĩgitĩro-inĩ ciakuo, na mbwe ciikarage nyũmba iria njega cia ũthamaki. Na rĩrĩ, ihinda rĩa ituĩro rĩu nĩikinyu, na matukũ marĩo matikongererwo.","Hyenas will cry in their fortresses, and jackals in the pleasant palaces. Her time is near to come, and her days will not be prolonged."
Isaiah 14:1,"No rĩrĩ, Jehova nĩakaiguĩra Jakubu tha; nĩegwĩthuurĩra Isiraeli o rĩngĩ, na atũme maikare bũrũri wao ene. Ageni nĩmakegwatania nao, na manyiitane na nyũmba ya Jakubu.","For Yahweh will have compassion on Jacob, and will yet choose Israel, and set them in their own land. The foreigner will join himself with them, and they will unite with the house of Jacob."
Isaiah 14:2,"Ndũrĩrĩ nĩikamooya, imacookie kũndũ kwao. Nayo nyũmba ya Isiraeli nĩĩkegwatĩra ndũrĩrĩ, ituĩke ndungata ciao cia arũme na cia airĩtu kũu bũrũri wa Jehova. Nĩmagataha andũ arĩa maamatahĩte tene, na macooke gwatha andũ arĩa maamahinyagĩrĩria.","The peoples will take them, and bring them to their place. The house of Israel will possess them in Yahweh’s land for servants and for handmaids. They will take as captives those whose captives they were; and they shall rule over their oppressors."
Isaiah 14:3,"Mũthenya ũrĩa Jehova akaamũhurũkia kuuma mathĩĩna-inĩ na mĩnyamaro-inĩ, na ũkombo-inĩ wa kũhinyĩrĩrio-rĩ,","It will happen in the day that Yahweh will give you rest from your sorrow, from your trouble, and from the hard service in which you were made to serve,"
Isaiah 14:4,"nĩmũgookĩrĩra mũthamaki wa Babuloni na kĩnyũrũri, mũmwĩre atĩrĩ: Kaĩ mũhinyanĩrĩria nĩakinyĩte mũthia-ĩ! Kaĩ marakara make mahiũ nĩmathirĩte-ĩ!","that you will take up this parable against the king of Babylon, and say, “How the oppressor has ceased! The golden city has ceased!”"
Isaiah 14:5,"Jehova nĩoinangĩte rũthanju rwa andũ arĩa aaganu, o na akoinanga thimbũ ya ũnene ya arĩa maathanaga,","Yahweh has broken the staff of the wicked, the scepter of the rulers,"
Isaiah 14:6,"ĩrĩa maahũũraga andũ nayo mategũtigithĩria, marakarĩte, magaatha ndũrĩrĩ marĩ na marakara, na magaciũgitaga matarĩ na tha.","who struck the peoples in wrath with a continual stroke, who ruled the nations in anger, with a persecution that no one restrained."
Isaiah 14:7,Mabũrũri mothe rĩu nĩmahurũkĩte na marĩ na thayũ; nĩmambĩrĩirie kũina.,"The whole earth is at rest, and is quiet. They break out in song."
Isaiah 14:8,"O nayo mĩtĩ ya mĩkarakaba na mĩtarakwa ya Lebanoni ĩragũkenerera, ĩkoiga atĩrĩ: “Kuuma hĩndĩ ĩrĩa wagũithirio thĩ, gũtirĩ mũtemi mĩtĩ ũrĩ woka gũtũtema.”","Yes, the cypress trees rejoice with you, with the cedars of Lebanon, saying, “Since you are humbled, no lumberjack has come up against us.”"
Isaiah 14:9,"Mbĩrĩra kũu mũhuro wa thĩ nĩyarahũkĩte, ĩgũtũnge ũgĩkinya kuo; nĩyarahũrĩte maroho ma arĩa maanakua makũgeithie: arĩa othe maarĩ atongoria gũkũ thĩ; ĩtũmaga mookĩrĩrie itĩ ciao cia ũnene, o arĩa othe maarĩ athamaki a ndũrĩrĩ.","Sheol† from beneath has moved for you to meet you at your coming. It stirs up the departed spirits for you, even all the rulers of the earth. It has raised up from their thrones all the kings of the nations."
Isaiah 14:10,"Nao othe magaacookia, makwĩre atĩrĩ, “O nawe nĩwagĩte hinya o ta ithuĩ; ũhaanĩte o ta ithuĩ.”","They all will answer and ask you, “Have you also become as weak as we are? Have you become like us?”"
Isaiah 14:11,"Riiri wothe wa ũnene waku ũikũrũkĩtio o nginya mbĩrĩra-inĩ, hamwe na mĩgambo ya inanda ciaku cia mũgeeto; igunyũ nĩcio ũkomeire, na igunyũ nocio ikũhumbĩire.","Your pomp is brought down to Sheol,‡ with the sound of your stringed instruments. Maggots are spread out under you, and worms cover you."
Isaiah 14:12,"Hĩ! Kaĩ wee njata ya kĩwariĩ nĩũgwĩte ũkoima igũrũ-ĩ, o wee mũrũ wa rũciinĩ kĩroko gwakĩa! Ũharũrũkĩtio ũgaikio gũkũ thĩ, o wee ũrĩa hĩndĩ ĩmwe wahinyagĩrĩria ndũrĩrĩ!","How you have fallen from heaven, shining one, son of the dawn! How you are cut down to the ground, who laid the nations low!"
Isaiah 14:13,"Wee weĩraga atĩrĩ na ngoro yaku, “Ngũhaica nginye igũrũ; na gĩtĩ gĩakwa kĩa ũnene ndĩkĩambararie gĩkĩre njata cia Mũrungu; na njikarĩre kĩrĩma-inĩ gĩa gũtũnganwo, o gacũmbĩrĩ ga kĩrĩma kĩrĩa kĩamũre.","You said in your heart, “I will ascend into heaven! I will exalt my throne above the stars of God! I will sit on the mountain of assembly, in the far north!"
Isaiah 14:14,"Nĩngahaica nginya kũndũ kũraihu igũrũ rĩa matu, ndĩĩhaananie na Ũrĩa-ũrĩ-Igũrũ-Mũno.”",I will ascend above the heights of the clouds! I will make myself like the Most High!”
Isaiah 14:15,"No rĩrĩ, wee ũharũrũkĩtio thĩ nginya mbĩrĩra-inĩ, ũgakinya irima kũrĩa kũriku.","Yet you shall be brought down to Sheol,§ to the depths of the pit."
Isaiah 14:16,"Arĩa marĩkuonaga, marĩgũkũũragĩra maitho, magecũũrania ũhoro waku, makoorania atĩrĩ, “Ũyũ nĩwe mũndũ ũrĩa wenyenyagia thĩ na agatũma mothamaki mainaine,","Those who see you will stare at you. They will ponder you, saying, “Is this the man who made the earth to tremble, who shook kingdoms,"
Isaiah 14:17,"mũndũ ũrĩa watũmire thĩ ĩtuĩke ta werũ, na akangʼaũrania matũũra mayo marĩa manene? Nĩwe ũrĩa ũtetĩkagĩria andũ arĩa oohe mainũke kwao mĩciĩ?”","who made the world like a wilderness, and overthrew its cities, who didn’t release his prisoners to their home?”"
Isaiah 14:18,"Athamaki othe a ndũrĩrĩ makuĩte magakomio, o mũndũ mbĩrĩra-inĩ yake.","All the kings of the nations sleep in glory, everyone in his own house."
Isaiah 14:19,"No wee-rĩ, nĩgũteo ũtetwo kuuma mbĩrĩra-inĩ yaku, o ta rũhonge rũrĩ magigi; ũkahumbĩrwo nĩ ciimba cia arĩa moragĩtwo, arĩa matheecangĩtwo na hiũ cia njora, o acio maikĩtio irima rĩrĩ mahiga. Ũikarĩte ta kĩimba kĩrangĩrĩrie thĩ na magũrũ,","But you are cast away from your tomb like an abominable branch, clothed with the slain who are thrust through with the sword, who go down to the stones of the pit; like a dead body trodden under foot."
Isaiah 14:20,"no wee-rĩ, ndũgaathikwo tao, tondũ nĩwaanangire bũrũri waku, na ũkĩũraga andũ aku. Rũciaro rwa andũ arĩa aaganu rũtikaagwetwo rĩngĩ.","You will not join them in burial, because you have destroyed your land. You have killed your people. The offspring of evildoers will not be named forever."
Isaiah 14:21,"Haarĩriai handũ ha kũũragĩra ciana ciake, nĩ ũndũ wa mehia ma maithe mao ma tene; nĩguo itikanarahũke ciĩgaĩre bũrũri, na ciĩyakĩre matũũra maiyũre thĩ.","Prepare for slaughter of his children because of the iniquity of their fathers, that they not rise up and possess the earth, and fill the surface of the world with cities."
Isaiah 14:22,"Jehova Mwene-Hinya-Wothe ekuuga atĩrĩ, “Niĩ nĩngarahũka ndĩciũkĩrĩre, nĩngeheria rĩĩtwa rĩacio kũu Babuloni, o na rĩa matigari ma cio, o na njeherie ciana ciao na rũciaro rwao,” nĩguo Jehova ekuuga.","“I will rise up against them,” says Yahweh of Armies, “and cut off from Babylon name and remnant, and son and son’s son,” says Yahweh."
Isaiah 14:23,"“Nĩngatua kũndũ kũu gĩikaro kĩa ndundu, na ndĩgũtue bũrũri wa maria ma maaĩ; ngaakũhaata na kĩhato kĩa mwanangĩko,” ũguo nĩguo Jehova Mwene-Hinya-Wothe ekuuga.","“I will also make it a possession for the porcupine, and pools of water. I will sweep it with the broom of destruction,” says Yahweh of Armies."
Isaiah 14:24,"Jehova Mwene-Hinya-Wothe nĩehĩtĩte, akoiga atĩrĩ, “Ti-itherũ, o ũrĩa thugundĩte, ũguo noguo gũgaatuĩka, na ũrĩa nduĩte, ũguo noguo gũgaikara.","Yahweh of Armies has sworn, saying, “Surely, as I have thought, so shall it happen; and as I have purposed, so shall it stand:"
Isaiah 14:25,"Nĩngahehenja Mũashuri ũcio ũrĩ bũrũri-inĩ wakwa; ngaamũrangĩrĩria thĩ irĩma-inĩ ciakwa. Nĩngehereria andũ akwa icooki rĩake, na mũrigo wake ũmoime ciande-inĩ ciao.”","that I will break the Assyrian in my land, and tread him under foot on my mountains. Then his yoke will leave them, and his burden leave their shoulders."
Isaiah 14:26,Ũũ nĩguo thugundĩte gwĩka thĩ yothe; nakuo guoko kũrĩa gũtambũrũkĩirio ndũrĩrĩ ciothe nĩkuo gũkũ.,This is the plan that is determined for the whole earth. This is the hand that is stretched out over all the nations.
Isaiah 14:27,"Nĩgũkorwo Jehova Mwene-Hinya-Wothe nĩguo atuĩte gwĩka, nũũ ũngĩhota kũmũgirĩrĩria? Guoko gwake nĩgũtambũrũkĩtio, nũũ ũngĩhota gũgũthuna?","For Yahweh of Armies has planned, and who can stop it? His hand is stretched out, and who can turn it back?”"
Isaiah 14:28,"Atĩrĩrĩ, mwaka ũrĩa Mũthamaki Ahazu aakuire-rĩ, nĩguo ndũmĩrĩri ĩno yaguũranĩirio:",This burden was in the year that King Ahaz died.
Isaiah 14:29,"Inyuĩ Afilisti inyuothe tigai gũkena, nĩ atĩ rũthanju rũrĩa rwamũhũũraga nĩrunĩkĩte; nĩgũkorwo kuuma mũri-inĩ wa nyoka ĩyo nĩgũkoima nduĩra, namo maciaro mayo magaatuĩka mũthemba wa nyoka ĩrĩ thumu ĩrĩa ĩticũkaga.","Don’t rejoice, O Philistia, all of you, because the rod that struck you is broken; for out of the serpent’s root an adder will emerge, and his fruit will be a fiery flying serpent."
Isaiah 14:30,"Nao andũ arĩa athĩĩni biũ nĩmakona gĩa kũrĩa, na mũbatari akomage atarĩ na ũgwati. No rũciaro rwaku nĩngarũũraga na ngʼaragu; nayo ĩkooraga matigari maku.","The firstborn of the poor will eat, and the needy will lie down in safety; and I will kill your root with famine, and your remnant will be killed."
Isaiah 14:31,"Wee kĩhingo-rĩ, girĩka! Na wee itũũra inene-rĩ, ugĩrĩria! Na inyuĩ Afilisti inyuothe mũniinwo nĩ guoya, mũthire biũ! Itu rĩa ndogo rĩrooka riumĩte mwena wa gathigathini, na gũtigakorwo na mũndũ ũgaatigwo na thuutha mbũtũ-inĩ ciake nĩ ũndũ wa kwaga hinya.","Howl, gate! Cry, city! You are melted away, Philistia, all of you; for smoke comes out of the north, and there is no straggler in his ranks."
Isaiah 14:32,"Nĩ icookio rĩrĩkũ rĩkaaheanwo kũrĩ andũ arĩa matũmĩtwo a rũrĩrĩ rũu? Magaacookerio atĩrĩ, “Jehova nĩahaandĩte Zayuni, na thĩinĩ wakuo andũ ake arĩa anyamaarĩku nĩmakona rĩũrĩro.”","What will they answer the messengers of the nation? That Yahweh has founded Zion, and in her the afflicted of his people will take refuge."
Isaiah 15:1,"Atĩrĩrĩ, ĩno nĩyo ndũmĩrĩri nditũ ĩkoniĩ Moabi: Itũũra rĩa Ari kũu Moabi nĩrĩanange, rĩkaanangwo ũtukũ o ro ũmwe! Itũũra rĩa Kiri kũu Moabi nĩrĩanange, o narĩo rĩanangĩtwo ũtukũ o ro ũmwe!*","The burden of Moab. For in a night, Ar of Moab is laid waste, and brought to nothing. For in a night Kir of Moab is laid waste, and brought to nothing."
Isaiah 15:2,"Andũ a Diboni nĩmambatĩte magathiĩ hekarũ-inĩ yao, mambatĩte kũrĩa gũtũũgĩru makarĩrĩre kuo; andũ a Moabi maraagirĩka nĩ ũndũ wa Nebo na Medeba. Mĩtwe yao yothe nĩyenjetwo, na nderu ciao ciothe ikenjwo.","They have gone up to Bayith, and to Dibon, to the high places, to weep. Moab wails over Nebo and over Medeba. Baldness is on all of their heads. Every beard is cut off."
Isaiah 15:3,"Marĩ njĩra-inĩ marathiĩ mehumbĩte nguo cia makũnia; othe no kũgirĩka maragirĩka marĩ nyũmba igũrũ na ihaaro-inĩ, makagũa thĩ, magakoma na nda makĩrĩraga.","In their streets, they clothe themselves in sackcloth. In their streets and on their housetops, everyone wails, weeping abundantly."
Isaiah 15:4,"Heshiboni na Eleale nĩkũrĩra maraarĩra maanĩrĩire, mĩgambo yao ĩraiguuo o nginya Jahazu. Nĩ ũndũ ũcio andũ a mbaara a Moabi nĩmararĩra maanĩrĩire, nacio ngoro ciao ikaringĩka.",Heshbon cries out with Elealeh. Their voice is heard even to Jahaz. Therefore the armed men of Moab cry aloud. Their souls tremble within them.
Isaiah 15:5,"Ngoro yakwa nĩĩrarĩrĩra Moabi, andũ arĩa maingatĩtwo kuo morĩire Zoari, magathiĩ nginya Egilathu-Shelishiya. Mambatĩte na njĩra ya gũthiĩ Luhithu, magathiĩ makĩrĩraga; o na ningĩ njĩra-inĩ ya gũthiĩ Horonaimu, maracakaya nĩ ũndũ wa mwanangĩko ũrĩa ũmakorete.","My heart cries out for Moab! Her nobles flee to Zoar, to Eglath Shelishiyah; for they go up by the ascent of Luhith with weeping; for on the way to Horonaim, they raise up a cry of destruction."
Isaiah 15:6,"Maaĩ ma kũu Nimurimu nĩmahũĩte, nayo nyeki nĩĩhoohete; namo mahuti mothe maigũ nĩmomĩte, na gũtirĩ kĩndũ kĩĩruru gĩtigaire.","For the waters of Nimrim will be desolate; for the grass has withered away, the tender grass fails, there is no green thing."
Isaiah 15:7,"Nĩ ũndũ ũcio ũtonga ũrĩa magĩte naguo na makeigĩra, maũkuuĩte makaũringia mũrĩmo wa karũũĩ karĩa karĩ mĩtĩ hũgũrũrũ-inĩ ciako.","Therefore they will carry away the abundance they have gotten, and that which they have stored up, over the brook of the willows."
Isaiah 15:8,"Kayũ ka mũkayo wao nĩkaiguĩtwo mĩhaka-inĩ ya Moabi; nakuo kũgirĩka kwao gũgakinya Egilaimu, o namo macakaya mao magakinya o Biri-Elimu.","For the cry has gone around the borders of Moab, its wailing to Eglaim, and its wailing to Beer Elim."
Isaiah 15:9,"Maaĩ ma Dimoni maiyũrĩtwo nĩ thakame, no nĩngũrehe maũndũ mangĩ mooru makĩria kũu Dimoni, mahaana ta mũrũũthi ũgũtharĩkĩra andũ arĩa morĩte kuuma Moabi, o na ũtharĩkĩre arĩa matigaire kũu bũrũri-inĩ.","For the waters of Dimon are full of blood; for I will bring yet more on Dimon, a lion on those of Moab who escape, and on the remnant of the land."
Isaiah 16:1,"Twarĩrai ũrĩa wathanaga bũrũri tũtũrũme twa kũrĩha igooti, kuuma itũũra rĩa Sela, gũtuĩkanĩria werũ-inĩ, nginya kĩrĩma-inĩ kĩa Mwarĩ wa Zayuni.","Send the lambs for the ruler of the land from Selah to the wilderness, to the mountain of the daughter of Zion."
Isaiah 16:2,"O ta ũrĩa nyoni ciũrũũraga ciatharĩrio gĩtara gĩacio, ũguo no taguo andũ-a-nja a Moabi magaikara marĩ mariũko-inĩ ma Arinoni.*","For it will be that as wandering birds, as a scattered nest, so will the daughters of Moab be at the fords of the Arnon."
Isaiah 16:3,"“Tũhei kĩrĩra, na mũtue itua. Tũmai kĩĩruru kĩanyu gĩtuĩke ta ũtukũ, o kũrĩ mũthenya barigici. Hithai arĩa maingatĩtwo kwao, na mũtigakunyanĩre arĩa moorĩire kwanyu.",Give counsel! Execute justice! Make your shade like the night in the middle of the noonday! Hide the outcasts! Don’t betray the fugitive!
Isaiah 16:4,"Rekei andũ a Moabi arĩa mehithĩte kwanyu maikare na inyuĩ; tuĩkai kĩĩgitio kĩao kuuma kũrĩ mwanangani.” Mũhinyanĩrĩria nĩagakinya mũthia, naguo mwanangĩko ũthire; nake mũũgiti nĩakabuĩria kuuma bũrũri-inĩ.","Let my outcasts dwell with you! As for Moab, be a hiding place for him from the face of the destroyer. For the extortionist is brought to nothing. Destruction ceases. The oppressors are consumed out of the land."
Isaiah 16:5,"Gĩtĩ kĩa ũnene gĩkaahaandwo na wendo; na mũndũ mwĩhokeku nĩwe ũgaagĩikarĩra, o mũndũ wa kuuma nyũmba ya Daudi, mũndũ ũrĩa ũgaatuanagĩra ciira arũmĩrĩire o kĩhooto, namo maũndũ ma ũthingu nĩmo akaahiũhaga gwĩka.","A throne will be established in loving kindness. One will sit on it in truth, in the tent of David, judging, seeking justice, and swift to do righteousness."
Isaiah 16:6,"Nĩtũiguĩte ũhoro wa mwĩtĩĩo wa Moabi: tũkaigua ũhoro wa mwĩtĩĩo wake mũkĩru na mwĩĩkĩrĩro wake, tũkaigua ũhoro wa mwĩtĩĩo wake na rũngʼathio rwake; no rĩrĩ, mwĩgaatho ũcio wake no wa tũhũ.","We have heard of the pride of Moab, that he is very proud; even of his arrogance, his pride, and his wrath. His boastings are nothing."
Isaiah 16:7,"Nĩ ũndũ ũcio andũ a Moabi nĩkũgirĩka maragirĩka, maragirĩka hamwe nĩ ũndũ wa Moabi. Cakayai na mũnyiitwo nĩ kĩeha nĩ ũndũ wa andũ a Kiri-Haresethi.","Therefore Moab will wail for Moab. Everyone will wail. You will mourn for the raisin cakes of Kir Hareseth, utterly stricken."
Isaiah 16:8,"Mĩgũnda ya Heshiboni nĩĩrahooha, o na mĩthabibũ ya Sibima o nayo nĩĩrahooha. Aathani a ndũrĩrĩ nĩmarangĩrĩirie mĩthabibũ ĩrĩa mĩega mũno, ĩrĩa hĩndĩ ĩmwe yakinyĩte Jazeri, na ĩgatheerema yerekeire werũ-inĩ. Thuuna ciayo ciatambĩte igakinya o iria-inĩ.","For the fields of Heshbon languish with the vine of Sibmah. The lords of the nations have broken down its choice branches, which reached even to Jazer, which wandered into the wilderness. Its shoots were spread abroad. They passed over the sea."
Isaiah 16:9,"Nĩ ũndũ ũcio nĩndĩrarĩra, ngarĩra o ta Jazeri, ngĩrĩrĩra mĩthabibũ ya Sibima. Wee Heshiboni, o nawe Eleale, ngũmũihũgia na maithori! Tondũ mbugĩrĩrio cia gĩkeno kĩanyu nĩ ũndũ wa matunda manyu marĩa meruĩte, na nĩ ũndũ wa magetha manyu ma ngano nĩithirĩte.","Therefore I will weep with the weeping of Jazer for the vine of Sibmah. I will water you with my tears, Heshbon, and Elealeh: for on your summer fruits and on your harvest the battle shout has fallen."
Isaiah 16:10,"Gũtirĩ gĩkeno kana ndũhiũ mĩgũnda-inĩ ya matunda; gũtirĩ mũndũ ũraina kana akoigĩrĩria mĩgũnda-inĩ ya mĩthabibũ, gũtirĩ mũndũ ũrahiha ndibei kĩhihĩro-inĩ, nĩgũkorwo nĩndũmĩte ngemi cia magetha ciage kũiguuo.","Gladness is taken away, and joy out of the fruitful field; and in the vineyards there will be no singing, neither joyful noise. Nobody will tread out wine in the presses. I have made the shouting stop."
Isaiah 16:11,"Ngoro yakwa nĩĩracakaĩra Moabi o ta kĩnanda kĩa mũgeeto, nayo ngoro yakwa ĩgacaĩra Kiri-Heresethu.","Therefore my heart sounds like a harp for Moab, and my inward parts for Kir Heres."
Isaiah 16:12,"Rĩrĩa andũ a Moabi maathiĩ kũndũ kũrĩa gũtũũgĩru makahooe, no kwĩnogia menogagia; hĩndĩ ĩrĩa maathiĩ ihooero-inĩ rĩao kũhooya, no wĩra wa tũhũ marutaga.","It will happen that when Moab presents himself, when he wearies himself on the high place, and comes to his sanctuary to pray, that he will not prevail."
Isaiah 16:13,Ũyũ nĩguo ũhoro ũrĩa Jehova aarĩtie ũkoniĩ Moabi.,This is the word that Yahweh spoke concerning Moab in time past.
Isaiah 16:14,"No rĩrĩ, rĩu Jehova ekuuga atĩrĩ: “Mĩaka ĩtatũ ĩtanathira, ĩtarĩtwo ta ũrĩa mĩaka ya mũndũ wandĩkĩtwo wĩra ĩrĩkanagĩrwo-rĩ, riiri wa Moabi hamwe na andũ ake othe nĩũkanyararwo, namo matigari make makorwo marĩ manini mũno na makahinyara.”","But now Yahweh has spoken, saying, “Within three years, as a worker bound by contract would count them, the glory of Moab shall be brought into contempt, with all his great multitude; and the remnant will be very small and feeble.”"
Isaiah 17:1,"Ĩno nĩyo ndũmĩrĩri nditũ ĩkoniĩ Dameski: “Atĩrĩrĩ, itũũra rĩa Dameski rĩtigũcooka gũtuĩka itũũra inene rĩngĩ, no rĩrĩ, rĩgaatuĩka hĩba ya mwanangĩko.","The burden of Damascus. “Behold, Damascus is taken away from being a city, and it will be a ruinous heap."
Isaiah 17:2,"Matũũra marĩa manene ma Aroeri nĩmagatiganĩrio, matigĩrwo ndũũru cia mbũri iria igaakomaga kũu, gũtarĩ mũndũ wa gũcimakia.","The cities of Aroer are forsaken. They will be for flocks, which shall lie down, and no one shall make them afraid."
Isaiah 17:3,"Kĩĩgitĩro kĩrĩa kĩrũmu kĩa Efiraimu nĩgĩkeherio, o na hinya wa ũthamaki weherio Dameski; namo matigari ma Suriata makaahaana o ta riiri wa andũ a Isiraeli,” ũguo nĩguo Jehova Mwene-Hinya-Wothe ekuuga.","The fortress shall cease from Ephraim, and the kingdom from Damascus, and the remnant of Syria. They will be as the glory of the children of Israel,” says Yahweh of Armies."
Isaiah 17:4,“Ihinda rĩu riiri wa Jakubu nĩ ũgaatheũka; naguo mwĩrĩ ũcio wake mũnoru ũhĩnje.,"“It will happen in that day that the glory of Jacob will be made thin, and the fatness of his flesh will become lean."
Isaiah 17:5,"Gũkaahaana o ta rĩrĩa mũgethi acookanagĩrĩria ngano ĩrĩa ĩtarĩ ngethe, akagetha ngano na guoko gwake: gũkahaana ta mũndũ ũkũhaara itira cia ngano Gĩtuamba-inĩ kĩa Refaimu.","It will be like when the harvester gathers the wheat, and his arm reaps the grain. Yes, it will be like when one gleans grain in the valley of Rephaim."
Isaiah 17:6,"No rĩrĩ, nĩgũgatigwo ngano ĩngĩhaarwo, o ta ũrĩa maciaro ma mũtamaiyũ matangĩitĩka mothe mũtĩ ũcio ũngĩinainio, no ndamaiyũ igĩrĩ kana ithatũ nĩitigaraga honge-inĩ iria irĩ igũrũ gacũmbĩrĩ, o na inya kana ithano igatigara honge-inĩ iria irĩ na maciaro maingĩ,” ũguo nĩguo Jehova Ngai wa Isiraeli ekuuga.","Yet gleanings will be left there, like the shaking of an olive tree, two or three olives in the top of the uppermost bough, four or five in the outermost branches of a fruitful tree,” says Yahweh, the God of Israel."
Isaiah 17:7,"Mũthenya ũcio, andũ magaacũthĩrĩria Ũrĩa Mũũmbi wao, namo maitho mao marore Ũrĩa Mũtheru wa Isiraeli.","In that day, people will look to their Maker, and their eyes will have respect for the Holy One of Israel."
Isaiah 17:8,"Matigacũthĩrĩria igongona iria mathondekete na moko mao, na matikarũmbũiya itugĩ cia Ashera, na magongona marĩa methondekeire ma gũcinĩra ũbumba.","They will not look to the altars, the work of their hands; neither shall they respect that which their fingers have made, either the Asherah poles or the incense altars."
Isaiah 17:9,"Mũthenya ũcio matũũra mao manene marĩa marĩ hinya, marĩa maatiganĩirio makĩũrĩra andũ a Isiraeli, makahaana ta kũndũ gũtiganĩrie gũgatuĩka gĩthaka, na gũgakũra mahuti. Namo matũũra macio magaakira ihooru.","In that day, their strong cities will be like the forsaken places in the woods and on the mountain top, which were forsaken from before the children of Israel; and it will be a desolation."
Isaiah 17:10,"Nĩmũriganĩirwo nĩ Ngai, Mũhonokia wanyu; nĩmwagĩte kũririkana Rwaro rũu rwa Ihiga, o rũu kĩĩgitĩro kĩanyu. Nĩ ũndũ ũcio o na mũngĩkahaanda mĩmera ĩrĩa mĩega mũno, na mũhaande mĩthabibũ ya kuuma kũndũ kũngĩ,","For you have forgotten the God of your salvation, and have not remembered the rock of your strength. Therefore you plant pleasant plants, and set out foreign seedlings."
Isaiah 17:11,"o na mũngĩgaatũma ĩkũre mũthenya o ro ũcio mũkaamĩhaanda, o na rũciinĩ rũrũ rũngĩ mũtũme ĩrute kĩro-rĩ, gũtirĩ magetha mũkoona mũthenya ũcio wa mũrimũ na ruo rũtangĩthira.","In the day of your planting, you hedge it in. In the morning, you make your seed blossom, but the harvest flees away in the day of grief and of desperate sorrow."
Isaiah 17:12,"Ĩiya-ĩ, mũrurumo wa ndũrĩrĩ nyingĩ, iraruruma ta iria rĩkĩhuhũkania! Ĩiya-ĩ, inegene rĩa kĩrĩndĩ kĩranegena, o ta mũrurumo wa maaĩ maingĩ.","Ah, the uproar of many peoples who roar like the roaring of the seas; and the rushing of nations that rush like the rushing of mighty waters!"
Isaiah 17:13,"O na gũtuĩka ndũrĩrĩ iranegena na mũrurumo ta wa ndiihũ cia maaĩ maingĩ-rĩ, hĩndĩ ĩrĩa we mwene aacikũũma, ciũraga igathiĩ kũndũ kũraya mũno, ihurutĩtwo nĩ rũhuho ta ũrĩa mũũngũ ũrĩ irĩma-inĩ ũmbũragwo, kana ta riya rĩgĩthiũrũrũkio nĩ rũhuho rũnene.","The nations will rush like the rushing of many waters, but he will rebuke them, and they will flee far off, and will be chased like the chaff of the mountains before the wind, and like the whirling dust before the storm."
Isaiah 17:14,"Hwaĩ-inĩ, o rĩmwe gũkagĩa kĩmako kĩnene! Gũtanakĩa-rĩ, andũ matirĩ ho! Rĩu nĩrĩo igai rĩa andũ arĩa matũtunyaga indo ciitũ, ũcio nĩguo mũtĩ ũrĩa ũgwĩrĩire andũ arĩa matũtahaga indo ciitũ.","At evening, behold, terror! Before the morning, they are no more. This is the portion of those who plunder us, and the lot of those who rob us."
Isaiah 18:1,"Kaĩ bũrũri ũrĩa ũrĩ ibatabata rĩa mathagu, o ũcio ũrĩ mũrĩmo ũrĩa ũngĩ wa njũũĩ cia Kushi,* ũrĩ na haaro-ĩ!","Ah, the land of the rustling of wings, which is beyond the rivers of Ethiopia;"
Isaiah 18:2,"ũrĩa ũtũmaga arekio makagerera njĩra ya iria, mahaicĩte tũtarũ twakĩtwo na marura, tũrĩa tũgeragĩra maaĩ igũrũ. Atĩrĩrĩ, inyuĩ andũ aya mũtũmĩtwo na mũrĩ mĩtũkĩ, thiĩi kũrĩ andũ araihu na anyoroku mĩĩrĩ, o acio metigĩrĩtwo nĩ andũ a kũndũ gũkuhĩ na a kũraya, rũrĩrĩ rũũgiti rwaragia rũthiomi rũgeni, na bũrũri wao ũgayanĩtio nĩ njũũĩ.","that sends ambassadors by the sea, even in vessels of papyrus on the waters, saying, “Go, you swift messengers, to a nation tall and smooth, to a people awesome from their beginning onward, a nation that measures out and treads down, whose land the rivers divide!”"
Isaiah 18:3,"Inyuĩ andũ arĩa mũtũũraga mabũrũri mothe ma thĩ, o inyuĩ mũtũũraga gũkũ thĩ-rĩ, rĩrĩa bendera ĩkaahaandwo irĩma-igũrũ, nĩmũkamĩona, na rĩrĩa karumbeta gakaahuhwo, nĩmũgakaigua.","All you inhabitants of the world, and you dwellers on the earth, when a banner is lifted up on the mountains, look! When the trumpet is blown, listen!"
Isaiah 18:4,"Jehova anjĩĩrĩte ũũ: “Ngũikara ngirĩte ki ndĩĩrorere maũndũ ndĩ o gĩikaro-inĩ gĩakwa, haana ta ũrugarĩ wa riũa ũkũhenahenia, o na ta itu rĩa ime hĩndĩ ya ũrugarĩ wa magetha.”","For Yahweh said to me, “I will be still, and I will see in my dwelling place, like clear heat in sunshine, like a cloud of dew in the heat of harvest.”"
Isaiah 18:5,"Nĩgũkorwo mbere ya magetha, hĩndĩ ĩrĩa kĩro gĩaitĩka na mahũa magatuĩka thabibũ irerua, nĩguo agaaceeha thuuna na tũhiũ twa gũceeha, na ateme honge iria ciaramĩte mũno acieherie.","For before the harvest, when the blossom is over, and the flower becomes a ripening grape, he will cut off the sprigs with pruning hooks, and he will cut down and take away the spreading branches."
Isaiah 18:6,"Nacio ciothe igaatigĩrwo nyoni cia irĩma-inĩ iria irĩĩaga nyama, na nyamũ cia gĩthaka; nyoni icio igaacirĩa hĩndĩ ya riũa, nacio nyamũ cia gĩthaka icirĩe hĩndĩ ya heho yothe.","They will be left together for the ravenous birds of the mountains, and for the animals of the earth. The ravenous birds will eat them in the summer, and all the animals of the earth will eat them in the winter."
Isaiah 18:7,"Hĩndĩ ĩyo nĩguo Jehova Mwene-Hinya-Wothe akaareherwo iheo kuuma kũrĩ andũ araihu na anyoroku mĩĩrĩ, na kuuma kũrĩ andũ metigĩrĩtwo nĩ andũ a kũndũ gũkuhĩ na a kũraya, rũrĩrĩ rũũgiti rwaragia rũthiomi rũgeni, arĩa bũrũri wao ũgayanĩtio nĩ njũũĩ: iheo icio ikaarehwo Kĩrĩma-inĩ gĩa Zayuni, harĩa haamũrĩirwo Rĩĩtwa rĩa Jehova Mwene-Hinya-Wothe.","In that time, a present will be brought to Yahweh of Armies from a people tall and smooth, even from a people awesome from their beginning onward, a nation that measures out and treads down, whose land the rivers divide, to the place of the name of Yahweh of Armies, Mount Zion."
Isaiah 19:1,"Ĩno nĩ ndũmĩrĩri nditũ ĩkoniĩ bũrũri wa Misiri: Atĩrĩrĩ, Jehova ahaicĩte itu rĩhanyũkĩte mũno athiĩte bũrũri wa Misiri. Mĩhianano ya bũrũri wa Misiri irainaina mbere yake, nacio ngoro cia andũ a bũrũri wa Misiri ikaringĩka thĩinĩ wao.","The burden of Egypt. “Behold, Yahweh rides on a swift cloud, and comes to Egypt. The idols of Egypt will tremble at his presence; and the heart of Egypt will melt within it."
Isaiah 19:2,"“Nĩngarahũra Mũmisiri ookĩrĩre Mũmisiri ũrĩa ũngĩ: mũndũ nĩakarũa na mũrũ wa ithe, nake mũndũ wa itũũra ookĩrĩre mũndũ wa itũũra rĩake, narĩo itũũra inene rĩũkĩrĩre itũũra rĩrĩa rĩngĩ, naguo ũthamaki ũũkĩrĩre ũthamaki ũrĩa ũngĩ.","I will stir up the Egyptians against the Egyptians, and they will fight everyone against his brother, and everyone against his neighbor; city against city, and kingdom against kingdom."
Isaiah 19:3,"Andũ a bũrũri wa Misiri nĩmagakua ngoro, nayo mĩbango yao ndĩmĩtue ya tũhũ; makaahooya kĩrĩra kũrĩ ngai cia mĩhianano na kũrĩ maroho ma andũ arĩa makuĩte, o na kũrĩ ago na aragũri.","The spirit of the Egyptians will fail within them. I will destroy their counsel. They will seek the idols, the charmers, those who have familiar spirits, and the wizards."
Isaiah 19:4,"Nĩnganeana andũ a bũrũri wa Misiri wathani-inĩ wa mwathi ũtarĩ tha,* na mũthamaki mũũru amathamakĩre,” ũguo nĩguo Mwathani Jehova Mwene-Hinya-Wothe ekuuga.","I will give over the Egyptians into the hand of a cruel lord. A fierce king will rule over them,” says the Lord, Yahweh of Armies."
Isaiah 19:5,"Maaĩ ma Rũũĩ rwa Nili nĩmakaahũa, na mũkaro waruo ũngʼare na ũũme.","The waters will fail from the sea, and the river will be wasted and become dry."
Isaiah 19:6,"Mĩtaro ya maaĩ nĩĩkanunga; tũrũũĩ twa Misiri nĩtũkaahũa tũũme biũ. Namo marura na mathanjĩ nĩmakahooha,",The rivers will become foul. The streams of Egypt will be diminished and dried up. The reeds and flags will wither away.
Isaiah 19:7,"o nayo mĩmera ĩrĩa ĩrĩ hũgũrũrũ-inĩ cia Rũũĩ rwa Nili, gĩtwe-inĩ kĩa rũũĩ rũu, nĩĩkahooha. Indo iria ciothe ĩhaandĩtwo mĩgũnda ĩrĩa ĩrĩ gũkuhĩ na Rũũĩ rwa Nili nĩikooma biũ, na ciũmbũrwo, na itigacooka kuoneka kuo rĩngĩ.","The meadows by the Nile, by the brink of the Nile, and all the sown fields of the Nile, will become dry, be driven away, and be no more."
Isaiah 19:8,"Ategi a thamaki nĩmagacaaya na marĩre, arĩa othe maikagia ndwano ciao Rũũĩ-inĩ rwa Nili; nao arĩa othe maikagia mĩtego yao maaĩ-inĩ macio nĩmakoorwo nĩ hinya.","The fishermen will lament, and all those who fish in the Nile will mourn, and those who spread nets on the waters will languish."
Isaiah 19:9,"Andũ arĩa marutaga wĩra na ndigi cia ũguta ũrĩa mwega nĩmagakua ngoro, na arĩa matumaga mataama marĩa mahoro nĩmakaaga mwĩhoko.","Moreover those who work in combed flax, and those who weave white cloth, will be confounded."
Isaiah 19:10,"Atumi a nguo nĩmagakorwo na kĩeha, na arĩa othe maheagwo mĩcaara nĩmakaigua ũũru ngoro.",The pillars will be broken in pieces. All those who work for hire will be grieved in soul.
Isaiah 19:11,"Anene a Zoani nĩmakĩĩgĩte o gũkĩĩga; nao andũ arĩa oogĩ a Firaũni maheanaga kĩrĩra kĩa ũrimũ. Mwakĩhota atĩa kwĩra Firaũni, “Niĩ ndĩ ũmwe wa andũ arĩa oogĩ, ndĩ mũrutwo wa athamaki arĩa a tene?”","The princes of Zoan are utterly foolish. The counsel of the wisest counselors of Pharaoh has become stupid. How do you say to Pharaoh, “I am the son of the wise, the son of ancient kings”?"
Isaiah 19:12,Andũ aku arĩa oogĩ makĩrĩ ha rĩu? Ta nĩmagĩkuonie na makũmenyithie ũrĩa Jehova Mwene-Hinya-Wothe aciirĩire gwĩka bũrũri wa Misiri.,Where then are your wise men? Let them tell you now; and let them know what Yahweh of Armies has purposed concerning Egypt.
Isaiah 19:13,"Anene a Zoani makĩĩgĩte o gũkĩĩga, nao atongoria a Nofu† makaheeneka; namo mahiga ma koine ma andũ ake nĩmahĩtithĩtie andũ a Misiri.","The princes of Zoan have become fools. The princes of Memphis are deceived. They have caused Egypt to go astray, those who are the cornerstone of her tribes."
Isaiah 19:14,"Jehova nĩwe ũmaitĩrĩirie roho wa kĩrigiicano; matũmaga andũ a Misiri matũgũũge mawĩra-inĩ mothe marĩa marutaga, o ta ũrĩa mũrĩĩu atũgũũgaga matahĩko-inĩ make.","Yahweh has mixed a spirit of perverseness in the middle of her; and they have caused Egypt to go astray in all of its works, like a drunken man staggers in his vomit."
Isaiah 19:15,"Gũtirĩ wĩra ũngĩrutwo bũrũri-inĩ wa Misiri: gũtirĩ wĩra ũngĩrutwo nĩ mũtwe kana mũtingʼoe, kana rũhonge rwa mũnathi, kana ithanjĩ.","Neither shall there be any work for Egypt, which head or tail, palm branch or rush, may do."
Isaiah 19:16,"Mũthenya ũcio-rĩ, andũ a Misiri makahaana o ta andũ-a-nja. Makainaina nĩ guoya mona guoko kwa Jehova Mwene-Hinya-Wothe kwambararĩtio kũmookĩrĩre.","In that day the Egyptians will be like women. They will tremble and fear because of the shaking of Yahweh of Armies’s hand, which he shakes over them."
Isaiah 19:17,"Naguo bũrũri wa Juda ũkaguoyohia andũ a Misiri; na mũndũ o wothe ũkaagweterwo ũhoro wa Juda nĩagetigĩra, nĩ ũndũ wa maũndũ marĩa Jehova Mwene-Hinya-Wothe aciirĩire gwĩka amokĩrĩre.","The land of Judah will become a terror to Egypt. Everyone to whom mention is made of it will be afraid, because of the plans of Yahweh of Armies, which he determines against it."
Isaiah 19:18,"Mũthenya ũcio matũũra matano ma bũrũri wa Misiri makaaragia rũthiomi rwa Kaanani, makĩĩhĩtaga atĩ marĩtungatagĩra Jehova Mwene-Hinya-Wothe. Na itũũra rĩmwe rĩamo rĩgeetagwo Itũũra Inene rĩa Mwanangĩko.","In that day, there will be five cities in the land of Egypt that speak the language of Canaan, and swear to Yahweh of Armies. One will be called “The city of destruction.”"
Isaiah 19:19,"Mũthenya ũcio-rĩ, nĩgũkagĩa na kĩgongona kĩa Jehova o kũu gatagatĩ ka bũrũri wa Misiri, na kũhaandwo ihiga rĩa kĩririkano kĩa Jehova mĩhaka-inĩ yakuo.","In that day, there will be an altar to Yahweh in the middle of the land of Egypt, and a pillar to Yahweh at its border."
Isaiah 19:20,"Ihiga rĩu rĩgaatuĩka kĩmenyithia na mũira wa maũndũ marĩa Jehova Mwene-Hinya-Wothe ekĩte thĩinĩ wa bũrũri ũcio wa Misiri. Rĩrĩa ma- gaakaĩra Jehova amateithie nĩ ũndũ wa andũ arĩa mamahinyagĩrĩria-rĩ, nĩakamatũmĩra mũhonokia na mũmagitĩri, nake nĩakamahonokia.","It will be for a sign and for a witness to Yahweh of Armies in the land of Egypt; for they will cry to Yahweh because of oppressors, and he will send them a savior and a defender, and he will deliver them."
Isaiah 19:21,"Nĩ ũndũ ũcio Jehova nĩakemenyithania kũrĩ andũ a Misiri, na mũthenya ũcio nĩmagakũũrana Jehova. Makaamũhooyaga makĩmũrutagĩra magongona na maruta ma mũtu: na ningĩ makehĩtaga mĩĩhĩtwa marĩ mbere ya Jehova na mamĩhingagie.","Yahweh will be known to Egypt, and the Egyptians will know Yahweh in that day. Yes, they will worship with sacrifice and offering, and will vow a vow to Yahweh, and will perform it."
Isaiah 19:22,"Jehova nĩakahũũra bũrũri wa Misiri na mũthiro, amahũũre acooke amahonie. Nao nĩmagacookerera Jehova, nake nĩagathikĩrĩria gũthaithana kwao na amahonie.","Yahweh will strike Egypt, striking and healing. They will return to Yahweh, and he will be entreated by them, and will heal them."
Isaiah 19:23,"Mũthenya ũcio nĩgũkagĩa njĩra njariĩ yumĩte bũrũri wa Misiri ĩgakinya Ashuri. Andũ a Ashuri nĩmagathiiaga Misiri, na o andũ a Misiri mathiiage Ashuri. Andũ a Misiri na andũ a Ashuri nĩmakahooyaga hamwe.","In that day there will be a highway out of Egypt to Assyria, and the Assyrian shall come into Egypt, and the Egyptian into Assyria; and the Egyptians will worship with the Assyrians."
Isaiah 19:24,"Mũthenya ũcio bũrũri wa Isiraeli ũgaatuĩka wa gatatũ, hamwe na Misiri na Ashuri, nao nĩmagatũma thĩ yothe ĩrathimwo.","In that day, Israel will be the third with Egypt and with Assyria, a blessing within the earth;"
Isaiah 19:25,"Jehova Mwene-Hinya-Wothe nĩakamarathima akiugaga atĩrĩ, “Kũrathimwo-rĩ, nĩ andũ akwa a Misiri, o na Aashuri arĩa ndeyũmbĩire, na Isiraeli igai rĩakwa.”","because Yahweh of Armies has blessed them, saying, “Blessed be Egypt my people, Assyria the work of my hands, and Israel my inheritance.”"
Isaiah 20:1,"Atĩrĩrĩ, mwaka ũcio mũnene wa anene a ita rĩa Ashuri aakinyire Ashidodi atũmĩtwo nĩ Sarigoni mũthamaki wa Ashuri, aakinya kuo, na aarĩtharĩkĩra na aarĩtunyana-rĩ,","In the year that Tartan came to Ashdod, when Sargon the king of Assyria sent him, and he fought against Ashdod and took it;"
Isaiah 20:2,"hĩndĩ ĩyo nĩguo Jehova aaririe na kanua ka Isaia mũrũ wa Amozu. Akĩmwĩra atĩrĩ, “Ruta nguo ĩyo ya ikũnia wĩhumbĩte, na ũrute iraatũ ciaku magũrũ.” Nake agĩĩka o ro ũguo, agĩthiĩ njaga na arĩ magũrũ matheri.","at that time Yahweh spoke by Isaiah the son of Amoz, saying, “Go, and loosen the sackcloth from off your waist, and take your sandals from off your feet.” He did so, walking naked and barefoot."
Isaiah 20:3,"Ningĩ Jehova akiuga atĩrĩ, “O ta ũguo ndungata yakwa Isaia athiĩte njaga na arĩ magũrũ matheri mĩaka ĩtatũ, arĩ rũũri na kĩmenyithia kĩa maũndũ mooru marĩa magaakora bũrũri wa Misiri na wa Kushi-rĩ,","Yahweh said, “As my servant Isaiah has walked naked and barefoot three years for a sign and a wonder concerning Egypt and concerning Ethiopia,"
Isaiah 20:4,"ũguo noguo mũthamaki wa Ashuri agaataha andũ a bũrũri wa Misiri na a bũrũri wa Kushi, amoimagarie marĩ njaga na marĩ magũrũ matheri, arĩa ethĩ na arĩa akũrũ, thũnũ ciao irĩ njaga; ũguo nĩguo Misiri gũgaaconorithio.","so the king of Assyria will lead away the captives of Egypt and the exiles of Ethiopia, young and old, naked and barefoot, and with buttocks uncovered, to the shame of Egypt."
Isaiah 20:5,Nao andũ arĩa mehokete Kushi na makegooca nĩ ũndũ wa Misiri nĩmakamaka na maconorithio.,"They will be dismayed and confounded, because of Ethiopia their expectation, and of Egypt their glory."
Isaiah 20:6,"Hĩndĩ ĩyo nĩguo andũ arĩa maikaraga hũgũrũrũ-inĩ ici cia iria makoiga atĩrĩ, ‘Onei ũrĩa kũhanĩte kũrĩ arĩa tũtũire twĩhokete, acio tuorĩire kũrĩ o atĩ nĩguo matũteithie na matũhonokie kuuma kũrĩ mũthamaki wa Ashuri! Rĩu tũngĩkĩhonoka atĩa?’ ”","The inhabitants of this coast land will say in that day, ‘Behold, this is our expectation, where we fled for help to be delivered from the king of Assyria. And we, how will we escape?’ ”"
Isaiah 21:1,"Ĩno nĩyo ndũmĩrĩri nditũ ĩkoniĩ Werũ ũrĩa ũrĩ Hũgũrũrũ-inĩ cia Iria: Atĩrĩrĩ, o ta ũrĩa ihuhũkanio iria nene ihurutanaga ituĩkanĩirie bũrũri wa gũthini, ũguo noguo mũtharĩkĩri agooka oimĩte werũ-inĩ, kuuma bũrũri wa kũguoyohania.","The burden of the wilderness of the sea. As whirlwinds in the South sweep through, it comes from the wilderness, from an awesome land."
Isaiah 21:2,"Niĩ nĩnyonetio kĩoneki gĩa kũmakania mũno: Mũkunyanĩri no arakunyanĩra, nake mũtahani no aratahana. Wee Elamu tharĩkĩra! Nawe Media, thiũrũrũkĩria! Gũcaaya kũrĩa anagũcaaithia nĩngagũkinyia mũthia.","A grievous vision is declared to me. The treacherous man deals treacherously, and the destroyer destroys. Go up, Elam; attack! I have stopped all of Media’s sighing."
Isaiah 21:3,"Nĩ ũndũ wa ũguo mwĩrĩ wakwa nĩũiyũrĩtwo nĩ ruo, ruo rũnene nĩrũũnyiitĩte, o ta ruo rwa mũtumia akĩrũmwo; ngagĩtururio nĩ maũndũ marĩa ndĩraigua, na ngagegeario nĩ maũndũ marĩa ndĩrona.","Therefore my thighs are filled with anguish. Pains have seized me, like the pains of a woman in labor. I am in so much pain that I can’t hear. I am so dismayed that I can’t see."
Isaiah 21:4,"Ngoro yakwa nĩĩratumatuuma, na ngainaina nĩ guoya; hwaĩ-inĩ ũrĩa ndĩriragĩria ũtuĩkĩte ũndũ wa kũũmakia mũno.",My heart flutters. Horror has frightened me. The twilight that I desired has been turned into trembling for me.
Isaiah 21:5,"Nao nĩmaarĩte metha, na makaara mĩgeka, nĩguo marĩe na manyue! Ũkĩrai inyuĩ anene, mũhake ngo maguta!","They prepare the table. They set the watch. They eat. They drink. Rise up, you princes, oil the shield!"
Isaiah 21:6,"Jehova anjĩĩrĩte atĩrĩ: “Thiĩ, ũige mũrangĩri wa gũcũthĩrĩria na ũmwĩre amenyithanie ũrĩa aroona.","For the Lord said to me, “Go, set a watchman. Let him declare what he sees."
Isaiah 21:7,"Rĩrĩa angĩona ngaari cia ita irĩ na mbarathi ihaanaine, na andũ magĩũka mahaicĩte ndigiri kana ngamĩĩra-rĩ, nĩaikare eiguĩte, akeigua biũ.”","When he sees a troop, horsemen in pairs, a troop of donkeys, a troop of camels, he shall listen diligently with great attentiveness.”"
Isaiah 21:8,"Nake mũrangĩri akĩanĩrĩra, akiuga atĩrĩ, “Mũthenya o mũthenya, mwathi wakwa, ndũgamaga gĩtara-inĩ kĩa mũrangĩri; na ũtukũ o ũtukũ njikaraga handũ hakwa ha kũrangĩra.","He cried like a lion: “Lord, I stand continually on the watchtower in the daytime, and every night I stay at my post."
Isaiah 21:9,"Atĩrĩrĩ, nĩharooka mũndũ akuuĩtwo nĩ ngaari ya ita, ĩrĩ na mbarathi ihaanaine. Nake aracookia ũhoro akoiga atĩrĩ: ‘Babuloni nĩrĩgũu, ĩĩ nĩrĩgwĩte! Mĩhianano yothe ya ngai ciakuo nĩmĩhehenje, ĩkaharagana thĩ!’ ”","Behold, here comes a troop of men, horsemen in pairs.” He answered, “Fallen, fallen is Babylon; and all the engraved images of her gods are broken to the ground."
Isaiah 21:10,"Inyuĩ andũ akwa, o inyuĩ mũthuthĩirwo kĩhuhĩro-inĩ kĩa ngano-rĩ, ngũmwĩra ũrĩa njiguĩte kuuma kũrĩ Jehova Mwene-Hinya-Wothe, kuuma kũrĩ Ngai wa Isiraeli.","You are my threshing, and the grain of my floor!” That which I have heard from Yahweh of Armies, the God of Israel, I have declared to you."
Isaiah 21:11,"Ĩno nĩ ndũmĩrĩri nditũ ĩkoniĩ Duma: Atĩrĩrĩ, nĩ harĩ mũndũ ũraanjĩta kuuma Seiru, akanjũũria atĩrĩ, “Mũrangĩri, ũtukũ ũkinyĩte ha? Mũrangĩri ũyũ, ũtukũ ũkinyĩte ha?”","The burden of Dumah. One calls to me out of Seir, “Watchman, what of the night? Watchman, what of the night?”"
Isaiah 21:12,"Nake mũrangĩri akamũcookeria atĩrĩ, “Gũkiriĩ gũkĩa, no rĩrĩ, nĩgũgũcooka gũtuke. Angĩkorwo kũrĩ ũndũ ũkũũria-rĩ, ũria; ũcooke ũũke hĩndĩ ĩngĩ.”","The watchman said, “The morning comes, and also the night. If you will inquire, inquire. Come back again.”"
Isaiah 21:13,"Ĩno nĩyo ndũmĩrĩri nditũ ĩkoniĩ bũrũri wa Arabia: Inyuĩ ikundi cia agendi a Adedani, o inyuĩ mwambĩte hema ithaka-inĩ cia Arabia-rĩ,","The burden on Arabia. You will lodge in the thickets in Arabia, you caravans of Dedanites."
Isaiah 21:14,"twarĩrai andũ arĩa anyootu maaĩ; na inyuĩ mũtũũraga bũrũri wa Tema, tũngiai andũ acio maroora irio",They brought water to him who was thirsty. The inhabitants of the land of Tema met the fugitives with their bread.
Isaiah 21:15,"Nĩgũkorwo maroorĩra rũhiũ rwa njora, o rũhiũ rwa njora rũrĩa rũcomoretwo, makoorĩra ũta mũgeete, na makoima kũrĩa mbaara ĩĩhĩire.","For they fled away from the swords, from the drawn sword, from the bent bow, and from the heat of battle."
Isaiah 21:16,"Mwathani aranjĩĩra atĩrĩ: “Mwaka ũmwe ũtanathira, ũtarĩtwo ta ũrĩa mĩaka ya mũndũ wa kwandĩkwo wĩra ĩrĩkanagĩrwo-rĩ, riiri wothe wa Kedari nĩũgaathira.","For the Lord said to me, “Within a year, as a worker bound by contract would count it, all the glory of Kedar will fail,"
Isaiah 21:17,"Andũ arĩa magaatigario nĩ thigari iria ciikagia mĩguĩ, o acio njamba cia ita cia Kedari-rĩ, magaakorwo marĩ o anini.” Jehova Ngai wa Isiraeli nĩwe warĩtie ũhoro ũcio.","and the residue of the number of the archers, the mighty men of the children of Kedar, will be few; for Yahweh, the God of Israel, has spoken it.”"
Isaiah 22:1,"Ĩno nĩyo ndũmĩrĩri nditũ ĩkoniĩ Gĩtuamba gĩa Kĩoneki: Atĩrĩrĩ, nĩ kĩĩ kĩragũthĩĩnia rĩu, tondũ andũ aku othe marahaica nyũmba igũrũ,","The burden of the valley of vision. What ails you now, that you have all gone up to the housetops?"
Isaiah 22:2,"wee itũũra rĩiyũrĩte ngũĩ, o wee itũũra inene rĩa mbugĩrĩrio na ũrĩĩu? Andũ aku arĩa makuĩte matiũragĩtwo na rũhiũ rwa njora, kana magakuĩra mbaara-inĩ.","You that are full of shouting, a tumultuous city, a joyous town, your slain are not slain with the sword, neither are they dead in battle."
Isaiah 22:3,"Atongoria aku othe nĩmorĩte marĩ hamwe; maatahirwo o na hatarĩ mũguĩ ũikĩtio. Andũ aku othe arĩa maakorereirwo moohirwo hamwe, o acio mooraga thũ ĩrĩ o kũraya.",All your rulers fled away together. They were bound by the archers. All who were found by you were bound together. They fled far away.
Isaiah 22:4,"Nĩ ũndũ ũcio ngiuga atĩrĩ, “Njeherera; reke ndĩre ngĩgirĩkaga. Ndũkagerie kũũhooreria igũrũ rĩa mwanangĩko ũrĩa ũkorete andũ akwa.”","Therefore I said, “Look away from me. I will weep bitterly. Don’t labor to comfort me for the destruction of the daughter of my people."
Isaiah 22:5,"Mwathani, o we Jehova Mwene-Hinya-Wothe, arĩ na mũthenya ũrĩa agaatũma ũtuĩke wa mbugĩrĩrio, na wa kũranganĩrĩria, o na wa kũguoyohia kũu Gĩtuamba-inĩ gĩa Kĩoneki. Mũthenya ũcio ũgaakorwo ũrĩ wa kũmomora thingo igwe thĩ, na wa gũkaĩra irĩma.","For it is a day of confusion, and of treading down, and of perplexity from the Lord, Yahweh of Armies, in the valley of vision, a breaking down of the walls, and a crying to the mountains.”"
Isaiah 22:6,"Andũ a Elamu nĩmakuuĩte thiaka wa mĩguĩ, marĩ na ngaari cia ita na andũ mahaicĩte mbarathi; o nao andũ a Kiri macuurũragia ngo.","Elam carried his quiver, with chariots of men and horsemen; and Kir uncovered the shield."
Isaiah 22:7,"Ituamba ciaku iria njega mũno ciyũrĩte ngaari cia ita, nao andũ arĩa mathiiaga mahaicĩte mbarathi maigĩtwo ihingo-inĩ cia itũũra inene;","Your choicest valleys were full of chariots, and the horsemen set themselves in array at the gate."
Isaiah 22:8,naguo ũgitĩri wa Juda nĩweheretio. Mũthenya ũcio nĩmwacũthĩrĩirie indo cia mbaara iria ciarĩ Nyũmba-inĩ ya Ũnene ya Mũtitũ;,He took away the covering of Judah; and you looked in that day to the armor in the house of the forest.
Isaiah 22:9,mũkĩona atĩ thingo cia ũgitĩri cia Itũũra Inene rĩa Daudi nĩciatharũkĩte kũndũ kũingĩ; na inyuĩ mũkĩhingĩrĩria maaĩ Karia ka Mũhuro.,"You saw the breaches of David’s city, that they were many; and you gathered together the waters of the lower pool."
Isaiah 22:10,"Nĩmwatarire nyũmba kũu Jerusalemu, na mũgĩtharia nyũmba nĩguo muone mahiga ma gũcookereria rũthingo rũgĩe na hinya makĩria.","You counted the houses of Jerusalem, and you broke down the houses to fortify the wall."
Isaiah 22:11,"Nĩmwakire handũ ha kũhingĩrĩria maaĩ gatagatĩ ga thingo cierĩ, nĩgeetha maaĩ ma Karia ga Tene mathiiage ho, no mũtiigana kũrongooria Ũrĩa wagathondekire, kana mũrũmbũiye Ũrĩa watũmire kagĩe ho kuuma o tene.","You also made a reservoir between the two walls for the water of the old pool. But you didn’t look to him who had done this, neither did you have respect for him who planned it long ago."
Isaiah 22:12,"Mwathani, o we Jehova Mwene-Hinya-Wothe, nĩamwĩtire mũthenya ũcio nĩguo mũrĩre na mũgirĩke, na mwenjwo njuĩrĩ cianyu na mwĩhumbe nguo cia ikũnia.","In that day, the Lord, Yahweh of Armies, called to weeping, to mourning, to baldness, and to dressing in sackcloth;"
Isaiah 22:13,"No rĩrĩ, inyuĩ mũrĩ na gĩkeno na ũrĩĩu, mũrathĩnja ngʼombe na ngʼondu, mũkĩrĩĩaga nyama na mũkĩnyuuaga ndibei! Mũgakiuga atĩrĩ, “Nĩtũrĩe na tũnyue, nĩgũkorwo rũciũ nĩtũgaakua!”","and behold, there is joy and gladness, killing cattle and killing sheep, eating meat and drinking wine: “Let’s eat and drink, for tomorrow we will die.”"
Isaiah 22:14,"Jehova Mwene-Hinya-Wothe nĩanguũrĩirie ũhoro ũyũ ndĩmũthikĩrĩirie, akoiga atĩrĩ, “Rĩĩhia rĩrĩ mũtikahoroherio nginya mũgaakua,” ũguo nĩguo Mwathani, o we Jehova Mwene-Hinya-Wothe, ekuuga.","Yahweh of Armies revealed himself in my ears, “Surely this iniquity will not be forgiven you until you die,” says the Lord, Yahweh of Armies."
Isaiah 22:15,"Na rĩrĩ, Mwathani Jehova Mwene-Hinya-Wothe ekuuga atĩrĩ: “Thiĩ kũrĩ Shebina, ũrĩa mũramati na mũrũgamĩrĩri wa nyũmba ya ũthamaki, ũmwĩre atĩrĩ:","The Lord, Yahweh of Armies says, “Go, get yourself to this treasurer, even to Shebna, who is over the house, and say,"
Isaiah 22:16,"Ũreka atĩa gũkũ na nũũ ũgwĩtĩkĩrĩtie kwĩyenjera mbĩrĩra gũkũ, ũgetemera mbĩrĩra handũ hatũũgĩru, na ũkeyacũhĩria harĩa ũkaahurũkio rwaro-inĩ rwa ihiga?","‘What are you doing here? Who has you here, that you have dug out a tomb here?’ Cutting himself out a tomb on high, chiseling a habitation for himself in the rock!”"
Isaiah 22:17,"“Wĩhũũge, tondũ Jehova akiriĩ gũkũnyiita akũrũmĩtie, acooke akũnyugute, wee mũndũ ũyũ ũrĩ hinya.","Behold, Yahweh will overcome you and hurl you away violently. Yes, he will grasp you firmly."
Isaiah 22:18,"Nĩagagũkũnja akũrũmie o ta mũbira, agũikie bũrũri mwariĩ. Kũu nĩkuo ũgaakuĩra, na nokuo ngaari ciaku cia ita iria irĩ riiri igaikara: wee ũconorithagia nyũmba ya mwathi waku!","He will surely wind you around and around, and throw you like a ball into a large country. There you will die, and there the chariots of your glory will be, you disgrace of your lord’s house."
Isaiah 22:19,Nĩngakũingata wehere wĩra-inĩ waku na ũtunywo wĩra ũcio ũrũgamĩrĩire.,I will thrust you from your office. You will be pulled down from your station.
Isaiah 22:20,"“Mũthenya ũcio nĩngeeta ndungata yakwa, Eliakimu mũrũ wa Hilikia.","It will happen in that day that I will call my servant Eliakim the son of Hilkiah,"
Isaiah 22:21,"Nĩngamũhumba nguo yaku ĩrĩa ndaaya na ndĩmũhotore mũcibi waku, na ndĩmũnengere wathani waku. Nĩagatuĩka ithe wa arĩa matũũraga Jerusalemu o na wa nyũmba ya Juda.","and I will clothe him with your robe, and strengthen him with your belt. I will commit your government into his hand; and he will be a father to the inhabitants of Jerusalem, and to the house of Judah."
Isaiah 22:22,"Kĩhingũro kĩa nyũmba ya Daudi ngaakĩigĩrĩra kĩande-inĩ gĩake; na rĩrĩ, kĩrĩa gĩothe akaahingũra gũtirĩ mũndũ ũkaahota kũhinga, na kĩrĩa gĩothe akaahinga gũtirĩ mũndũ ũkaahota kũhingũra.","I will lay the key of David’s house on his shoulder. He will open, and no one will shut. He will shut, and no one will open."
Isaiah 22:23,Ngaamuoherera handũ harũmu aikare ho ta higĩ hũũrĩrĩre; atuĩke gĩtĩ gĩa gĩtĩĩo thĩinĩ wa nyũmba ya ithe.,I will fasten him like a nail in a sure place. He will be for a throne of glory to his father’s house.
Isaiah 22:24,"Nĩwe ũgaacookererwo nĩ riiri wothe wa nyũmba ya ithe ta ũcuurĩtio harĩ we: ciana ciake na iria ikeyongerera thĩinĩ wa ciana icio, o indo ciothe ciayo iria cionekaga ta itarĩ kĩene, kuuma mbakũri nginya mĩthemba yothe ya ndigithũ.”","They will hang on him all the glory of his father’s house, the offspring and the issue, every small vessel, from the cups even to all the pitchers."
Isaiah 22:25,"Jehova Mwene-Hinya-Wothe ekuuga atĩrĩ, “Mũthenya ũcio higĩ ĩrĩa thecerere handũ harũmu nĩĩkenyenya; nĩĩkamunyũka ĩgwe, na indo iria njuurie harĩ yo nĩikaharagana.” Jehova nĩwe warĩtie ũhoro ũcio.","“In that day,” says Yahweh of Armies, “the nail that was fastened in a sure place will give way. It will be cut down and fall. The burden that was on it will be cut off, for Yahweh has spoken it.”"
Isaiah 23:1,"Ĩno nĩyo ndũmĩrĩri nditũ ĩkoniĩ itũũra rĩa Turo: Atĩrĩrĩ, inyuĩ marikabu cia Tarishishi, ta girĩkai. Nĩgũkorwo itũũra rĩa Turo nĩrĩanange, rĩgatigwo rĩtarĩ nyũmba kana gĩcukĩro kĩa marikabu. Ũhoro ũcio nĩũmakinyĩire marĩ o kũu bũrũri wa Kitimu.","The burden of Tyre. Howl, you ships of Tarshish! For it is laid waste, so that there is no house, no entering in. From the land of Kittim it is revealed to them."
Isaiah 23:2,"Atĩrĩrĩ, inyuĩ andũ a gĩcigĩrĩra, na inyuĩ onjorithia a Sidoni, ta kirai o inyuĩ mũtongetio nĩ andũ arĩa mageragĩra iria-inĩ.","Be still, you inhabitants of the coast, you whom the merchants of Sidon that pass over the sea have replenished."
Isaiah 23:3,"Kũu maaĩ-inĩ maingĩ nĩkuo kwageragĩrio ngano ya Shihoru, namo magetha ma Nili nĩmo maarĩ uumithio wa itũũra rĩa Turo, narĩo rĩgĩtuĩka ndũnyũ ya ndũrĩrĩ.","On great waters, the seed of the Shihor, the harvest of the Nile, was her revenue. She was the market of nations."
Isaiah 23:4,"Atĩrĩrĩ wee Sidoni, o nawe, kĩĩhitho kĩrũmu kĩa iria-inĩ, conokai, nĩgũkorwo iria nĩrĩarĩtie rĩkoiga atĩrĩ: “Niĩ ndirĩ ndagĩa na ruo rwa kũrũmwo, kana ngaciara; ndirĩ ndaarera aanake, kana ngarera airĩtu.”","Be ashamed, Sidon; for the sea has spoken, the stronghold of the sea, saying, “I have not travailed, nor given birth, neither have I nourished young men, nor brought up virgins.”"
Isaiah 23:5,"Hĩndĩ ĩrĩa ũhoro ũcio ũgaakinya bũrũri wa Misiri, andũ akuo nĩmakaagĩa na ruo rũnene mũno maigua ũhoro ũcio wa Turo.","When the report comes to Egypt, they will be in anguish at the report of Tyre."
Isaiah 23:6,"Atĩrĩrĩ, ringai mũthiĩ mũrĩmo wa Tarishishi, ta girĩkai inyuĩ mũtũũraga kũu gĩcigĩrĩra-inĩ.","Pass over to Tarshish! Wail, you inhabitants of the coast!"
Isaiah 23:7,"Rĩĩrĩ nĩrĩo itũũra rĩanyu inene rĩa ikeno cia ũrĩĩu, itũũra inene rĩa kuuma tene, o tene mũno, itũũra rĩrĩa andũ aarĩo maathiĩte na magũrũ magatũũre mabũrũri ma andũ a kũraya mũno?","Is this your joyous city, whose antiquity is of ancient days, whose feet carried her far away to travel?"
Isaiah 23:8,"Nũũ waciirĩire atĩ itũũra rĩa Turo rĩũkĩrĩrwo, o itũũra rĩu rĩheanaga tanji cia ũthamaki, o rĩo onjorithia a rĩo arĩ ariũ a athamaki, na endia a rĩo marĩ igweta thĩ yothe?","Who has planned this against Tyre, the giver of crowns, whose merchants are princes, whose traders are the honorable of the earth?"
Isaiah 23:9,"Jehova Mwene-Hinya-Wothe nĩwe waciirĩire ũndũ ũcio, nĩgeetha aniine mwĩtĩĩo wa riiri wothe, na aconorithie andũ arĩa othe marĩ igweta a gũkũ thĩ.","Yahweh of Armies has planned it, to stain the pride of all glory, to bring into contempt all the honorable of the earth."
Isaiah 23:10,"Atĩrĩrĩ, wee mwarĩ wa Tarishishi, thiĩ ũkarĩme bũrũri waku o ta ũrĩa kũrĩmĩtwo hũgũrũrũ-inĩ cia Rũũĩ rwa Nili, tondũ rĩu ndũrĩ na gĩcukĩro kĩa marikabu rĩngĩ.","Pass through your land like the Nile, daughter of Tarshish. There is no restraint any more."
Isaiah 23:11,"Jehova nĩatambũrũkĩtie guoko gwake igũrũ rĩa iria, na agatũma mothamaki marĩo mainaine. Nĩathanĩte atĩ ciĩgitĩro iria nũmu cia Foinike cianangwo.",He has stretched out his hand over the sea. He has shaken the kingdoms. Yahweh has ordered the destruction of Canaan’s strongholds.
Isaiah 23:12,"Akoiga atĩrĩ, “Wee mwarĩ gathirange wa Sidoni ikeno ciaku cia ũrĩĩu nĩ thiru, rĩu ũrĩ mũhehenje! “Ũkĩra ũringe, ũthiĩ ũkinye Kitimu; no rĩrĩ, o na kũu ndũkoona ũhurũko.”","He said, “You shall rejoice no more, you oppressed virgin daughter of Sidon. Arise, pass over to Kittim. Even there you will have no rest.”"
Isaiah 23:13,"Ta rora bũrũri wa Ababuloni, andũ acio rĩu maagĩĩte kĩene! Ashuri magũtuĩte gĩikaro kĩa nyamũ cia werũ; nĩmaakire mĩthiringo mĩraihu na igũrũ ya kũrĩthiũrũrũkĩria, na magĩtiga ciĩgitĩro ciao itarĩ kĩndũ, magĩtũma bũrũri ũcio wanangĩke biũ.","Behold, the land of the Chaldeans. This people didn’t exist. The Assyrians founded it for those who dwell in the wilderness. They set up their towers. They overthrew its palaces. They made it a ruin."
Isaiah 23:14,"Atĩrĩrĩ, inyuĩ marikabu cia Tarishishi, ta girĩkai; nĩgũkorwo gĩikaro kĩanyu nĩkĩanange.","Howl, you ships of Tarshish, for your stronghold is laid waste!"
Isaiah 23:15,"Hĩndĩ ĩyo itũũra rĩa Turo nĩrĩkariganĩra mĩaka mĩrongo mũgwanja, o ta ũrĩa matukũ ma mũthamaki ũmwe maigana. No mĩaka mĩrongo mũgwanja yathira-rĩ, Turo gũgaacooka kũhaana ta mũmaraya ũrĩa ũganagwo na rwĩmbo ta ũũ:","It will come to pass in that day that Tyre will be forgotten seventy years, according to the days of one king. After the end of seventy years it will be to Tyre like in the song of the prostitute."
Isaiah 23:16,"“Oya kĩnanda kĩa mũgeeto, ũtuĩkanie itũũra inene, wee mũmaraya ũyũ ũtũũrĩte ũriganĩire; Hũũra kĩnanda kĩa mũgeeto wega, ũine nyĩmbo nyingĩ, nĩgeetha ũririkanwo.”","Take a harp; go about the city, you prostitute that has been forgotten. Make sweet melody. Sing many songs, that you may be remembered."
Isaiah 23:17,"Mĩaka mĩrongo mũgwanja yathira-rĩ, Jehova nĩagacookerera Turo. Itũũra rĩu nĩrĩgacooka wĩra- inĩ warĩo ũcio ũrehaga uumithio ta rĩkũhũũra ũmaraya, rĩonjorithanagie na mothamaki mothe ma thĩ.","It will happen after the end of seventy years that Yahweh will visit Tyre. She will return to her wages, and will play the prostitute with all the kingdoms of the world on the surface of the earth."
Isaiah 23:18,"No rĩrĩ, wonjorithia warĩo na uumithio warĩo nĩikamũrĩrwo Jehova; itikaigwo igĩĩna-inĩ kana ihithwo. Uumithio warĩo ũgaatuĩka wa arĩa matũũraga marongoragia Jehova, moonage irio nyingĩ na nguo njega.","Her merchandise and her wages will be holiness to Yahweh. It will not be treasured nor laid up; for her merchandise will be for those who dwell before Yahweh, to eat sufficiently, and for durable clothing."
Isaiah 24:1,"Atĩrĩrĩ, Jehova akirie kwananga thĩ, na atũme ĩkire ihooru; nake nĩakamĩũnũha na ahurunje arĩa matũũraga kuo:","Behold, Yahweh makes the earth empty, makes it waste, turns it upside down, and scatters its inhabitants."
Isaiah 24:2,"gũgaakorwo kũrĩ ũndũ o ũmwe kũrĩ mũthĩnjĩri-Ngai na kũrĩ andũ, kũrĩ ndungata na kũrĩ mũmĩathi, kũrĩ ndungata ya mũirĩtu na kũrĩ mũtumia ũrĩa mũmĩathi, kũrĩ mwendia wa indo na kũrĩ mũgũri, kũrĩ mũkoombi na kũrĩ mũkoombanĩri, kũrĩ mũndũ ũrĩa ũrĩ na thiirĩ na kũrĩ ũrĩa ũrandũraga thiirĩ.","It will be as with the people, so with the priest; as with the servant, so with his master; as with the maid, so with her mistress; as with the buyer, so with the seller; as with the creditor, so with the debtor; as with the taker of interest, so with the giver of interest."
Isaiah 24:3,Thĩ nĩ kwanangwo ĩkaanangwo na ĩtigwo ĩrĩ ũtheri biũ. Jehova nĩwe warĩtie ũhoro ũcio.,The earth will be utterly emptied and utterly laid waste; for Yahweh has spoken this word.
Isaiah 24:4,"Thĩ ĩngʼarĩte ĩkahooha, mabũrũri mothe magathirĩrĩkĩra na makahooha, andũ arĩa marĩ ngumo a thĩ nĩmorĩtwo nĩ hinya.",The earth mourns and fades away. The world languishes and fades away. The lofty people of the earth languish.
Isaiah 24:5,"Thĩ nĩngwatie thaahu nĩ andũ ayo; nao maremeire mawatho, na makaagarara irĩra, na magathũkia kĩrĩkanĩro kĩrĩa gĩa gũtũũra tene na tene.","The earth also is polluted under its inhabitants, because they have transgressed the laws, violated the statutes, and broken the everlasting covenant."
Isaiah 24:6,"Nĩ ũndũ ũcio kĩrumi nĩkĩrarĩa thĩ; na andũ arĩa matũũraga kuo makaherithio nĩ ũndũ wa wĩhia wao. Nĩ ũndũ ũcio arĩa matũũraga gũkũ thĩ nĩmacinĩtwo na mwaki, na nĩ anini mũno matigaire.","Therefore the curse has devoured the earth, and those who dwell therein are found guilty. Therefore the inhabitants of the earth are burned, and few men are left."
Isaiah 24:7,"Ndibei ĩrĩa ya mũhihano nĩ thiru, nayo mĩthabibũ ĩkahooha; nao andũ arĩa marĩ ikeno-inĩ no gũcaaya maracaaya.",The new wine mourns. The vine languishes. All the merry-hearted sigh.
Isaiah 24:8,"Gĩkeno kĩrĩa kiumanaga na kũhũũrwo gwa tũhembe nĩgĩtigĩte gũkenwo, narĩo inegene rĩa andũ arĩa arĩĩu nĩrĩthirĩte, ningĩ gĩkeno kĩrĩa gĩkenagwo gũkĩhũũrwo kĩnanda kĩa mũgeeto nĩgĩkirĩtio.",The mirth of tambourines ceases. The sound of those who rejoice ends. The joy of the harp ceases.
Isaiah 24:9,"Andũ arĩa manyuuaga ndibei matigacooka kũnyua makĩinaga rwĩmbo, nayo njoohi nĩĩrũrĩire arĩa mamĩnyuuaga.",They will not drink wine with a song. Strong drink will be bitter to those who drink it.
Isaiah 24:10,"Narĩo itũũra rĩrĩa inene rĩanangĩku rĩkirĩte ihooru, namo matoonyero ma nyũmba ciothe nĩmahinge.","The confused city is broken down. Every house is shut up, that no man may come in."
Isaiah 24:11,"Kũu njĩra-inĩ andũ nĩ kũrĩra mararĩra nĩ kwaga ndibei, gĩkeno gĩothe gĩtuĩkĩte kĩeha, nacio ikeno ciothe igathira thĩ.",There is a crying in the streets because of the wine. All joy is darkened. The mirth of the land is gone.
Isaiah 24:12,"Itũũra rĩrĩa inene nĩrĩanange biũ, nakĩo kĩhingo kĩarĩo kiunangĩtwo gĩgatuĩka tũcunjĩ.","The city is left in desolation, and the gate is struck with destruction."
Isaiah 24:13,"O ta ũrĩa mũtĩ wa mũtamaiyũ ũikaraga wainainio, na o ta ũrĩa mũtĩ wa mũthabibũ ũikaraga thabibũ ciahaarwo hĩndĩ ya magetha, ũguo noguo ũhoro ũgaikara gũkũ thĩ na ndũrĩrĩ-inĩ ciothe.","For it will be so within the earth among the peoples, as the shaking of an olive tree, as the gleanings when the vintage is done."
Isaiah 24:14,"Maranĩrĩra, makoigĩrĩria nĩ gũkena; kuuma mwena wa ithũĩro marakũngũĩra ũnene wa Jehova.",These shall lift up their voice. They will shout for the majesty of Yahweh. They cry aloud from the sea.
Isaiah 24:15,"Nĩ ũndũ ũcio inyuĩ andũ a kuuma mwena wa irathĩro gocithiai Jehova; nenehiai rĩĩtwa rĩa Jehova Ngai wa Isiraeli, kũu icigĩrĩra-inĩ cia iria.","Therefore glorify Yahweh in the east, even the name of Yahweh, the God of Israel, in the islands of the sea!"
Isaiah 24:16,"Nĩtũiguĩte nyĩmbo ikĩinwo kuuma ituri cia thĩ, ikainwo atĩrĩ: “Arogoocwo ũcio Mũthingu.” No niĩ ngiuga atĩrĩ, “Kaĩ ndĩ na haaro-ĩ! nĩgũkorwo nĩndĩrahiinyĩrĩrĩka, ĩĩ ti-itherũ nĩndĩrahiinyĩrĩrĩka! Andũ arĩa akunyanĩri nĩmarakunyanĩra arĩa angĩ, o acio akunyanĩri magakunyanĩra arĩa angĩ na ũkunyanĩri mũnene mũno!”","From the uttermost part of the earth have we heard songs. Glory to the righteous! But I said, “I pine away! I pine away! woe is me!” The treacherous have dealt treacherously. Yes, the treacherous have dealt very treacherously."
Isaiah 24:17,"Atĩrĩrĩ, inyuĩ andũ arĩa mũtũũraga thĩ, iguoyohia, na irima, o na mũtego nĩcio imwetereire.","Fear, the pit, and the snare are on you who inhabit the earth."
Isaiah 24:18,"Mũndũ ũrĩa ũkoora nĩ ũndũ wa iguoyohia, akaagũa irima, nake ũrĩa ũkoimĩra irima rĩu-rĩ, akaagwatio nĩ mũtego ũcio. Ndirica cia mũiyũro wa maaĩ cia igũrũ nĩhiingũre, nacio itina cia thĩ igathingitha.","It will happen that he who flees from the noise of the fear will fall into the pit; and he who comes up out of the middle of the pit will be taken in the snare; for the windows on high are opened, and the foundations of the earth tremble."
Isaiah 24:19,"Thĩ nĩnjatũku, yatũkĩte ĩkarekania, ningĩ nĩĩrathingitha mũno mũno.",The earth is utterly broken. The earth is torn apart. The earth is shaken violently.
Isaiah 24:20,"Thĩ ĩratũgũga o ta mũrĩĩu, ĩgathũngũthio ũũ na ũũ o ta gĩthũnũ hĩndĩ ya rũhuho; mehia ma ũremi wayo nĩmamĩritũhĩire mũno, kũgũa nĩĩkũgũa na ndĩgaacooka gwĩtiiria rĩngĩ.","The earth will stagger like a drunken man, and will sway back and forth like a hammock. Its disobedience will be heavy on it, and it will fall and not rise again."
Isaiah 24:21,"Mũthenya ũcio-rĩ, Jehova nĩakaherithia maahinya ma kũu igũrũ, o kũu matu-inĩ, na aherithie athamaki a thĩ ĩno.","It will happen in that day that Yahweh will punish the army of the high ones on high, and the kings of the earth on the earth."
Isaiah 24:22,Nĩmagacookanĩrĩrio hamwe o ta ũrĩa andũ oohe macookanagĩrĩrio kĩoho-inĩ; makaahingĩrwo njeera na thuutha wa matukũ maingĩ nĩmakaherithio.,"They will be gathered together, as prisoners are gathered in the pit, and will be shut up in the prison; and after many days they will be visited."
Isaiah 24:23,"Mweri nĩũgaconorithio, na riũa rĩconoke; nĩgũkorwo Jehova Mwene-Hinya-Wothe nĩwe ũgaathamaka arĩ Kĩrĩma-inĩ gĩa Zayuni na Jerusalemu, na mbere ya athuuri akuo, athamake arĩ na riiri.","Then the moon will be confounded, and the sun ashamed; for Yahweh of Armies will reign on Mount Zion and in Jerusalem; and glory will be before his elders."
Isaiah 25:1,"Wee Jehova-rĩ, Wee nĩwe Ngai wakwa; nĩngũgũtũũgĩria na ngooce rĩĩtwa rĩaku, nĩgũkorwo nĩwĩkĩte maũndũ ma magegania, na maũndũ marĩa maabangĩtwo kuuma o tene, ũkamahingia na wĩhokeku waku mũkinyanĩru.","Yahweh, you are my God. I will exalt you! I will praise your name, for you have done wonderful things, things planned long ago, in complete faithfulness and truth."
Isaiah 25:2,"Nĩũtũmĩte itũũra rĩrĩa inene rĩtuĩke hĩba ya mahiga, itũũra rĩu rĩirigĩre na hinya ũgatũma rĩanangwo, itũũra inene rĩrĩa rĩarĩ kĩĩhitho kĩa andũ a kũngĩ, ti itũũra rĩngĩ, na rĩtigaakwo rĩngĩ.","For you have made a city into a heap, a fortified city into a ruin, a palace of strangers to be no city. It will never be built."
Isaiah 25:3,"Nĩ ũndũ ũcio andũ arĩa marĩ hinya nĩmagagũtĩĩa, namo matũũra manene ma ndũrĩrĩ iria itarĩ tha magwĩtigĩre.",Therefore a strong people will glorify you. A city of awesome nations will fear you.
Isaiah 25:4,"Wee ũkoretwo ũrĩ rĩũrĩro rĩa athĩĩni, na rĩũrĩro rĩa abatari hĩndĩ ya mĩnyamaro yao, handũ ha kũũrĩra hĩndĩ ya kĩhuhũkanio, o na ta kĩĩruru gĩa kwĩyũa riũa. Nĩgũkorwo mĩhũmũ ya arĩa matarĩ tha ĩhaana kĩhuhũkanio kĩrĩa kĩgũthaga rũthingo na nditi,","For you have been a stronghold to the poor, a stronghold to the needy in his distress, a refuge from the storm, a shade from the heat, when the blast of the dreaded ones is like a storm against the wall."
Isaiah 25:5,"ningĩ ĩhaana ta ũrugarĩ wa werũ-inĩ. Wee nĩwe ũkiragia ngũĩ ya andũ a kũngĩ o ta ũrĩa ũrugarĩ ũnyiihagio nĩ kĩĩruru gĩa itu, na nĩ ũndũ ũcio rwĩmbo rwa acio matarĩ tha nĩrũtigĩte kũinwo.","As the heat in a dry place you will bring down the noise of strangers; as the heat by the shade of a cloud, the song of the dreaded ones will be brought low."
Isaiah 25:6,"Kĩrĩma-inĩ gĩkĩ nĩkuo Jehova Mwene-Hinya-Wothe akaarugithĩria andũ othe iruga rĩa irio iria njega mũno, na iruga rĩa ndibei ĩrĩa njega mũno: iruga rĩa nyama iria njega mũno, o na ndibei ĩrĩa njega mũno makĩria.","In this mountain, Yahweh of Armies will make all peoples a feast of choice meat,† a feast of choice wines, of choice meat full of marrow, of well refined choice wines."
Isaiah 25:7,"Kĩrĩma-inĩ gĩkĩ nĩkĩo akaanangĩra taama ũrĩa wohanĩtie andũ othe, na cuka ũrĩa ũhumbĩrĩte ndũrĩrĩ ciothe;","He will destroy in this mountain the surface of the covering that covers all peoples, and the veil that is spread over all nations."
Isaiah 25:8,"gĩkuũ nĩkũniinwo gĩkaaniinwo nginya tene. Ningĩ Mwathani Jehova nĩakagiria maithori, kuuma mothiũ mothe, na rũmena rũrĩa andũ ake mamenetwo na ruo arũniine, rũthire thĩ yothe. Jehova nĩwe warĩtie ũhoro ũcio.","He has swallowed up death forever! The Lord Yahweh will wipe away tears from off all faces. He will take the reproach of his people away from off all the earth, for Yahweh has spoken it."
Isaiah 25:9,"Mũthenya ũcio nĩmakoiga atĩrĩ, “Ti-itherũ ũyũ nĩwe Ngai witũ; nĩwe twehokire, nake agĩtũhonokia, ũyũ nĩwe Jehova, nĩwe twehokire; nĩtũkene na tũcanjamũke nĩ ũndũ wa ũhonokio wake.”","It shall be said in that day, “Behold, this is our God! We have waited for him, and he will save us! This is Yahweh! We have waited for him. We will be glad and rejoice in his salvation!”"
Isaiah 25:10,"Nĩgũkorwo guoko kwa Jehova gũgaikaraga kĩrĩma-inĩ gĩkĩ; no Moabi gũkaarangĩrĩrio rungu rwake, o ta ũrĩa nyeki nyũmũ ĩrangagĩrĩrio thumu-inĩ.","For Yahweh’s hand will rest in this mountain. Moab will be trodden down in his place, even like straw is trodden down in the water of the dunghill."
Isaiah 25:11,"Magaatambũrũkĩria moko mao kuo, o ta ũrĩa mũthambĩri atambũrũkagia moko agĩĩthambĩra. Ngai nĩwe ũkaaharũrũkia mwĩtĩĩo wao, o na marĩ na wara wa wĩra ũrĩa marutaga na moko mao.","He will spread out his hands in the middle of it, like one who swims spreads out hands to swim, but his pride will be humbled together with the craft of his hands."
Isaiah 25:12,"Nĩakamomora thingo cianyu iria ndaihu ciakĩtwo na hinya, acigũithie thĩ; agaacimomora igwe thĩ, o rũkũngũ-inĩ.","He has brought the high fortress of your walls down, laid low, and brought to the ground, even to the dust."
Isaiah 26:1,"Na rĩrĩ, mũthenya ũcio rwĩmbo rũrũ nĩruo rũkainwo bũrũri wa Juda: Tũrĩ na itũũra inene rĩa hinya; Ngai atuuaga ũhonokio ũtuĩke thingo ciarĩo na njirigo ciarĩo cia hinya.","In that day, this song will be sung in the land of Judah: “We have a strong city. God appoints salvation for walls and bulwarks."
Isaiah 26:2,"Hingũrai ihingo nĩguo rũrĩrĩ rũrĩa rũthingu rũtoonye, o rũrĩrĩ rũrĩa rũrũmagia wĩtĩkio.","Open the gates, that the righteous nation may enter: the one which keeps faith."
Isaiah 26:3,"Mũndũ ũrĩa ũrĩ meciiria makindĩirie harĩwe-rĩ, nĩwe ũgaatũũria na thayũ mũkinyanĩru tondũ nĩakwĩhokete.","You will keep whoever’s mind is steadfast in perfect peace, because he trusts in you."
Isaiah 26:4,"Tũũrai mwĩhokete Jehova nginya tene, nĩgũkorwo Jehova, o we Jehova, nĩwe Rwaro rwa Ihiga rwa tene na tene.","Trust in Yahweh forever; for in Yah, Yahweh, is an everlasting Rock."
Isaiah 26:5,"Nĩanyiihagia andũ arĩa maikaraga kũrĩa gũtũũgĩru, o na itũũra rĩrĩa itũũgĩru akarĩharũrũkia, akarĩharagania thĩ, agacooka akarĩtungumania rũkũngũ-inĩ.","For he has brought down those who dwell on high, the lofty city. He lays it low. He lays it low even to the ground. He brings it even to the dust."
Isaiah 26:6,"Magũrũ ma andũ makarĩrangĩrĩria; magũrũ ma andũ arĩa ahinyĩrĩrie, o na makinya ma arĩa athĩĩni.","The foot shall tread it down, even the feet of the poor and the steps of the needy.”"
Isaiah 26:7,"Njĩra ya andũ arĩa athingu nĩ nũngĩrĩru; nawe Jehova, Wee Mũthingu, nĩwe ũnyorokagia njĩra cia arĩa athingu.",The way of the just is uprightness. You who are upright make the path of the righteous level.
Isaiah 26:8,"Ĩĩ, ti-itherũ Jehova, nĩwe twetagĩrĩra o tũgĩthiiagĩra njĩra ya mawatho maku; ngoro ciitũ ciĩriragĩria rĩĩtwa rĩaku na ngumo yaku.","Yes, in the way of your judgments, Yahweh, we have waited for you. Your name and your renown are the desire of our soul."
Isaiah 26:9,"Ngoro yakwa nĩwe ĩĩriragĩria ũtukũ; rũciinĩ roho wakwa ũgakũnyootera. Rĩrĩa watuanĩra ciira wa kĩhooto gũkũ thĩ, andũ a mabũrũri mothe nĩmerutaga ũhoro wa ũthingu.","With my soul I have desired you in the night. Yes, with my spirit within me I will seek you earnestly; for when your judgments are in the earth, the inhabitants of the world learn righteousness."
Isaiah 26:10,"O na andũ aaganu mangĩiguĩrwo tha, matiĩrutaga ũhoro wa ũthingu; o na marĩ bũrũri-inĩ wa arĩa arũngĩrĩru, mathiiaga o na mbere gwĩka ũũru, makaaga gũtĩĩa ũnene wa Jehova.","Let favor be shown to the wicked, yet he will not learn righteousness. In the land of uprightness he will deal wrongfully, and will not see Yahweh’s majesty."
Isaiah 26:11,"Wee Jehova-rĩ, guoko gwaku nĩ kwambararĩtio na igũrũ, no matingĩkuona o na atĩa. No rĩrĩ, reke mone kĩyo kĩrĩa ũrĩ nakĩo nĩ ũndũ wa andũ aku, nĩgeetha maconoke; mwaki ũrĩa ũigĩirwo thũ ciaku nĩũrekwo ũmacine.","Yahweh, your hand is lifted up, yet they don’t see; but they will see your zeal for the people and be disappointed. Yes, fire will consume your adversaries."
Isaiah 26:12,"Wee Jehova-rĩ, nĩwe ũtũheaga thayũ; maũndũ marĩa mothe tũhingĩtie, nĩwe ũtwĩkĩire.","Yahweh, you will ordain peace for us, for you have also done all our work for us."
Isaiah 26:13,"Wee Jehova, o Wee Ngai witũ, nĩ harĩ aathani angĩ manatwatha tiga wee, no rĩrĩ, rĩĩtwa rĩaku riiki norĩo tũtĩĩte.","Yahweh our God, other lords besides you have had dominion over us, but we will only acknowledge your name."
Isaiah 26:14,"Na rĩrĩ, acio rĩu nĩmakuĩte, matigacooka gũtũũra muoyo; maroho macio matikariũka. Wee nĩwamaherithirie ũkĩmaananga; ningĩ ũgĩtũma mariganĩre biũ.","The dead shall not live. The departed spirits shall not rise. Therefore you have visited and destroyed them, and caused all memory of them to perish."
Isaiah 26:15,"Wee Jehova nĩũtũmĩte rũrĩrĩ rũu ruongerereke; ti-itherũ nĩwongereire rũrĩrĩ rũu, ũkarũingĩhia. Wee nĩwĩgĩĩrĩire na riiri, ũkaaramia mĩhaka yothe ya bũrũri.","You have increased the nation, O Yahweh. You have increased the nation! You are glorified! You have enlarged all the borders of the land."
Isaiah 26:16,"Atĩrĩrĩ Jehova, mookire kũrĩ we rĩrĩa maarĩ na mathĩĩna; rĩrĩa wamaherithagia-rĩ, maahotaga o kũhooya na mĩheehũ.","Yahweh, in trouble they have visited you. They poured out a prayer when your chastening was on them."
Isaiah 26:17,"O ta ũrĩa mũndũ-wa-nja arĩ na nda akiriĩ gũciara enyogondaga na agakaya nĩ ruo-rĩ, ũguo noguo twatariĩ tũrĩ mbere yaku, Wee Jehova.","Just as a woman with child, who draws near the time of her delivery, is in pain and cries out in her pangs, so we have been before you, Yahweh."
Isaiah 26:18,"Ithuĩ twatariĩ ta twarĩ nda, twenyogondaga nĩ ruo, no rĩrĩ, nĩ ta twaciarire o rũhuho. Gũtirĩ ũndũ o na ũrĩkũ wa kũhonokania twĩkĩte gũkũ thĩ, o na kana tũgaciara andũ arĩa maikaraga gũkũ thĩ.","We have been with child. We have been in pain. We gave birth, it seems, only to wind. We have not worked any deliverance in the earth; neither have the inhabitants of the world fallen."
Isaiah 26:19,"No rĩrĩ, andũ aku arĩa makuĩte nĩmagatũũra muoyo; mĩĩrĩ yao nĩĩkariũka. Inyuĩ arĩa mũtũũraga rũkũngũ-inĩ, ũkĩrai na mwanĩrĩre nĩ gũkena. Ime rĩanyu rĩtariĩ ta ireera rĩa rũciinĩ; nayo thĩ nĩĩgacookia andũ arĩa akuũ muoyo.","Your dead shall live. Their dead bodies shall arise. Awake and sing, you who dwell in the dust; for your dew is like the dew of herbs, and the earth will cast out the departed spirits."
Isaiah 26:20,"Atĩrĩrĩ, inyuĩ andũ akwa, thiĩi mũtoonye tũnyũmba twanyu na mwĩhingĩre; mwĩhithe kuo gwa kahinda kanini nginya mangʼũrĩ make mathire.","Come, my people, enter into your rooms, and shut your doors behind you. Hide yourself for a little moment, until the indignation is past."
Isaiah 26:21,"Atĩrĩrĩ, Jehova nĩarooka oimĩte gĩikaro-inĩ gĩake, nĩguo aherithie andũ a gũkũ thĩ nĩ ũndũ wa mehia mao. Nayo thĩ nĩĩkonania thakame ĩrĩa ĩitĩtwo kuo; ndĩgaacooka kũhitha andũ ayo arĩa moragĩtwo.","For, behold, Yahweh comes out of his place to punish the inhabitants of the earth for their iniquity. The earth also will disclose her blood, and will no longer cover her slain."
Isaiah 27:1,"Na rĩrĩ, mũthenya ũcio, Jehova nĩakaherithia na rũhiũ rwake rwa njora, rũhiũ rũu rwake rwa njora rũũgĩ, na rũnene, na rũrĩ hinya, aherithie Leviathani nyoka ĩrĩa ĩnyororokaga na ihenya, o Leviathani nyoka ĩrĩa ĩĩthioranagia; nĩakooraga ndamathia ĩrĩa ya iria-inĩ.","In that day, Yahweh with his hard and great and strong sword will punish leviathan, the fleeing serpent, and leviathan, the twisted serpent; and he will kill the dragon that is in the sea."
Isaiah 27:2,Mũthenya ũcio-rĩ: “Inĩrai mũgũnda wa mĩthabibũ ũrĩa ũciaraga maciaro maingĩ:,"In that day, sing to her, “A pleasant vineyard!"
Isaiah 27:3,"Niĩ Jehova, nĩ niĩ ndĩũmenyagĩrĩra, na nĩ niĩ ndĩunithagĩria maaĩ hĩndĩ ciothe. Ndĩũrangagĩra mũthenya na ũtukũ, nĩgeetha mũndũ o na ũrĩkũ ndakaũthũkie.","I, Yahweh, am its keeper. I will water it every moment. Lest anyone damage it, I will keep it night and day."
Isaiah 27:4,Niĩ ndirakarĩte. Naarĩ korwo nĩ congʼe na mĩigua iranjũkĩrĩra! No thiĩ ngahũũrane mbaara nacio; Ingĩcicina ciothe na mwaki.,"Wrath is not in me, but if I should find briers and thorns, I would do battle! I would march on them and I would burn them together."
Isaiah 27:5,"Akorwo ti ũguo, nĩirekwo ciũke ciĩhithe kũrĩ niĩ; nĩirekwo icarie thayũ na niĩ, ĩĩ ti-itherũ nĩicarie thayũ na niĩ.”","Or else let him take hold of my strength, that he may make peace with me. Let him make peace with me.”"
Isaiah 27:6,"Matukũ marĩa magooka-rĩ, Jakubu nĩakagĩa na mĩri, Isiraeli agaathundũka arute kĩro, aiyũrie thĩ yothe maciaro.","In days to come, Jacob will take root. Israel will blossom and bud. They will fill the surface of the world with fruit."
Isaiah 27:7,"Anga Jehova nĩahũũrĩte Isiraeli, ta ũrĩa aahũũrire arĩa maamũhũũraga? Anga nĩoragĩtwo ta ũrĩa arĩa maamũũragaga mooragirwo?",Has he struck them as he struck those who struck them? Or are they killed like those who killed them were killed?
Isaiah 27:8,"Wamũrũithirie na mbaara na gũtahwo: amũingataga na rũhuho rwake rwa hinya, ta mũthenya ũrĩa rũhuho rwa mwena wa irathĩro rũhurutanaga.","In measure, when you send them away, you contend with them. He has removed them with his rough blast in the day of the east wind."
Isaiah 27:9,"Na rĩrĩ, nĩ ũndũ wa ũguo, mahĩtia ma Jakubu nĩmakahoroherio mathire, namo maciaro maya nĩmo makoonekana nĩ ũndũ wa kwehererio mehia make: Atĩ mahiga mothe ma kĩgongona akaamatua ta coka ũhehenjetwo ũgatuĩka tũcunjĩ, na gũtirĩ itugĩ cia Ashera kana igongona cia gũcinĩra ũbumba igaatigwo irũgamĩte.","Therefore by this the iniquity of Jacob will be forgiven, and this is all the fruit of taking away his sin: that he makes all the stones of the altar as chalk stones that are beaten in pieces, so that the Asherah poles and the incense altars shall rise no more."
Isaiah 27:10,"Itũũra rĩrĩa inene rĩirigĩre na hinya rĩkirĩte ihooru, kĩrĩ gĩikaro gĩthaamĩtwo, gĩgatiganĩrio kĩrĩ ũtheri ta werũ; kũu nĩkuo njaũ irĩithagio, na nokuo ikomaga; nacio ihũrũraga honge ciakuo gũgatigwo ũtheri.","For the fortified city is solitary, a habitation deserted and forsaken, like the wilderness. The calf will feed there, and there he will lie down, and consume its branches."
Isaiah 27:11,"Hĩndĩ ĩrĩa tũrũhonge tuoma-rĩ, nĩkunangwo tuunangagwo, nao andũ-a-nja magooka magaakia mwaki natuo. Na tondũ aya nĩ andũ matarĩ na ũmenyo-rĩ, ũcio Mũũmbi wao ndamaiguagĩra tha, ũcio wamoombire ndamekaga wega.","When its boughs are withered, they will be broken off. The women will come and set them on fire, for they are a people of no understanding. Therefore he who made them will not have compassion on them, and he who formed them will show them no favor."
Isaiah 27:12,"Mũthenya ũcio Jehova nĩagacookanĩrĩria maciaro marĩa agethete, amarute kũrĩa guothe Rũũĩ rwa Farati rũthereraga, o nginya Karũũĩ ka Misiri, na inyuĩ o inyuĩ andũ a Isiraeli, nĩmũgacookanĩrĩrio ũmwe kwa ũmwe.","It will happen in that day that Yahweh will thresh from the flowing stream of the Euphrates to the brook of Egypt; and you will be gathered one by one, children of Israel."
Isaiah 27:13,"Na mũthenya ũcio-rĩ, mũgambo mũnene wa karumbeta nĩũkaiguuo. Nao andũ arĩa moorĩire bũrũri wa Ashuri, na arĩa maatahĩtwo magatwarwo Misiri, nĩmagooka na mahooe Jehova marĩ kĩrĩma-inĩ kĩrĩa gĩtheru kũu Jerusalemu.","It will happen in that day that a great trumpet will be blown; and those who were ready to perish in the land of Assyria, and those who were outcasts in the land of Egypt, shall come; and they will worship Yahweh in the holy mountain at Jerusalem."
Isaiah 28:1,"Kaĩ itũũra rĩrĩa rĩa arĩĩu a Efiraimu, o rĩu matuĩte tanji yao ya mwĩtĩĩo,* rĩrĩ na haaro-ĩ, o rĩu rĩrĩ riiri mũnene ta wa mahũa marĩa macookaga kũhooha, o rĩu rĩakĩtwo gĩtwe-inĩ gĩa kĩanda kĩrĩa kĩnoru, kĩa andũ acio matooragio nĩ ndibei!","Woe to the crown of pride of the drunkards of Ephraim, and to the fading flower of his glorious beauty, which is on the head of the fertile valley of those who are overcome with wine!"
Isaiah 28:2,"Atĩrĩrĩ, Jehova arĩ na njamba ĩrĩ hinya na ũhoti.† Ĩhaana ta mbura ya mbembe, na ta rũhuho rũrĩa rwanangaga, kana rũhuho rũnene rũrĩa rũniinanaga, o na kana mũiyũro wa mbura nene, nake nĩakarĩtungumania thĩ na hinya.","Behold, the Lord has one who is mighty and strong. Like a storm of hail, a destroying storm, and like a storm of mighty waters overflowing, he will cast them down to the earth with his hand."
Isaiah 28:3,"Tanji ĩyo ya mwĩtĩĩo ya arĩĩu a Efiraimu, nĩĩkarangĩrĩrio thĩ na magũrũ.",The crown of pride of the drunkards of Ephraim will be trodden under foot.
Isaiah 28:4,"Ihũa rĩu rĩraahooha, o rĩo ũthaka wa riiri wake, o rĩu rĩakĩtwo gĩtwe-inĩ gĩa kĩanda kĩrĩa kĩnoru, itũũra rĩu rĩkaahaana ta ngũyũ ĩĩruĩte mbere ya magetha, nayo mũndũ aamĩona amĩnyiitaga na guoko gwake, nake no kũmĩrĩa amĩrĩĩaga.","The fading flower of his glorious beauty, which is on the head of the fertile valley, shall be like the first-ripe fig before the summer, which someone picks and eats as soon as he sees it."
Isaiah 28:5,"Mũthenya ũcio Jehova Mwene-Hinya-Wothe agaatuĩka thũmbĩ ĩrĩ riiri, atuĩke tanji thaka mũno ya mahũa harĩ matigari ma andũ ake.","In that day, Yahweh of Armies will become a crown of glory and a diadem of beauty to the residue of his people,"
Isaiah 28:6,"Agaatuĩka roho wa gũtuanĩra ciira na kĩhooto kũrĩ andũ arĩa matuanagĩra ciira, o na atuĩke hinya wa andũ arĩa mahũndũraga ita cia thũ ciakinya kĩhingo-inĩ.","and a spirit of justice to him who sits in judgment, and strength to those who turn back the battle at the gate."
Isaiah 28:7,"No rĩrĩ, andũ aya mathiiaga magĩtũgũũgaga nĩkũnyua ndibei, na magatururio nĩ njoohi: athĩnjĩri-Ngai na anabii nĩo mathiiaga magĩtũgũũgaga nĩ ũndũ wa njoohi, ĩĩ ti-itherũ nĩmarĩtwo nĩ ndibei biũ, na magatururio nĩ njoohi; nĩgũtũgũũga maratũgũũga makĩona cioneki, na magaturuura magĩtuanĩra ciira.","They also reel with wine, and stagger with strong drink. The priest and the prophet reel with strong drink. They are swallowed up by wine. They stagger with strong drink. They err in vision. They stumble in judgment."
Isaiah 28:8,"Metha ciothe ciyũrĩte matahĩko, na gũtirĩ handũ o na hamwe hataiyũrĩte gĩko.",For all tables are completely full of filthy vomit and filthiness.
Isaiah 28:9,"Nao maroria atĩrĩ, “Nũũ ũcio arageria kũruta maũndũ? Ningĩ nũũ arataarĩria ndũmĩrĩri yake? Hihi nĩ kũrĩ ciana iria ciĩrĩgĩte gũtiga kuonga, o icio irutĩtwo nyondo-inĩ?","Whom will he teach knowledge? To whom will he explain the message? Those who are weaned from the milk, and drawn from the breasts?"
Isaiah 28:10,"Nĩgũkorwo ũrutani wake nĩ ta ũũ: ĩka ũũ na ũũ, ĩka ũũ na ũũ, ningĩ watho nĩũrũmĩrĩirwo nĩ watho, ĩĩ, watho ũrũmĩrĩirwo nĩ watho; na kohoro kanini haha, na kohoro kanini hau.”","For it is precept on precept, precept on precept; line on line, line on line; here a little, there a little."
Isaiah 28:11,"Atĩrĩrĩ, ti-itherũ Ngai nĩakaarĩria andũ aya na tũnua twa andũ maaragia na mwarĩrie wa andũ a kũngĩ na thiomi ngʼeni,","But he will speak to this nation with stammering lips and in another language,"
Isaiah 28:12,"andũ arĩa eerire atĩrĩ, “Haha nĩho handũ ha kũhurũka, andũ arĩa anogu nĩmahurũke ho”; o na akĩmeera atĩrĩ, “Haha nĩho kĩhurũko”; no matiigana kũmũigua.","to whom he said, “This is the resting place. Give rest to the weary,” and “This is the refreshing;” yet they would not hear."
Isaiah 28:13,"Nĩ ũndũ ũcio kiugo kĩa Jehova harĩo gĩgaatuĩka ũũ: Ĩka ũũ na ũũ, ĩka ũũ na ũũ, ningĩ watho nĩũrũmĩrĩirwo nĩ watho, ĩĩ, watho ũrũmĩrĩirwo nĩ watho; na kohoro kanini haha, na kohoro kanini hau: nĩguo mathiĩ magũe na ngara, matiihio, na magwatio na mũtego, manyiitwo.","Therefore Yahweh’s word will be to them precept on precept, precept on precept; line on line, line on line; here a little, there a little; that they may go, fall backward, be broken, be snared, and be taken."
Isaiah 28:14,"Nĩ ũndũ ũcio ta thikĩrĩriai kiugo kĩa Jehova, inyuĩ anyũrũrania, o inyuĩ mwathaga andũ aya marĩ gũkũ Jerusalemu.","Therefore hear Yahweh’s word, you scoffers, that rule this people in Jerusalem:"
Isaiah 28:15,"Mwĩgaathaga mũkoiga atĩrĩ, “Nĩtũgĩĩte na kĩrĩkanĩro na gĩkuũ, tũkaiguana na mbĩrĩra. Hĩndĩ ĩrĩa gũkaaherithanio taarĩ kĩguũ gĩa kũhubanĩria-rĩ, gĩtigaatũhutia, nĩgũkorwo nĩtũtuĩte maheeni rĩũrĩro riitũ, naguo ũheenania tũkaũtua kĩĩhitho giitũ.”","“Because you have said, ‘We have made a covenant with death, and we are in agreement with Sheol.† When the overflowing scourge passes through, it won’t come to us; for we have made lies our refuge, and we have hidden ourselves under falsehood.’ ”"
Isaiah 28:16,"Nĩ ũndũ ũcio Mwathani Jehova ekuuga atĩrĩ: “Nĩnjigĩte ihiga rĩa gĩtina kĩrũmu kũu Zayuni, ihiga rĩbaarĩrĩre wega, ihiga rĩa goro rĩa koine; mũndũ ũrĩa ũrĩrĩĩhokaga ndarĩ hĩndĩ akeenyenyeka.","Therefore the Lord Yahweh says, “Behold, I lay in Zion for a foundation a stone, a tried stone, a precious cornerstone of a sure foundation. He who believes shall not act hastily."
Isaiah 28:17,"Ũtuanĩri ciira na kĩhooto nĩguo ũgaatuĩka rũrigi rwa gũthima naruo, naguo ũthingu ũtuĩke kabirũ; mbura ya mbembe nĩĩgathereria maheeni macio mũtuĩte kĩĩhitho kĩanyu, namo maaĩ nĩmakoinĩra kũrĩa mwĩhithĩte.","I will make justice the measuring line, and righteousness the plumb line. The hail will sweep away the refuge of lies, and the waters will overflow the hiding place."
Isaiah 28:18,"Kĩrĩkanĩro kĩanyu kĩrĩa mwarĩkanĩire na gĩkuũ nĩgĩgathario; ũiguano wanyu na mbĩrĩra ndũkehaanda. Hĩndĩ ĩrĩa iherithia ta rĩa kĩguũ rĩkaamũhubanĩria, nĩmũgatoorio nĩrĩo.","Your covenant with death shall be annulled, and your agreement with Sheol‡ shall not stand. When the overflowing scourge passes through, then you will be trampled down by it."
Isaiah 28:19,"Rĩrĩa rĩothe iherithia rĩu rĩoka nĩmũrĩkoragĩrĩrwo nĩrĩo; rĩrĩmũkoragĩrĩra rũciinĩ o rũciinĩ, na mũthenya o na ũtukũ nĩrĩkamũthereria.” Nĩmũkamaka mũno mwataũkĩrwo nĩ ndũmĩrĩri ĩno.","As often as it passes through, it will seize you; for morning by morning it will pass through, by day and by night; and it will be nothing but terror to understand the message.”"
Isaiah 28:20,"Nĩgũkorwo ũrĩrĩ wanyu ndũngĩmũigana gwĩtambũrũkĩria ho nĩ gũkuhĩha, naguo mũrĩngĩti nĩ mũceke mũno ndũngĩmũigana kwĩhumbĩra.","For the bed is too short to stretch out on, and the blanket is too narrow to wrap oneself in."
Isaiah 28:21,"Jehova nĩakarahũka o ta ũrĩa aarahũkire kũu Kĩrĩma-inĩ kĩa Perazimu, arahũke arakarĩte o ta ũrĩa aarakarĩte kũu Gĩtuamba-inĩ kĩa Gibeoni: nĩgeetha arute wĩra wake ũrĩa atamenyerete kũruta, na ahingie ciĩko ciake, ciĩko iria atatũire ahingagia.","For Yahweh will rise up as on Mount Perazim. He will be angry as in the valley of Gibeon; that he may do his work, his unusual work, and bring to pass his act, his extraordinary act."
Isaiah 28:22,"Tondũ ũcio, tigai inyũrũri cianyu, kana mĩnyororo yanyu ĩmũritũhĩre makĩria; nĩgũkorwo Mwathani, o we Jehova Mwene-Hinya-Wothe, nĩaheete ũhoro akanjĩĩra atĩ gũkũ thĩ guothe nĩgũkwanangwo biũ.","Now therefore don’t be scoffers, lest your bonds be made strong; for I have heard a decree of destruction from the Lord, Yahweh of Armies, on the whole earth."
Isaiah 28:23,Thikĩrĩriai mũigue mũgambo wakwa; tegai matũ mũigue ũrĩa nguuga.,"Give ear, and hear my voice! Listen, and hear my speech!"
Isaiah 28:24,"Hĩndĩ ĩrĩa mũrĩmi ekũrĩma nĩguo ahaande-rĩ, atũũraga o arĩmaga? Atũũraga aciimbaga na akĩhũũraga harũ?",Does he who plows to sow plow continually? Does he keep turning the soil and breaking the clods?
Isaiah 28:25,"Aarĩkia kwaragania mũgũnda-rĩ, githĩ ndacookaga akahaanda mbegũ cia ndengũ, na akahura tũhĩndĩ twa kumini? Nayo ngano githĩ ndamĩhaandaga handũ hayo, na cairi akamĩhaanda karũhari kayo, nayo ngano ĩrĩa njirũ akamĩhaanda mũgũnda wayo?","When he has leveled its surface, doesn’t he plant the dill, and scatter the cumin seed, and put in the wheat in rows, the barley in the appointed place, and the spelt in its place?"
Isaiah 28:26,"Ngai wake nĩwe ũmuonagia ũrĩa egwĩka, na akamũruta maũndũ marĩa magĩrĩire.",For his God instructs him in right judgment and teaches him.
Isaiah 28:27,"Ndengũ itihũũragwo na mũgogo ũkururĩtio, kana kumini ĩkahũũrwo na kũgũrũ kwa ngaari; ndengũ ihũũragwo na mũtĩ, na kumini ĩkahũũrwo na rũthanju.","For the dill isn’t threshed with a sharp instrument, neither is a cart wheel turned over the cumin; but the dill is beaten out with a stick, and the cumin with a rod."
Isaiah 28:28,"Ngano no nginya ĩthĩo nĩguo ĩthondekwo mũgate; nĩ ũndũ ũcio mũndũ ndatũũraga amĩhũũraga nginya tene. O na angĩtwarĩra magũrũ ma ngaari ya kũhũũra igũrũ rĩayo-rĩ, mbarathi ciake itingĩmĩthĩa.","Bread flour must be ground; so he will not always be threshing it. Although he drives the wheel of his threshing cart over it, his horses don’t grind it."
Isaiah 28:29,"Maũndũ maya mothe o namo moimaga kũrĩ Jehova Mwene-Hinya-Wothe, mũheani kĩrĩra wa kũgegania, na ũrĩa mwĩkĩrĩre mũno nĩ ũndũ wa ũũgĩ wake mũnene.","This also comes out from Yahweh of Armies, who is wonderful in counsel, and excellent in wisdom."
Isaiah 29:1,"Arieli,* o wee Arieli, wee itũũra inene kũrĩa Daudi aatũũraga, kaĩ ũrĩ na haaro-ĩ! Ongerera mwaka kũrĩ mwaka ũngĩ, na mũreke ciathĩ cianyu ithiĩ o na mbere.","Woe to Ariel! Ariel, the city where David encamped! Add year to year; let the feasts come around;"
Isaiah 29:2,"No nĩngarigiicĩria itũũra rĩa Arieli; nĩrĩkarĩra na rĩcakaye, na rĩgaatuĩka ta riiko rĩa kĩgongona harĩ niĩ.","then I will distress Ariel, and there will be mourning and lamentation. She shall be to me as an altar hearth.†"
Isaiah 29:3,"Nĩngamba hema ciakwa ngũrigiicĩrie; nĩngagũthiũrũrũkĩria na mĩthiringo mĩraihu na igũrũ, ngũrigiicĩrie na ihumbu cia tĩĩri, ngũtharĩkĩre.","I will encamp against you all around you, and will lay siege against you with posted troops. I will raise siege works against you."
Isaiah 29:4,"Nawe ũgaatungumanio thĩ, waragie ũrĩ thĩ; ũtuĩke wa kũngʼungʼua ũrĩ hau tĩĩri-inĩ. Mũgambo waku ũgaatuĩka ta wa roho wa ũragũri ũroima na thĩ; naguo mũgambo waku ũkaaiguagwo ũrĩ wa mĩheehũ ũkiuma tĩĩri-inĩ.","You will be brought down, and will speak out of the ground. Your speech will mumble out of the dust. Your voice will be as of one who has a familiar spirit, out of the ground, and your speech will whisper out of the dust."
Isaiah 29:5,"No rĩrĩ, thũ ciaku nyingĩ ĩgaatuĩka ta rũkũngũ rũhinyu, na kĩrĩndĩ kĩa andũ arĩa matarĩ tha matuĩke ta mũũngũ ũrĩa ũmbũragwo. Ũndũ ũcio ũkooneka na ihenya, o rĩmwe,","But the multitude of your foes will be like fine dust, and the multitude of the ruthless ones like chaff that blows away. Yes, it will be in an instant, suddenly."
Isaiah 29:6,"amu Jehova Mwene-Hinya-Wothe nĩagooka na marurumĩ, na gĩthingithia, na mũrurumo mũnene, hamwe na rũhuho rũnene, na kĩhuhũkanio kĩnene, na nĩnĩmbĩ cia mwaki ũkũniinana.","She will be visited by Yahweh of Armies with thunder, with earthquake, with great noise, with whirlwind and storm, and with the flame of a devouring fire."
Isaiah 29:7,"Nakĩo kĩrĩndĩ kĩa ndũrĩrĩ ciothe kĩrĩa kĩrũaga na Arieli, kĩrĩa gĩtharĩkagĩra itũũra rĩu na ciĩhitho ciarĩo iria nũmu, na gĩkarĩthiũrũrũkĩria-rĩ, gĩkaabuĩria o ta kĩroto, o ta kĩoneki kĩa ũtukũ:","The multitude of all the nations that fight against Ariel, even all who fight against her and her stronghold, and who distress her, will be like a dream, a vision of the night."
Isaiah 29:8,"o ta ũrĩa mũndũ mũhũtu arootaga, akeyona akĩrĩa irio, no rĩrĩa okĩra, agakora no mũhũtu; ningĩ gũgaatuĩka o ta ũrĩa mũndũ mũnyootu arootaga, akeyona akĩnyua maaĩ, no agokĩra arĩ mũringĩku, na arĩ o mũnyootu. Ũguo noguo gũgaikara harĩ kĩrĩndĩ kĩa ndũrĩrĩ ciothe iria irũaga na Kĩrĩma gĩa Zayuni.","It will be like when a hungry man dreams, and behold, he eats; but he awakes, and his hunger isn’t satisfied; or like when a thirsty man dreams, and behold, he drinks; but he awakes, and behold, he is faint, and he is still thirsty. The multitude of all the nations that fight against Mount Zion will be like that."
Isaiah 29:9,"Gegearai na mũmake, mwĩtuei atumumu na mwage kuona; mũnyue mũrĩĩo, no mũtikarĩĩo nĩ ndibei, ningĩ mũtũgũũge, no mũtigatũgũũgio nĩ njoohi.","Pause and wonder! Blind yourselves and be blind! They are drunken, but not with wine; they stagger, but not with strong drink."
Isaiah 29:10,Jehova nĩamũreheire toro mũnene: nĩahingĩte maitho manyu (inyuĩ anabii); nĩahumbĩrĩte mĩtwe yanyu (inyuĩ ooni-maũndũ).,"For Yahweh has poured out on you a spirit of deep sleep, and has closed your eyes, the prophets; and he has covered your heads, the seers."
Isaiah 29:11,"Naguoũhorowakĩonekigĩkĩgĩotheharĩinyuĩũtuĩkĩtekĩndũgĩatũhũ, ũgatuĩkataciugoirĩibuku- inĩ rĩa gĩkũnjo, rĩtumĩtwo na rĩkahũũrwo mũhũũri. Na mũngĩnengera mũndũ ũngĩhota gũthoma ibuku rĩu rĩa gĩkũnjo na mũmwĩre atĩrĩ, “Twagũthaitha, tũthomere ibuku rĩĩrĩ,” nake akaamũcookeria atĩrĩ, “Ndingĩhota gũthoma tondũ nĩitume na rĩkahũũrwo mũhũũri.”","All vision has become to you like the words of a book that is sealed, which men deliver to one who is educated, saying, “Read this, please;” and he says, “I can’t, for it is sealed;”"
Isaiah 29:12,"Kana mũngĩnengera mũndũ ũtangĩhota gũthoma ibuku rĩu rĩa gĩkũnjo, mũmwĩre atĩrĩ, “Twagũthaitha, tũthomere ibuku rĩĩrĩ,” nake akaamũcookeria atĩrĩ, “Niĩ ndiũĩ gũthoma.”","and the book is delivered to one who is not educated, saying, “Read this, please;” and he says, “I can’t read.”"
Isaiah 29:13,"Mwathani ekuuga atĩrĩ: “Andũ aya manguhagĩrĩria na tũnua twao, na makaahe gĩtĩĩo na mĩromo yao, no ngoro ciao irĩ kũraya na niĩ. Namo mahooya marĩa mahooyaga nĩ kũringana na mawatho marĩa marutĩtwo nĩ andũ.","The Lord said, “Because this people draws near with their mouth and honors me with their lips, but they have removed their heart far from me, and their fear of me is a commandment of men which has been taught;"
Isaiah 29:14,"Nĩ ũndũ ũcio, o rĩngĩ nĩngagegia andũ aya, njĩke maũndũ ma kũgegania, o ma kũgegania biũ; ũũgĩ wa andũ arĩa oogĩ nĩũgaathira, naguo ũmenyo wa andũ arĩa moĩ gũkũũrana maũndũ nĩũkabuĩria.”","therefore, behold, I will proceed to do a marvelous work among this people, even a marvelous work and a wonder; and the wisdom of their wise men will perish, and the understanding of their prudent men will be hidden.”"
Isaiah 29:15,"Kaĩ andũ acio mekagĩra kĩyo kĩnene nĩguo mahithe Jehova mĩbango yao marĩ na haaro-ĩ! O acio marutagĩra mawĩra mao nduma-inĩ, mageciiria atĩrĩ, “Nũũ ũratuona?” ningĩ-rĩ, “Nũũ ũngĩmenya ũrĩa tũreka?”","Woe to those who deeply hide their counsel from Yahweh, and whose deeds are in the dark, and who say, “Who sees us?” and “Who knows us?”"
Isaiah 29:16,"Inyuĩ mũinamanagia maũndũ, mũũmbi ageciirĩrio nĩwe rĩũmba! Kĩrĩa kĩombirwo no kĩĩre mũkĩũmbi atĩrĩ, “Wee tiwe wanyũũmbire”? Nyũngũ no ĩĩre mũmĩũmbi atĩrĩ, “Wee ndũrĩ ũndũ ũũĩ”?","You turn things upside down! Should the potter be thought to be like clay, that the thing made should say about him who made it, “He didn’t make me;” or the thing formed say of him who formed it, “He has no understanding”?"
Isaiah 29:17,"Githĩ ti kahinda kanini gatigaire Lebanoni kũgarũrwo gũtuĩke mũgũnda mũnoru, naguo mũgũnda ũcio mũnoru ũtuĩke ta mũtitũ?","Isn’t it yet a very little while, and Lebanon will be turned into a fruitful field, and the fruitful field will be regarded as a forest?"
Isaiah 29:18,"Mũthenya ũcio, andũ arĩa mataiguaga nĩmakaigua ciugo cia ibuku rĩu rĩa gĩkũnjo, namo maitho ma atumumu arĩa matũũraga moonaga mairia na nduma nĩmakona.","In that day, the deaf will hear the words of the book, and the eyes of the blind will see out of obscurity and out of darkness."
Isaiah 29:19,Na o rĩngĩ andũ arĩa ahooreri nĩmagakenera Jehova; nao andũ arĩa athĩĩni nĩmagakenera Ũrĩa Mũtheru wa Isiraeli.,"The humble also will increase their joy in Yahweh, and the poor among men will rejoice in the Holy One of Israel."
Isaiah 29:20,"Andũ arĩa matarĩ tha nĩmakabuĩria, nao arĩa anyũrũrania nĩmagathira, na arĩa meriragĩria gwĩka ũũru nĩmakaniinwo:","For the ruthless is brought to nothing, and the scoffer ceases, and all those who are alert to do evil are cut off—"
Isaiah 29:21,"o acio mahũthagĩra kiugo kĩmwe magatua mũndũ mũhĩtia, na makaigĩra mũciiranĩrĩri mũtego iciirĩro-inĩ, na makahũthĩra ũira wa maheeni nĩguo mũndũ ũtekĩte ũũru aage gũtuĩrwo ciira na kĩhooto.","who cause a person to be indicted by a word, and lay a snare for one who reproves in the gate, and who deprive the innocent of justice with false testimony."
Isaiah 29:22,Nĩ ũndũ ũcio Jehova ũrĩa wahonokirie Iburahĩmu ekwĩra nyũmba ya Jakubu atĩrĩ: “Jakubu ndagaaconorithio rĩngĩ; na matigacooka gũtukia ithiithi ciao rĩngĩ.,"Therefore Yahweh, who redeemed Abraham, says concerning the house of Jacob: “Jacob shall no longer be ashamed, neither shall his face grow pale."
Isaiah 29:23,"Rĩrĩa makoona ciana ciao iria ndombire na moko makwa irĩ hamwe nao, nĩmakaiga rĩĩtwa rĩakwa rĩrĩ itheru; nĩmakoimbũra ũtheru wa Ũrĩa Mũtheru wa Jakubu, na maikarage metigĩrĩte Ngai wa Isiraeli.","But when he sees his children, the work of my hands, in the middle of him, they will sanctify my name. Yes, they will sanctify the Holy One of Jacob, and will stand in awe of the God of Israel."
Isaiah 29:24,"Andũ arĩa ngoro ciao imahĩtithagia nĩmakaagĩa na ũmenyo, nao arĩa matetaga nĩmagathikĩrĩria mataaro.”","They also who err in spirit will come to understanding, and those who grumble will receive instruction.”"
Isaiah 30:1,"Jehova ekuuga atĩrĩ, “Kaĩ ciana iria nemi irĩ na haaro-ĩ! o icio ihingagia mĩbango ĩtarĩ yakwa, na igathondeka ngwatanĩro,* no ti na Roho wakwa, igakĩiganĩrĩra mehia igũrũ rĩa mehia;","“Woe to the rebellious children”, says Yahweh, “who take counsel, but not from me; and who make an alliance, but not with my Spirit, that they may add sin to sin;"
Isaiah 30:2,"o icio ciikũrũkaga igathiĩ bũrũri wa Misiri itaahoete kĩrĩra; icio ciethaga ũteithio wa kũgitĩrwo nĩ Firaũni, na ikehoka kĩĩruru kĩa bũrũri wa Misiri gĩtuĩke rĩũrĩro rĩacio.","who set out to go down into Egypt without asking for my advice, to strengthen themselves in the strength of Pharaoh, and to take refuge in the shadow of Egypt!"
Isaiah 30:3,"No ũgitĩri ũcio wa Firaũni ũgaatuĩka wa kũmũconorithia, na kwĩhoka kĩĩruru kĩa bũrũri wa Misiri gũkaamũrehera thoni.","Therefore the strength of Pharaoh will be your shame, and the refuge in the shadow of Egypt your confusion."
Isaiah 30:4,"O na akorwo marĩ na anene kũu Zoani, na mabarũthi mao nĩmakinyĩte Hanesi-rĩ,","For their princes are at Zoan, and their ambassadors have come to Hanes."
Isaiah 30:5,"andũ othe nĩmagaconorithio nĩ ũndũ wa andũ matangĩmaguna na ũndũ o na ũrĩkũ, arĩa matangĩmateithia kana mamagune, tiga o kũmaconorithia na kũmarehera thoni.”","They shall all be ashamed because of a people that can’t profit them, that are not a help nor profit, but a shame, and also a reproach.”"
Isaiah 30:6,"Ĩno nĩyo ndũmĩrĩri nditũ ĩkoniĩ nyamũ cia Negevu: Mabarũthi mao makuuaga ũtonga wao na ndigiri, na igĩĩna ciao magaaciigĩrĩra maguku-inĩ ma ngamĩĩra, magatuĩkanĩria bũrũri wa thĩĩna na wa mĩnyamaro, bũrũri ũrĩ mĩrũũthi ya njamba na ya nga, na nduĩra na nyoka iria ĩticũkaga, macitware bũrũri wa andũ matangĩmaguna o na atĩa.","The burden of the animals of the South. Through the land of trouble and anguish, of the lioness and the lion, the viper and fiery flying serpent, they carry their riches on the shoulders of young donkeys, and their treasures on the humps of camels, to an unprofitable people."
Isaiah 30:7,Nĩgũkorwo ũteithio wa Misiri nĩ wa tũhũ na ndũrĩ kĩguni. Nĩ ũndũ bũrũri ũcio ndĩwĩtĩte Rahabu ũrĩa Ũtarĩ-ũndũ-Ekaga.,"For Egypt helps in vain, and to no purpose; therefore I have called her Rahab who sits still."
Isaiah 30:8,"Na rĩrĩ, rĩu thiĩ ũmakururĩre ũhoro ũyũ kĩbaũ-inĩ, na ũwandĩke ibuku-inĩ rĩa gĩkũnjo, nĩgeetha ũgaatuĩka ũira wa gũtũũra matukũ marĩa magooka.","Now go, write it before them on a tablet, and inscribe it in a book, that it may be for the time to come forever and ever."
Isaiah 30:9,"Nĩgũkorwo aya nĩ andũ aremi na nĩ ciana itũire iheenanagia, ciana itendaga gũthikĩrĩria ũtaaro wa Jehova.","For it is a rebellious people, lying children, children who will not hear Yahweh’s law;"
Isaiah 30:10,"Nacio ciĩraga ooni-maũndũ atĩrĩ, “Mũtigatuonere maũndũ mangĩ!” na ikeera anabii atĩrĩ, “Tigai gũtũrathĩra maũndũ ma ũhoro wa ma! Twĩragei maũndũ marĩa mangĩtũkenia, na mũtũrathagĩre maũndũ ma maheeni.","who tell the seers, “Don’t see!” and the prophets, “Don’t prophesy to us right things. Tell us pleasant things. Prophesy deceits."
Isaiah 30:11,"Eherai njĩra-inĩ ĩno, muume gacĩra-inĩ gaka, na mũtige gũtwĩra ũhoro wa Ũrĩa Mũtheru wa Isiraeli!”",Get out of the way. Turn away from the path. Cause the Holy One of Israel to cease from before us.”
Isaiah 30:12,"Nĩ ũndũ ũcio Ũrĩa Mũtheru wa Isiraeli ekuuga atĩrĩ: “Tondũ nĩmũregete ndũmĩrĩri ĩno, mũkehoka ũhinyanĩrĩria, na mũgatua maheeni kĩndũ gĩa gwĩtiiranagia nakĩo,","Therefore the Holy One of Israel says, “Because you despise this word, and trust in oppression and perverseness, and rely on it,"
Isaiah 30:13,"rĩhia rĩĩrĩ rĩgũtuĩka ta rũthingo rũraihu na igũrũ, rũrĩ na mwatũka ũrĩa ũikaraga o ũkĩaramaga, rũrĩa rũmomokaga o narua, o rĩmwe.","therefore this iniquity shall be to you like a breach ready to fall, swelling out in a high wall, whose breaking comes suddenly in an instant."
Isaiah 30:14,"Rũkoinĩkanga tũcunjĩ ta nyũngũ, rũthethereke rũtegũcaĩrwo, ũndũ hakaaga gacunjĩ o na kamwe gakoneka kangĩruta mwaki riiko, kana kangĩtaha maaĩ kuuma gĩthima-inĩ.”","He will break it as a potter’s vessel is broken, breaking it in pieces without sparing, so that there won’t be found among the broken pieces a piece good enough to take fire from the hearth, or to dip up water out of the cistern.”"
Isaiah 30:15,"Mwathani Jehova Ũrĩa Mũtheru wa Isiraeli ekuuga atĩrĩ: “Njĩra ĩrĩa ĩngĩtũma mũhonoke no ya kwĩrira na gũikara mũtegwĩtanga, naguo hinya ũrĩa mũkaagĩa naguo ũkooneka nĩ ũndũ wa gũikara mũhooreire na kwĩhoka, no macio mothe nĩmũmaregete.","For thus said the Lord Yahweh, the Holy One of Israel, “You will be saved in returning and rest. Your strength will be in quietness and in confidence.” You refused,"
Isaiah 30:16,"Mwoigire atĩrĩ, ‘Aca, nĩtũkoora tũhaicĩte mbarathi.’ Nĩ ũndũ ũcio nĩmũgakĩũra! Ningĩ mũkiuga atĩrĩ, ‘Tũkaahaica mbarathi iria irĩ ihenya mũno tũũre!’ Nĩ ũndũ ũcio arĩa makaamũtengʼeria magaakorwo marĩ na ihenya mũno o nao!","but you said, “No, for we will flee on horses;” therefore you will flee; and, “We will ride on the swift;” therefore those who pursue you will be swift."
Isaiah 30:17,"Andũ ngiri makoora nĩ kũmakio nĩ mũndũ ũmwe; na inyuĩ inyuothe mũũre nĩ kũmakio nĩ andũ atano, nginya mũtigwo mũhaana ta mũtĩ wa bendera ũrĩ kĩrĩma-igũrũ, o na ta bendera ĩrĩ karĩma-igũrũ.”","One thousand will flee at the threat of one. At the threat of five, you will flee until you are left like a beacon on the top of a mountain, and like a banner on a hill."
Isaiah 30:18,"O na gũtariĩ ũguo-rĩ, Jehova eriragĩria kũmũtuga; arahũkaga nĩguo amũiguĩre tha. Nĩgũkorwo Jehova nĩ Ngai ũtuanagĩra ciira na kĩhooto. Kũrathimwo-rĩ, nĩ arĩa othe mamwetagĩrĩra.","Therefore Yahweh will wait, that he may be gracious to you; and therefore he will be exalted, that he may have mercy on you, for Yahweh is a God of justice. Blessed are all those who wait for him."
Isaiah 30:19,"Inyuĩ andũ a Zayuni, o inyuĩ mũtũũraga Jerusalemu, mũtigacooka kũrĩra. Hĩ, kaĩ nĩakamũtuga rĩrĩa mũkaamũkaĩra amũteithie-ĩ! Na rĩrĩa akaamũigua nĩakamwĩtĩka.","For the people will dwell in Zion at Jerusalem. You will weep no more. He will surely be gracious to you at the voice of your cry. When he hears you, he will answer you."
Isaiah 30:20,"O na gũtuĩka Mwathani nĩamũheaga irio cia thĩĩna na maaĩ ma mĩnyamaro-rĩ, arutani anyu matigacooka kũhithwo rĩngĩ; mũkaameyonera na maitho manyu.","Though the Lord may give you the bread of adversity and the water of affliction, yet your teachers won’t be hidden any more, but your eyes will see your teachers;"
Isaiah 30:21,"O na mũngĩkagarũrũka na mwena wa ũrĩo kana wa ũmotho, matũ manyu nĩmakaiguaga mũgambo thuutha wanyu ũkiuga atĩrĩ, “Ĩno nĩyo njĩra; gererai yo.”","and when you turn to the right hand, and when you turn to the left, your ears will hear a voice behind you, saying, “This is the way. Walk in it.”"
Isaiah 30:22,"Ningĩ nĩmũgathaahia mĩhianano yanyu ya kũhooywo ĩrĩa ĩgemetio na betha igũrũ, na mĩhiano yanyu ĩrĩa ĩgemetio na thahabu igũrũ; mũkaamĩte ta taama ũrĩ thaahu wa mũndũ-wa-nja hĩndĩ ya mweri, mũmĩĩre atĩrĩ, “Thiĩi na kũu muume haha!”","You shall defile the overlaying of your engraved images of silver, and the plating of your molten images of gold. You shall cast them away as an unclean thing. You shall tell it, “Go away!”"
Isaiah 30:23,"Ningĩ nĩakamuurĩria mbura nĩ ũndũ wa mbeũ iria mũhaandĩte mĩgũnda, nacio irio iria ikoima mĩgũnda ĩyo igaakorwo irĩ njega na ikaingĩha. Hĩndĩ ĩyo ngʼombe cianyu ikaarĩithagio kũndũ kũrĩ ũrĩithio mwariĩ mũno.","He will give the rain for your seed, with which you will sow the ground; and bread of the increase of the ground will be rich and plentiful. In that day, your livestock will feed in large pastures."
Isaiah 30:24,"Ndegwa na ndigiri iria ikaarĩmaga mĩgũnda ikaarĩĩaga mahuti mathuuranĩre na irio huhe, ciaraganĩtio na hũũma na iciko cia tĩĩri.","The oxen likewise and the young donkeys that till the ground will eat savory feed, which has been winnowed with the shovel and with the fork."
Isaiah 30:25,"Mũthenya ũcio gũkooraganwo mũno, rĩrĩa mĩthiringo ĩrĩa mĩraihu na igũrũ ĩkaamomoka, tũrũũĩ nĩtũgaatherera kuuma kĩrĩma-inĩ o gĩothe kĩraihu na karĩma o gothe gatũũgĩru.","There will be brooks and streams of water on every lofty mountain and on every high hill in the day of the great slaughter, when the towers fall."
Isaiah 30:26,"Naguo mweri ũkaara ta riũa, na ũtheri wa riũa ũnenehio maita mũgwanja, ũhaane ta ũtheri wa mĩthenya mũgwanja mĩgima, rĩrĩa Jehova akooha nguraro cia andũ ake na amahonie ironda iria aamatiihirie.","Moreover the light of the moon will be like the light of the sun, and the light of the sun will be seven times brighter, like the light of seven days, in the day that Yahweh binds up the fracture of his people, and heals the wound they were struck with."
Isaiah 30:27,"Atĩrĩrĩ, Rĩĩtwa rĩa Jehova rĩrooka riumĩte kũraya, rĩrĩ na marakara mahiũ na matu mathimbu ma ndogo; nacio iromo ciake ciyũrĩtwo nĩ mangʼũrĩ, na rũrĩmĩ rwake nĩ mwaki ũniinanaga.","Behold, Yahweh’s name comes from far away, burning with his anger, and in thick rising smoke. His lips are full of indignation. His tongue is as a devouring fire."
Isaiah 30:28,Mĩhũmũ yake nĩ ta rũũĩ rũratherera na hinya rũkambata rũgakinya o nginya ngingo. Athũngũthagia ndũrĩrĩ gĩcungi-inĩ kĩa mwanangĩko; ekagĩra andũ matamu kanua nĩgeetha amahĩtithie.,"His breath is as an overflowing stream that reaches even to the neck, to sift the nations with the sieve of destruction. A bridle that leads to ruin will be in the jaws of the peoples."
Isaiah 30:29,"Na inyuĩ nĩmũkaina, ta ũrĩa mũinaga ũtukũ ũrĩa mũkũngũyagĩra gĩathĩ kĩrĩa kĩamũre; nacio ngoro cianyu nĩigakena ta ũrĩa andũ makenaga makĩambata kĩrĩma kĩa Jehova makĩhuhaga mĩtũrirũ, o ũcio Rwaro-rwa-Ihiga rwa Isiraeli.","You will have a song, as in the night when a holy feast is kept, and gladness of heart, as when one goes with a flute to come to Yahweh’s mountain, to Israel’s Rock."
Isaiah 30:30,"Jehova nĩagatũma mũgambo wake ũrĩ riiri ũiguuo nĩ andũ, na nĩagatũma mone guoko gwake gũgĩikũrũka, arĩ na marakara maingĩ na mwaki wa kũniinana, hamwe na mbura ya marurumĩ, na kĩhuhũkanio, na mbura ya mbembe.","Yahweh will cause his glorious voice to be heard, and will show the descent of his arm, with the indignation of his anger and the flame of a devouring fire, with a blast, storm, and hailstones."
Isaiah 30:31,"Mũgambo wa Jehova nĩũgathethera Ashuri; nĩakamagũtha na rũthanju rwake, amaniine magũe.",For through Yahweh’s voice the Assyrian will be dismayed. He will strike him with his rod.
Isaiah 30:32,"Igũtha o rĩothe rĩrĩa Jehova akaamagũtha na rũthanju rwake rwa kũherithania-rĩ, rĩkaahaana ta rwĩmbo rũrainwo na tũhembe na inanda cia mũgeeto, akĩrũa mbaara nao ategũtigithĩria kũmahũũra na guoko gwake.","Every stroke of the rod of punishment, which Yahweh will lay on him, will be with the sound of tambourines and harps. He will fight with them in battles, brandishing weapons."
Isaiah 30:33,"Tofeti gũtũũrĩĩte kũhaarĩirio; gũthondeketwo nĩ ũndũ wa mũthamaki. Irima rĩakuo rĩa mwaki nĩirikie na rĩkaaramio, narĩo rĩrĩ na mwaki mũingĩ na ngũ nyingĩ, nayo mĩhũmũ ya Jehova nĩyo ĩraakia mwaki ũcio, ĩhaana ta rũũĩ rwa ũbiriti.","For his burning place has long been ready. Yes, it is prepared for the king. He has made its pyre deep and large with fire and much wood. Yahweh’s breath, like a stream of sulfur, kindles it."
Isaiah 31:1,"Kaĩ arĩa maikũrũkaga magathiĩ bũrũri wa Misiri gwetha ũteithio marĩ na haaro-ĩ, o acio mehokaga hinya wa mbarathi, na makehoka ũingĩ wa ngaari cia ita, na makehoka hinya mũnene wa andũ arĩa mathiiaga mahaicĩte mbarathi, na makaaga gũcũthĩrĩria Ũrĩa Mũtheru wa Isiraeli, o na makaaga gũcaria ũteithio kuuma kũrĩ Jehova.","Woe to those who go down to Egypt for help, and rely on horses, and trust in chariots because they are many, and in horsemen because they are very strong, but they don’t look to the Holy One of Israel, and they don’t seek Yahweh!"
Isaiah 31:2,"No rĩrĩ, o nake Jehova nĩ mũũgĩ na no amarehithĩrie mwanangĩko, nĩgũkorwo ndericũkagwo ũrĩa oigĩte. We nĩakarahũka okĩrĩre nyũmba ya andũ arĩa aaganu, na okĩrĩre arĩa mateithagĩrĩria andũ arĩa mekaga maũndũ mooru.","Yet he also is wise, and will bring disaster, and will not call back his words, but will arise against the house of the evildoers, and against the help of those who work iniquity."
Isaiah 31:3,"No rĩrĩ, andũ a Misiri no andũ tu, na ti Mũrungu; nacio mbarathi ciao no nyama na itirĩ roho thĩinĩ wacio. Rĩrĩa Jehova aatambũrũkia guoko gwake, ũcio ũteithanagia nĩahĩngagwo, na ũcio ũteithagio nĩagũũaga; nao eerĩ makaaniinwo hamwe.","Now the Egyptians are men, and not God; and their horses flesh, and not spirit. When Yahweh stretches out his hand, both he who helps shall stumble, and he who is helped shall fall, and they all shall be consumed together."
Isaiah 31:4,"Jehova anjĩĩrĩte atĩrĩ: “O ta ũrĩa mũrũũthi ũraramaga, mũrũũthi njamba ũkĩrĩa nyamũ ĩrĩa ũnyiitĩte, na ndũmakagio nĩ mĩgambo ya arĩithi o na mokĩte marĩ gĩkundi kĩnene metĩtwo hamwe nĩguo maũũkĩrĩre, kana wĩtigĩre nĩ ũndũ wa inegene rĩao-rĩ, ũguo noguo Jehova Mwene-Hinya-Wothe agaikũrũka, arũe arĩ kũu Kĩrĩma-inĩ gĩa Zayuni, o na ciambatĩro ciakĩo.","For Yahweh says to me, “As the lion and the young lion growling over his prey, if a multitude of shepherds is called together against him, will not be dismayed at their voice, nor abase himself for their noise, so Yahweh of Armies will come down to fight on Mount Zion and on its heights."
Isaiah 31:5,"O ta ũrĩa nyoni ĩreeraga rĩera-inĩ, ũguo noguo Jehova Mwene-Hinya-Wothe akaagitĩra itũũra rĩa Jerusalemu; akaarĩgitĩra na arĩkũũre, ‘akaahĩtũkĩra igũrũ rĩa rĩo’ nĩguo arĩhonokie.”","As birds hovering, so Yahweh of Armies will protect Jerusalem. He will protect and deliver it. He will pass over and preserve it.”"
Isaiah 31:6,"Inyuĩ andũ a Isiraeli-rĩ, cookererai ũcio mũtũire mũremeire mũno.","Return to him from whom you have deeply revolted, children of Israel."
Isaiah 31:7,Nĩgũkorwo mũthenya ũcio o mũndũ wanyu nĩagatee mĩhianano ya betha na ya thahabu ĩrĩa mwĩthondekeire na moko manyu ĩgatũma mwĩhie.,For in that day everyone shall cast away his idols of silver and his idols of gold—sin which your own hands have made for you.
Isaiah 31:8,"“Andũ a Ashuri makooragwo na rũhiũ rwa njora no ti rwa mũndũ; rũhiũ rwa njora nĩruo rũkaamaniina biũ, no ti rwa andũ. Nĩmakoorĩra rũhiũ rũu rwa njora, na aanake ao makaanyiitwo, marutithio wĩra na hinya.","“The Assyrian will fall by the sword, not of man; and the sword, not of mankind, shall devour him. He will flee from the sword, and his young men will become subject to forced labor."
Isaiah 31:9,"Nacio ciĩhitho ciao cia hinya nĩikaagũa nĩ ũndũ wa guoya; nao anene ao a ita moona bendera ya ita nĩmakamaka mũno,” ũguo nĩguo Jehova ekuuga, ũrĩa wakĩtie mwaki wake Zayuni, o na icua rĩake rĩa mwaki rĩrĩ kũu Jerusalemu.","His rock will pass away by reason of terror, and his princes will be afraid of the banner,” says Yahweh, whose fire is in Zion, and his furnace in Jerusalem."
Isaiah 32:1,"Atĩrĩrĩ, nĩgũkagĩa mũthamaki wa gũthamaka na ũthingu, na kũgĩe na anene a gwathana na kĩhooto.","Behold, a king shall reign in righteousness, and princes shall rule in justice."
Isaiah 32:2,"O mũndũ agaatuĩka ta handũ ha kwĩgitia rũhuho, na ha kwĩyũa mbura ya kĩhuhũkanio, o na atuĩke ta tũrũũĩ twa maaĩ tũgũtherera werũ-inĩ, o na ta kĩĩruru kĩa rwaro rũnene rwa ihiga bũrũri-inĩ ũrĩ na nyoota.","A man shall be as a hiding place from the wind, and a covert from the storm, as streams of water in a dry place, as the shade of a large rock in a weary land."
Isaiah 32:3,"Namo maitho ma andũ arĩa moonaga matikaahingwo mage kuona, namo matũ ma arĩa maiguaga nĩmagathikĩrĩria.","The eyes of those who see will not be dim, and the ears of those who hear will listen."
Isaiah 32:4,"Mũndũ ũrĩa ũhĩkaga gwĩka maũndũ ateciirĩtie wega, nĩakamenya maũndũ na ataũkĩrwo nĩmo, naruo rũrĩmĩ rũrĩa rũtondoiraga nĩrũkaaria o wega.","The heart of the rash will understand knowledge, and the tongue of the stammerers will be ready to speak plainly."
Isaiah 32:5,"Gũtirĩ hĩndĩ ĩngĩ mũndũ mũkĩĩgu agaacooka kũgĩa igweta, kana kĩmaramari gĩcooke gũtĩĩo mũno.","The fool will no longer be called noble, nor the scoundrel be highly respected."
Isaiah 32:6,"Nĩgũkorwo mũndũ mũkĩĩgu aragia ũrimũ, na meciiria make mathugundaga maũndũ mooru: Mũndũ ũcio ekaga maũndũ matarĩ ma ũ-ngai, na akamemerekia maũndũ ma gũcambia Jehova; arĩa ahũtu amatigaga matarĩ na gĩa kũrĩa, na arĩa anyootu akamaima maaĩ ma kũnyua.","For the fool will speak folly, and his heart will work iniquity, to practice profanity, and to utter error against Yahweh, to make empty the soul of the hungry, and to cause the drink of the thirsty to fail."
Isaiah 32:7,"Mĩthiĩre ya mũndũ kĩmaramari no ya waganu, athugundaga o maũndũ mooru ma kũniinithia andũ arĩa athĩĩni na ũhoro wa maheeni, o na rĩrĩa mathaithana ma mũbatari marĩ ma kĩhooto.","The ways of the scoundrel are evil. He devises wicked plans to destroy the humble with lying words, even when the needy speaks right."
Isaiah 32:8,"No rĩrĩ, mũndũ ũrĩa mũtaana eciiragia o maũndũ ma ũtugi, na maũndũ macio ma ũtugi nĩmo egũtũũra ekaga.","But the noble devises noble things, and he will continue in noble things."
Isaiah 32:9,"Atĩrĩrĩ inyuĩ andũ-a-nja aya mũtarĩ ũndũ ũmũthĩĩnagia, arahũkai mũthikĩrĩrie mũgambo wakwa; o na inyuĩ airĩtu aya mũtarĩ ũndũ mwĩtigagĩra, ta iguai ũrĩa nguuga!","Rise up, you women who are at ease! Hear my voice! You careless daughters, give ear to my speech!"
Isaiah 32:10,"Mwaka na matukũ matarĩ maingĩ maathira-rĩ, inyuĩ mũtarĩ ũndũ mwĩtigagĩra, nĩmũkainaina; nĩgũkorwo gũtigakorwo na magetha ma thabibũ, o na kana gũkorwo na magetha mangĩ.","For days beyond a year you will be troubled, you careless women; for the vintage will fail. The harvest won’t come."
Isaiah 32:11,"Atĩrĩrĩ, inyuĩ andũ-a-nja aya mũtarĩ ũndũ ũmũthĩĩnagia, inainai nĩ kũmaka; inainai inyuĩ airĩtu aya mũtarĩ ũndũ mwĩtigagĩra! Rutai nguo cianyu mũtigwo njaga, mũcooke mwĩohe makũnia njohero.","Tremble, you women who are at ease! Be troubled, you careless ones! Strip yourselves, make yourselves naked, and put sackcloth on your waist."
Isaiah 32:12,"Mwĩhũũrei ithũri, mũrĩrĩre mĩgũnda yanyu ĩrĩa mĩega, o na mĩthabibũ ĩrĩa ĩciaraga mũno,","Beat your breasts for the pleasant fields, for the fruitful vine."
Isaiah 32:13,"na mũrĩrĩre bũrũri wa andũ akwa, ũcio ũmerete mĩigua na congʼe: ĩĩ ti-itherũ, cakaĩrai nyũmba ciothe cia ikeno, na itũũra rĩrĩa inene rĩrĩ na ndũhiũ cia arĩĩu.","Thorns and briers will come up on my people’s land; yes, on all the houses of joy in the joyous city."
Isaiah 32:14,"Nĩgũkorwo ciĩgitĩro iria nũmu nĩigatiganĩrio, narĩo itũũra rĩu inene rĩiyũrĩte andũ rĩtigwo ũtheri; o na nyũmba ya mũthamaki na mũthiringo mũraihu igaatuĩka bũrũri ũteanĩirio nginya tene, gũtuĩke bũrũri wa gũtũũhagwo nĩ ndigiri, na ũrĩithio wa ndũũru cia mbũri,","For the palace will be forsaken. The populous city will be deserted. The hill and the watchtower will be for dens forever, a delight for wild donkeys, a pasture of flocks,"
Isaiah 32:15,"nginya rĩrĩa tũgaitĩrĩrio Roho kuuma igũrũ, naguo werũ ũgarũrwo ũtuĩke mũgũnda mũnoru, na mũgũnda ũcio mũnoru ũhaane ta mũtitũ.","until the Spirit is poured on us from on high, and the wilderness becomes a fruitful field, and the fruitful field is considered a forest."
Isaiah 32:16,"Ciira ũgaatũũra ũtuagwo na kĩhooto kũu werũ-inĩ, naguo ũthingu ũtũũre kũu mũgũnda-inĩ ũcio mũnoru.",Then justice will dwell in the wilderness; and righteousness will remain in the fruitful field.
Isaiah 32:17,Maciaro ma ũthingu ũcio nĩ thayũ; naguo uumithio wa ũthingu ũgaakorwo ũrĩ ũhooreri na kwĩhoka Ngai nginya tene.,"The work of righteousness will be peace, and the effect of righteousness, quietness and confidence forever."
Isaiah 32:18,"Andũ akwa magaatũũraga ciikaro cia thayũ, matũũre kũndũ gũtarĩ ũgwati, na mahurũkage kũndũ gũtarĩ na thĩĩna.","My people will live in a peaceful habitation, in safe dwellings, and in quiet resting places,"
Isaiah 32:19,"O na mbura ya mbembe ĩngĩgũithia mĩtĩ ya mũtitũ thĩ, narĩo itũũra inene rĩaraganio biũ-rĩ,","though hail flattens the forest, and the city is leveled completely."
Isaiah 32:20,"kaĩ inyuĩ nĩmũkarathimwo-ĩ, mũhaandage mbegũ cianyu gũkuhĩ na tũrũũĩ, nacio ngʼombe na ndigiri cianyu irĩithagio kũndũ guothe.","Blessed are you who sow beside all waters, who send out the feet of the ox and the donkey."
Isaiah 33:1,"Atĩrĩrĩ wee mwanangi ũyũ, o wee ũtarĩ wanangwo, kaĩ ũrĩ na haaro-ĩ! Wee mũkunyanĩri ũyũ, o wee ũtarĩ wakunyanĩrwo, kaĩ ũrĩ na haaro-ĩ! Rĩrĩa ũgaatiga kwanangana, nĩguo nawe ũkaanangwo, na ningĩ rĩrĩa ũgaatiga gũkunyanĩra, nĩguo nawe ũgaakunyanĩrwo.","Woe to you who destroy, but you weren’t destroyed, and who betray, but nobody betrayed you! When you have finished destroying, you will be destroyed; and when you have finished betrayal, you will be betrayed."
Isaiah 33:2,"Wee Jehova, tũiguĩre tha; wee nĩwe twetagĩrĩra. Tuĩka hinya witũ rũciinĩ o rũciinĩ, na ũtuĩke ũhonokio witũ hĩndĩ ya mĩnyamaro.","Yahweh, be gracious to us. We have waited for you. Be our strength every morning, our salvation also in the time of trouble."
Isaiah 33:3,"Andũ nĩ kũũra mooraga maigua mũrurumo wa mũgambo waku; warahũka-rĩ, ndũrĩrĩ nĩihurunjũkaga.","At the noise of the thunder, the peoples have fled. When you lift yourself up, the nations are scattered."
Isaiah 33:4,"Indo cianyu iria igaakorwo itahĩtwo, inyuĩ ndũrĩrĩ, ikoingũrũrio itahwo, o ta ũrĩa ciana cia ngigĩ ciũngũrũragia; andũ magaacitharĩkĩra ta ũrĩa mĩrumbĩ ya ngigĩ ĩtharĩkagĩra mĩgũnda.",Your plunder will be gathered as the caterpillar gathers. Men will leap on it as locusts leap.
Isaiah 33:5,"Jehova nĩatũũgĩrĩtio, nĩgũkorwo atũũraga igũrũ; nake nĩakaiyũria Zayuni na ciira wa kĩhooto na ũthingu.","Yahweh is exalted, for he dwells on high. He has filled Zion with justice and righteousness."
Isaiah 33:6,"Nĩwe ũgaatuĩka gĩtina kĩrũmu matukũ-inĩ maku, na atuĩke kĩgĩĩna kĩa ũhoro mũingĩ wa ũhonokio, na ũũgĩ, na ũmenyi wa maũndũ; na ũhoro wa gwĩtigĩra Jehova nĩguo ũgaakorwo ũrĩ mũthiithũ wa ma.","There will be stability in your times, abundance of salvation, wisdom, and knowledge. The fear of Yahweh is your treasure."
Isaiah 33:7,"Atĩrĩrĩ, andũ ao arĩa njamba mararĩrĩra njĩra-inĩ maanĩrĩire; nao mabarũthi mao ma thayũ maraarĩra na kĩgirĩko kĩnene.","Behold, their valiant ones cry outside; the ambassadors of peace weep bitterly."
Isaiah 33:8,"Barabara iria njariĩ itigĩtwo itarĩ andũ, na agendi magatiga kũgerera njĩra icio. Kĩrĩkanĩro kĩrĩa maarĩkanĩire nĩgĩthũkie, na aira a kĩo makanyararwo, gũtirĩ o na mũndũ ũmwe ũraheo gĩtĩĩo.",The highways are desolate. The traveling man ceases. The covenant is broken. He has despised the cities. He doesn’t respect man.
Isaiah 33:9,"Bũrũri nĩũracakaya na ũgathirĩrĩkĩra, nakuo kũu Lebanoni nĩgũconorithĩtio na mĩtĩ yakuo ĩkahooha. Sharoni nakuo kũhanĩte ta werũ wa Araba, nakuo Bashani na Karimeli gũgaita mathangũ makuo.","The land mourns and languishes. Lebanon is confounded and withers away. Sharon is like a desert, and Bashan and Carmel are stripped bare."
Isaiah 33:10,"Jehova ekuuga atĩrĩ, “Rĩu nĩngwarahũka, rĩu nĩngũtũũgĩrio; rĩu nĩngwambarario na igũrũ.","“Now I will arise,” says Yahweh. “Now I will lift myself up. Now I will be exalted."
Isaiah 33:11,"Inyuĩ mũkaagĩa nda cia maragara, mũciare rũũa rwa ngano; nayo mĩhũmũ yanyu ĩtuĩkĩte mwaki wa kũmũcina.",You will conceive chaff. You will give birth to stubble. Your breath is a fire that will devour you.
Isaiah 33:12,Andũ a ndũrĩrĩ magaacinwo mahaane ta coka; magaacinwo na mwaki o ta ihinga cia mĩigua itemetwo.”,"The peoples will be like the burning of lime, like thorns that are cut down and burned in the fire."
Isaiah 33:13,"Atĩrĩrĩ inyuĩ andũ arĩa mũrĩ kũraya, ta thikĩrĩriai mũigue ũrĩa njĩkĩte; na inyuĩ mũrĩ gũkuhĩ umbũrai ũhoro wa hinya wakwa.","Hear, you who are far off, what I have done; and, you who are near, acknowledge my might.”"
Isaiah 33:14,"Ehia arĩa marĩ kũu Zayuni nĩmamakĩte; nao andũ arĩa matooĩ Ngai nĩkũinaina marainaina, makoiga atĩrĩ, “Nũũ witũ ũngĩtũũrania na mwaki ũrĩa ũcinanaga? Ningĩ nũũ witũ ũngĩtũũrania na mwaki ũtakahora nginya tene?”",The sinners in Zion are afraid. Trembling has seized the godless ones. Who among us can live with the devouring fire? Who among us can live with everlasting burning?
Isaiah 33:15,"Nĩ mũndũ ũrĩa ũthiiaga na mĩthiĩre ya ũthingu na akaaria ũhoro ũrĩa wagĩrĩire, o we ũtangĩoya uumithio uumanĩte na ũhinyanĩrĩria, na akagirĩrĩria guoko gwake kwamũkĩre mahaki, o ũcio ũgiragĩrĩria matũ make kũigua ndeto cia gũciirĩra ũragani, na akahinga maitho make matikerorere maũndũ mooru.","He who walks righteously and speaks blamelessly, he who despises the gain of oppressions, who gestures with his hands, refusing to take a bribe, who stops his ears from hearing of bloodshed, and shuts his eyes from looking at evil—"
Isaiah 33:16,"Ũcio nĩwe mũndũ ũrĩa ũgaatũũra kũndũ kũrĩa gũtũũgĩru, ũrĩa kĩĩhitho gĩake gĩgaakorwo kĩrĩ kĩirigo kĩrũmu kũu kĩrĩma-inĩ. Nĩakaheagwo irio ciake, na maaĩ make gũtirĩ hĩndĩ makaaga.",he will dwell on high. His place of defense will be the fortress of rocks. His bread will be supplied. His waters will be sure.
Isaiah 33:17,"Maitho maku nĩmakeyonera mũthamaki arĩ na riiri wake wothe, na wĩrorere bũrũri waramĩte, ũgatambũrũka kũraya ma.",Your eyes will see the king in his beauty. They will see a distant land.
Isaiah 33:18,"Meciiria-inĩ maku nĩũgecũrania ũhoro wa kĩmakania kĩrĩa kĩarĩ ho hau mbere, ũrie atĩrĩ: “Mũtongoria ũrĩa mũnene arĩ ha? Nake mũndũ ũrĩa wamũkagĩra mbeeca cia igooti rĩa bũrũri arĩ ha? Nake mũnene ũrĩa ũrũgamagĩrĩra mĩthiringo ĩrĩa mĩraihu na igũrũ arĩ ha?”",Your heart will meditate on the terror. Where is he who counted? Where is he who weighed? Where is he who counted the towers?
Isaiah 33:19,"Andũ acio ndũrĩka ndũgacooka kũmona rĩngĩ, o acio maaragia mĩario ĩtangĩiguĩka, na makaaria na rũthiomi rũgeni rũtangĩmenyeka.","You will no longer see the fierce people, a people of a deep speech that you can’t comprehend, with a strange language that you can’t understand."
Isaiah 33:20,"Ta rora Zayuni, itũũra rĩrĩa inene rĩa maruga maitũ; maitho maku nĩmakona Jerusalemu, gĩikaro gĩa thayũ, nĩyo hema ĩrĩa ĩtakenyenyeka; higĩ ciayo itirĩ hĩndĩ ikaamunywo, o na kana mũkanda o na ũmwe wayo ũtuĩke.","Look at Zion, the city of our appointed festivals. Your eyes will see Jerusalem, a quiet habitation, a tent that won’t be removed. Its stakes will never be plucked up, nor will any of its cords be broken."
Isaiah 33:21,"Kũu nĩkuo Jehova Mwene-Hinya agaakorwo hamwe na ithuĩ. Nakuo kũu gũgaatuĩka ta kũndũ kwa njũũĩ njariĩ, o na tũrũũĩ, njũũĩ itakagererio marikabu cia mbaara, kana igererio marikabu iria nene cia iria-inĩ.","But there Yahweh will be with us in majesty, a place of wide rivers and streams, in which no galley with oars will go, neither will any gallant ship pass by there."
Isaiah 33:22,"Nĩgũkorwo Jehova nĩwe wa gũtua ciira, Jehova nĩwe mũtwathi, Jehova nĩwe mũthamaki witũ: we nĩwe ũgaatũhonokia.",For Yahweh is our judge. Yahweh is our lawgiver. Yahweh is our king. He will save us.
Isaiah 33:23,"Mĩkanda yaku nĩmĩregeru, na mũtĩ ũrĩa mũraaya wa marikabu ti mũrũmu, naguo taama wa kũmĩtwarithia timũtambũrũku. Hĩndĩ ĩyo indo nyingĩ cia ndaho nĩ ikaagayanwo, o na andũ arĩa mathuaga nĩmagekuuĩra indo cia ndaho.",Your rigging is untied. They couldn’t strengthen the foot of their mast. They couldn’t spread the sail. Then the prey of a great plunder was divided. The lame took the prey.
Isaiah 33:24,"Gũtirĩ mũndũ ũtũũraga Zayuni ũkoiga atĩrĩ, “Niĩ ndĩ mũrũaru”; nao andũ arĩa matũũraga kuo nĩmakarekerwo mehia mao.","The inhabitant won’t say, “I am sick.” The people who dwell therein will be forgiven their iniquity."
Isaiah 34:1,"Atĩrĩrĩ, inyuĩ ndũrĩrĩ, ũkai hakuhĩ mũthikĩrĩrie; o na inyuĩ andũ a mabũrũri tegai matũ mũigue! Thĩ o nayo nĩĩigue, o na kĩrĩa gĩothe kĩrĩ kuo, o hamwe na mabũrũri, na kĩrĩa gĩothe kiumaga kuo!","Come near, you nations, to hear! Listen, you peoples. Let the earth and all it contains hear, the world, and everything that comes from it."
Isaiah 34:2,"Nĩgũkorwo Jehova nĩarakarĩire ndũrĩrĩ ciothe; mangʼũrĩ make marĩ kũrĩ mbũtũ ciao ciothe cia ita. Nĩagaciniina ithire biũ, nĩagacineana ciũragwo.","For Yahweh is enraged against all the nations, and angry with all their armies. He has utterly destroyed them. He has given them over for slaughter."
Isaiah 34:3,"Andũ arĩa moragĩtwo magaateo o ro ũguo, na mũnungo wa ciimba ciao wambate na igũrũ; nacio irĩma ihaane ta irindĩtwo nĩ thakame yao.","Their slain will also be cast out, and the stench of their dead bodies will come up. The mountains will melt in their blood."
Isaiah 34:4,"Njata ciothe cia igũrũ nĩigathira, narĩo igũrũ rĩkũnjwo o ta ibuku rĩa gĩkũnjo; nayo mbũtũ ya njata cia matu-inĩ ĩgwe o ta ũrĩa mathangũ ma mũthabibũ maahooha magũũaga, na o ta ũrĩa ngũyũ ciahooha igũũaga kuuma mũkũyũ-inĩ.","All of the army of the sky will be dissolved. The sky will be rolled up like a scroll, and all its armies will fade away, as a leaf fades from off a vine or a fig tree."
Isaiah 34:5,"Rũhiũ rwakwa rwa njora rũnyuĩte rũkanyootoka rũrĩ o kũu matu-inĩ; ta rora, rũraikũrũkĩra Edomu rũrĩ na ituĩro, o andũ acio niinĩte biũ.","For my sword has drunk its fill in the sky. Behold, it will come down on Edom, and on the people of my curse, for judgment."
Isaiah 34:6,"Rũhiũ rwa njora rwa Jehova rũiyũrĩtwo nĩ thakame, na rũkahumbĩrwo nĩ maguta: nĩ thakame ya tũtũrũme na ya mbũri, na maguta ma higo cia ndũrũme. Nĩgũkorwo Jehova arĩ na igongona kũu Bozara, na kũũragana kũnene kũu Edomu.","Yahweh’s sword is filled with blood. It is covered with fat, with the blood of lambs and goats, with the fat of the kidneys of rams; for Yahweh has a sacrifice in Bozrah, and a great slaughter in the land of Edom."
Isaiah 34:7,"Nacio mbogo nĩikooraganĩrio hamwe, o na tũtegwa na ndegwa iria nene. Bũrũri wao nĩũgaacagacio nĩ thakame, naruo rũkũngũ rũrindwo nĩ maguta.","The wild oxen will come down with them, and the young bulls with the mighty bulls; and their land will be drunken with blood, and their dust made greasy with fat."
Isaiah 34:8,"Nĩgũkorwo Jehova arĩ na mũthenya wa kwĩrĩhĩria, arĩ na mwaka wa kũherithania, nĩguo arũĩrĩre kĩhooto gĩa Zayuni.","For Yahweh has a day of vengeance, a year of recompense for the cause of Zion."
Isaiah 34:9,"Tũrũũĩ twa Edomu tũkaagarũrwo tũtuĩke rami, naruo rũkũngũ rwakuo rũtuĩke mwaki wa ũbiriti; naguo bũrũri wake ũtuĩke o ta rami ĩgwakana mwaki!","Its streams will be turned into pitch, its dust into sulfur, and its land will become burning pitch."
Isaiah 34:10,"Naguo mwaki ũcio ndũkahorio mũthenya na ũtukũ; ndogo yaguo ĩgaatũũra ĩtoogaga igũrũ nginya tene. Gũgaakira ihooru njiarwa nginya njiarwa, na gũtirĩ mũndũ ũgaacooka gũtuĩkanĩria kuo rĩngĩ.","It won’t be quenched night or day. Its smoke will go up forever. From generation to generation, it will lie waste. No one will pass through it forever and ever."
Isaiah 34:11,"Ndundu ya werũ-inĩ na ndundu ĩrĩa ĩgambaga nĩikegwatĩra kũndũ kũu; nayo ndundu ĩrĩa nene na ihuru nĩkuo igaaka itara ciacio. Ngai nĩagathima Edomu na gĩthimi gĩa kĩrigiicano, na agũthime na kabirũ ka ihooru.","But the pelican and the porcupine will possess it. The owl and the raven will dwell in it. He will stretch the line of confusion over it, and the plumb line of emptiness."
Isaiah 34:12,"Gũtigakorwo kĩndũ andũ akuo arĩa marĩ igweta mangĩĩta ũthamaki, ariũ a mũthamaki a kũu othe nĩmagathira.","They shall call its nobles to the kingdom, but none shall be there; and all its princes shall be nothing."
Isaiah 34:13,"Mĩigua nĩĩkamerera nyũmba ciakuo cia ũthamaki iria njirigĩre, thabai na mĩtare ĩmere ciĩgitĩro-inĩ ciakuo cia hinya. Gũgaatuĩka ũtũũro wa mbwe, na ciikaro cia ndundu.","Thorns will come up in its palaces, nettles and thistles in its fortresses; and it will be a habitation of jackals, a court for ostriches."
Isaiah 34:14,"Nyamũ cia werũ-inĩ nĩigacemania na hiti, nacio mbũri cia gĩthaka nĩikananĩria; kũu nĩkuo nyamũ cia ũtukũ igaakomaga, na ciĩyonere gwa kũhurũka.","The wild animals of the desert will meet with the wolves, and the wild goat will cry to his fellow. Yes, the night creature† shall settle there, and shall find herself a place of rest."
Isaiah 34:15,"Ndundu nĩĩgaka gĩtara kũu, ĩrekagĩrie matumbĩ mayo kuo, nĩĩkamatũrĩkia na ĩrere njui ciayo rungu rwa mathagu mayo; ningĩ kũu nokuo hũngũ ikoongana igĩrĩ igĩrĩ, o njamba na nga yayo.","The arrow snake will make her nest there, and lay, hatch, and gather under her shade. Yes, the kites will be gathered there, every one with her mate."
Isaiah 34:16,"Atĩrĩrĩ, tuĩriai ũhoro ibuku-inĩ rĩa gĩkũnjo rĩa Jehova, na mũrĩthome: Gũtirĩ nyamũ o na ĩmwe yacio ĩkaaga kuoneka kuo, na gũtirĩ njamba ĩkaaga nga yayo. Nĩgũkorwo nĩ kanua ka Jehova gaathanĩte ũguo, na Roho wake nĩwe ũgacicookanĩrĩria.","Search in the book of Yahweh, and read: not one of these will be missing. None will lack her mate. For my mouth has commanded, and his Spirit has gathered them."
Isaiah 34:17,"Nĩwe ũcigayagĩra igai rĩacio; guoko gwake gũciheaga kĩrĩa acithimĩire. Nĩikegwatĩra igai rĩu rĩtuĩke rĩacio nginya tene, na itũũre kuo nginya njiarwa na njiarwa.","He has cast the lot for them, and his hand has divided it to them with a measuring line. They shall possess it forever. From generation to generation they will dwell in it."
Isaiah 35:1,"Atĩrĩ, werũ ũtarĩ kĩndũ na bũrũri ũrĩa mũũmũ nĩigakena; werũ nĩũgakena na ũcanũke. O ta mahũa ma nyeki-inĩ,",The wilderness and the dry land will be glad. The desert will rejoice and blossom like a rose.
Isaiah 35:2,"werũ nĩũkaruta kĩro kĩingĩ; nĩũgakena mũno, na wanĩrĩre nĩ gũkena. Nĩũkaheo riiri o ta wa Lebanoni, na ũheo ũkengi o ta wa Karimeli, na wa Sharoni; nĩmakona riiri wa Jehova, na mone ũkengi wa Ngai witũ.","It will blossom abundantly, and rejoice even with joy and singing. Lebanon’s glory will be given to it, the excellence of Carmel and Sharon. They will see Yahweh’s glory, the excellence of our God."
Isaiah 35:3,"Ĩkĩrai hinya moko marĩa maregeru, na maru marĩa maregerete mũtũme marũgame wega;","Strengthen the weak hands, and make the feeble knees firm."
Isaiah 35:4,"andũ arĩa marĩ na guoya ngoro meerei atĩrĩ, “Mwĩyũmĩrĩriei, tigai gwĩtigĩra; atĩrĩ, Ngai wanyu nĩagooka, na agooka na ũhoro wa kũrĩhanĩria; nĩwe ũgooka na iherithia rĩa Ngai, ooke kũmũhonokia.”","Tell those who have a fearful heart, “Be strong! Don’t be afraid! Behold, your God will come with vengeance, God’s retribution. He will come and save you."
Isaiah 35:5,"Hĩndĩ ĩyo maitho ma atumumu nĩmakahingũka, na matũ ma andũ arĩa mataiguaga macooke kũigua.","Then the eyes of the blind will be opened, and the ears of the deaf will be unstopped."
Isaiah 35:6,"Hĩndĩ ĩyo mũndũ ũrĩa ũthuaga nĩakarũgarũga ta thwariga, na rũrĩmĩ rũrĩa rũtaaragia rwanĩrĩre nĩ gũkena. Namo maaĩ nĩmagatherũka kuuma werũ-inĩ, natuo tũrũũĩ tũtherere werũ-inĩ wa mũthanga.","Then the lame man will leap like a deer, and the tongue of the mute will sing; for waters will break out in the wilderness, and streams in the desert."
Isaiah 35:7,"Mũthanga ũrĩa mũhiũ ũgaatuĩka karia ka maaĩ, nayo thĩ ĩyo ngʼaru ĩtherũke ithima cia maaĩ. Imamo iria cianakomwo nĩ mbwe-rĩ, igaakũra nyeki, na ithanjĩ, o na marura.","The burning sand will become a pool, and the thirsty ground springs of water. Grass with reeds and rushes will be in the habitation of jackals, where they lay."
Isaiah 35:8,Nakuo kũu nĩgũkagĩa barabara njariĩ; nayo ĩgeetagwo Njĩra ĩrĩa Nyamũre. Andũ arĩa matarĩ atheru matikamĩgera; ĩgaakorwo ĩrĩ Njĩra ya andũ arĩa mamĩgeraga; nĩ ũndũ ũcio o na andũ akĩĩgu matikamĩhĩtia.,"A highway will be there, a road, and it will be called “The Holy Way”. The unclean shall not pass over it, but it will be for those who walk in the Way. Wicked fools shall not go there."
Isaiah 35:9,"Gũtirĩ mũrũũthi ũgaakorwo njĩra-inĩ ĩyo, o na kana nyamũ o yothe ndĩani ĩmĩgerere; nyamũ icio itikoonekana njĩra-inĩ ĩyo. No rĩrĩ, andũ arĩa makũũrĩtwo nĩo oiki makaamĩgerera,","No lion will be there, nor will any ravenous animal go up on it. They will not be found there; but the redeemed will walk there."
Isaiah 35:10,"nao andũ arĩa akũũre a Jehova nĩmagacooka. Magaatoonya Zayuni makĩinaga; nao nĩmageekĩrwo thũmbĩ ya gĩkeno gĩa tene na tene. Magaakena na macanjamũke, nakĩo kĩeha o na mũcaayo nĩigathira biũ.","Then Yahweh’s ransomed ones will return, and come with singing to Zion; and everlasting joy will be on their heads. They will obtain gladness and joy, and sorrow and sighing will flee away.”"
Isaiah 36:1,"Mwaka wa ikũmi na ĩna wa wathani wa Mũthamaki Hezekia, Senakeribu mũthamaki wa Ashuri nĩatharĩkĩire matũũra manene mothe marĩa mairigĩirwo na thingo cia hinya ma Juda, na akĩmatunyana.","Now in the fourteenth year of King Hezekiah, Sennacherib king of Assyria attacked all of the fortified cities of Judah and captured them."
Isaiah 36:2,"Ningĩ mũthamaki wa Ashuri agĩtũma mũnene wa mbũtũ ciake cia ita, kuuma Lakishi, arĩ na mbũtũ nene ya ita athiĩ kũrĩ Mũthamaki Hezekia kũu Jerusalemu. Rĩrĩa mũnene ũcio wa mbũtũ ya ita aarũgamire mũtaro-inĩ wa Karia-ka-Rũgongo, njĩra-inĩ ya gũthiĩ Mũgũnda-wa- Mũthambia-Nguo,",The king of Assyria sent Rabshakeh from Lachish to Jerusalem to King Hezekiah with a large army. He stood by the aqueduct from the upper pool in the fuller’s field highway.
Isaiah 36:3,"Eliakimu mũrũ wa Hilikia ũrĩa warĩ mũrori wa nyũmba ya ũthamaki, na Shebina ũrĩa mwandĩki-marũa, na Joa mũrũ wa Asafu ũrĩa mwandĩki wa maũndũ ma ihinda rĩu, makiumagara magĩthiĩ kũrĩ we.","Then Eliakim the son of Hilkiah, who was over the household, and Shebna the scribe, and Joah, the son of Asaph the recorder came out to him."
Isaiah 36:4,"Nake mũnene ũcio wa mbũtũ ya ita akĩmeera atĩrĩ, “Ĩrai Hezekia atĩrĩ, “ ‘Mũthamaki ũrĩa mũnene o we mũthamaki wa Ashuri, ekũũria atĩrĩ: Ũrutĩte ũũmĩrĩru ũcio ũrĩ naguo kũ?","Rabshakeh said to them, “Now tell Hezekiah, ‘The great king, the king of Assyria, says, “What confidence is this in which you trust?"
Isaiah 36:5,"Wee uugaga nĩ ũũĩ kũrũa na ũrĩ na hinya wa mbũtũ cia ita, no waragia o ciugo cia tũhũ. Nũũ ũcio wĩhokete nĩguo ũnemere?","I say that your counsel and strength for the war are only vain words. Now in whom do you trust, that you have rebelled against me?"
Isaiah 36:6,"Atĩrĩrĩ, wee wĩhokete andũ a Misiri, acio mahaana ta kamũrangi koinĩkangu, karĩa gatheecaga mũndũ guoko, gakamũguraria etiirania nako! Ũguo nĩguo Firaũni mũthamaki wa Misiri ahaana kũrĩ arĩa othe mamwĩhokaga.","Behold, you trust in the staff of this bruised reed, even in Egypt, which if a man leans on it, it will go into his hand and pierce it. So is Pharaoh king of Egypt to all who trust in him."
Isaiah 36:7,"O na ũngĩnjĩĩra atĩrĩ, “Ithuĩ twĩhokete Jehova Ngai witũ,” githĩ ũcio tiwe Hezekia aatharĩirie igongona na kũndũ kũrĩa gũtũũgĩru, na akĩĩra andũ a Juda na a Jerusalemu atĩrĩ, “No nginya mũhooyagĩre kĩgongona-inĩ gĩkĩ”?","But if you tell me, ‘We trust in Yahweh our God,’ isn’t that he whose high places and whose altars Hezekiah has taken away, and has said to Judah and to Jerusalem, ‘You shall worship before this altar’?”"
Isaiah 36:8,"“ ‘Rĩu-rĩ, ũka ũkeiguithanie na mwathi wakwa, mũthamaki wa Ashuri: Nĩngũkũhe mbarathi ngiri igĩrĩ, angĩkorwo ũrĩ na andũ a gũthiĩ macihaicĩte!","Now therefore, please make a pledge to my master the king of Assyria, and I will give you two thousand horses, if you are able on your part to set riders on them."
Isaiah 36:9,"Wakĩhota atĩa gũtooria o na mũnene ũrĩa mũnini mũno thĩinĩ wa anene a mwathi wakwa, o na gũtuĩka wĩhokete ngaari cia ita na andũ arĩa mathiiaga mahaicĩte mbarathi a Misiri?","How then can you turn away the face of one captain of the least of my master’s servants, and put your trust in Egypt for chariots and for horsemen?"
Isaiah 36:10,"Na ningĩ-rĩ, njũkĩte gũtharĩkĩra na kwananga bũrũri ũyũ iterĩĩtwo nĩ Jehova? Jehova we mwene nĩwe wanjĩĩrire njũke hũũre bũrũri ũyũ na ndĩwanange.’ ”","Have I come up now without Yahweh against this land to destroy it? Yahweh said to me, “Go up against this land, and destroy it.” ’ ”"
Isaiah 36:11,"Nao Eliakimu, na Shebina, na Joa makĩĩra mũnene ũcio wa mbũtũ cia ita atĩrĩ, “Twagũthaitha arĩria ndungata ciaku na rũthiomi rwa Asuriata, tondũ nĩtũrũũĩ.* Tiga gũtwarĩria na rũthiomi rwa Kĩhibirania andũ aya marĩ rũthingo-inĩ makĩiguaga.”","Then Eliakim, Shebna and Joah said to Rabshakeh, “Please speak to your servants in Aramaic, for we understand it. Don’t speak to us in the Jews’ language in the hearing of the people who are on the wall.”"
Isaiah 36:12,"No mũnene ũcio wa mbũtũ cia ita agĩcookia atĩrĩ, “Kaĩ ndatũmirwo nĩ mwathi wakwa kũrĩ o mwathi wanyu na kũrĩ o inyuĩ, ndĩmwĩre maũndũ maya, na ti kũrĩ andũ aya maikarĩte rũthingo igũrũ, o aya makaarĩa kĩoro kĩao na manyue mathugumo mao o ene o ta ũrĩa inyuĩ mũgeeka?”","But Rabshakeh said, “Has my master sent me only to your master and to you, to speak these words, and not to the men who sit on the wall, who will eat their own dung and drink their own urine with you?”"
Isaiah 36:13,"Ningĩ mũnene ũcio wa mbũtũ cia ita akĩrũgama akĩanĩrĩra na Kĩhibirania, akiuga atĩrĩ, “Thikĩrĩriai ndũmĩrĩri ya mũthamaki ũrĩa mũnene, mũthamaki wa Ashuri!","Then Rabshakeh stood, and called out with a loud voice in the Jews’ language, and said, “Hear the words of the great king, the king of Assyria!"
Isaiah 36:14,Mũthamaki eku- uga ũũ: Mũtigetĩkĩre Hezekia amũheenie. Ndangĩhota kũmũhonokia!,"The king says, ‘Don’t let Hezekiah deceive you; for he will not be able to deliver you."
Isaiah 36:15,"Mũtigetĩkĩre Hezekia amũringĩrĩrie kwĩhoka Jehova hĩndĩ ĩrĩa ekuuga atĩrĩ, ‘Ti-itherũ Jehova nĩegũtũhonokia; itũũra rĩĩrĩ inene rĩtikaaneanwo guoko-inĩ kwa mũthamaki wa Ashuri.’","Don’t let Hezekiah make you trust in Yahweh, saying, “Yahweh will surely deliver us. This city won’t be given into the hand of the king of Assyria.” ’"
Isaiah 36:16,"“Mũtigathikĩrĩrie Hezekia. Mũthamaki wa Ashuri ekuuga atĩrĩ: Rekei tũiguane na mũũke kũrĩ niĩ. Mweka ũguo, o ũmwe wanyu nĩakarĩĩaga maciaro ma mũtĩ wake wa mũthabibũ na wa mũkũyũ na anyuuage maaĩ ma gĩthima gĩake,","Don’t listen to Hezekiah, for the king of Assyria says, ‘Make your peace with me, and come out to me; and each of you eat from his vine, and each one from his fig tree, and each one of you drink the waters of his own cistern;"
Isaiah 36:17,"o nginya rĩrĩa ngooka ndĩmũtware bũrũri ũhaana ta wanyu, bũrũri ũrĩ ngano na ndibei ya mũhihano, bũrũri ũrĩ irio na mĩgũnda ya mĩthabibũ.","until I come and take you away to a land like your own land, a land of grain and new wine, a land of bread and vineyards."
Isaiah 36:18,"“Mũtigetĩkĩre Hezekia amũhĩtithie, rĩrĩa ekuuga atĩrĩ, ‘Jehova nĩegũtũhonokia.’ Nĩ kũrĩ ngai ya rũrĩrĩ o na rũrĩkũ ĩrĩ yahonokia bũrũri wayo kuuma guoko-inĩ kwa mũthamaki wa Ashuri?","Beware lest Hezekiah persuade you, saying, “Yahweh will deliver us.” Have any of the gods of the nations delivered their lands from the hand of the king of Assyria?"
Isaiah 36:19,Ngai cia Hamathu na Aripadi irĩ kũ? Ngai cia Sefarivaimu irĩ kũ? Nĩihonoketie Samaria kuuma guoko-inĩ gwakwa?,Where are the gods of Hamath and Arpad? Where are the gods of Sepharvaim? Have they delivered Samaria from my hand?
Isaiah 36:20,Nĩ ngai ĩrĩkũ harĩ ngai ciothe cia mabũrũri macio yanahonokia bũrũri wayo kuuma kũrĩ niĩ? Gwakĩhoteka atĩa Jehova ahonokie Jerusalemu kuuma guoko-inĩ gwakwa?”,"Who are they among all the gods of these countries that have delivered their country out of my hand, that Yahweh should deliver Jerusalem out of my hand?’ ”"
Isaiah 36:21,"No rĩrĩ, andũ acio magĩkira ki na matirĩ ũndũ maamũcookeirie, tondũ mũthamaki nĩamathĩte, akameera atĩrĩ, “Mũtikamũcookerie ũndũ.”","But they remained silent, and said nothing in reply, for the king’s commandment was, “Don’t answer him.”"
Isaiah 36:22,"Hĩndĩ ĩyo Eliakimu mũrũ wa Hilikia ũrĩa mũrori wa maũndũ ma nyũmba ya ũthamaki, na Shebina ũrĩa mwandĩki-marũa, na Joa mũrũ wa Asafu ũrĩa mwandĩki wa maũndũ ma ihinda rĩu, magĩthiĩ kũrĩ Hezekia, matembũrangĩte nguo ciao, makĩmwĩra ũrĩa mũnene ũcio wa mbũtũ cia ita oigĩte.","Then Eliakim the son of Hilkiah, who was over the household, and Shebna the scribe, and Joah, the son of Asaph the recorder, came to Hezekiah with their clothes torn, and told him the words of Rabshakeh."
Isaiah 37:1,"Rĩrĩa Mũthamaki Hezekia aaiguire ũhoro ũcio, agĩtembũranga nguo ciake na akĩĩhumba nguo ya ikũnia, agĩtoonya hekarũ ya Jehova thĩinĩ.","When King Hezekiah heard it, he tore his clothes, covered himself with sackcloth, and went into Yahweh’s house."
Isaiah 37:2,"Agĩtũma Eliakimu mũrori wa maũndũ ma nyũmba ya ũthamaki, na Shebina ũrĩa mwandĩki-marũa, na athĩnjĩri-Ngai arĩa atongoria, othe mehumbĩte nguo cia makũnia, mathiĩ kũrĩ mũnabii Isaia mũrũ wa Amozu.","He sent Eliakim, who was over the household, and Shebna the scribe, and the elders of the priests, covered with sackcloth, to Isaiah the prophet, the son of Amoz."
Isaiah 37:3,"Makĩmwĩra atĩrĩ, “Ũũ nĩguo Hezekia ekuuga: Mũthenya wa ũmũthĩ nĩ mũthenya wa mĩnyamaro, na ngũmano, na gĩconoko o ta ihinda rĩa ciana rĩa gũciarwo rĩakinya, naguo hinya wa gũciara ũkaaga.","They said to him, “Hezekiah says, ‘Today is a day of trouble, and of rebuke, and of rejection; for the children have come to the birth, and there is no strength to give birth."
Isaiah 37:4,"No gũkorwo Jehova Ngai waku nĩekũigua ciugo ciothe cia mũnene ũcio wa mbũtũ cia ita, ũrĩa mwathi wake, mũthamaki wa Ashuri atũmĩte, nĩgeetha oke anyũrũrie Ngai ũrĩa ũrĩ muoyo, na amũkũũme nĩ ũndũ wa ũhoro ũcio Jehova Ngai waku aiguĩte. Nĩ ũndũ ũcio hoera matigari marĩa matigaire muoyo.”","It may be Yahweh your God will hear the words of Rabshakeh, whom the king of Assyria his master has sent to defy the living God, and will rebuke the words which Yahweh your God has heard. Therefore lift up your prayer for the remnant that is left.’ ”"
Isaiah 37:5,"Rĩrĩa anene a Mũthamaki Hezekia maakinyire kũrĩ Isaia-rĩ,",So the servants of King Hezekiah came to Isaiah.
Isaiah 37:6,"Isaia akĩmeera atĩrĩ, “Ĩrai mwathi wanyu atĩrĩ, ‘Ũũ nĩguo Jehova ekuuga: Tiga gwĩtigĩra nĩ ciugo iria ũiguĩte atungati a mũthamaki wa Ashuri makĩĩnuma nacio.","Isaiah said to them, “Tell your master, ‘Yahweh says, “Don’t be afraid of the words that you have heard, with which the servants of the king of Assyria have blasphemed me."
Isaiah 37:7,"Ta thikĩrĩria! Niĩ nĩngwĩkĩra roho wa mũthemba mũna thĩinĩ wake, nĩguo rĩrĩa arĩigua ũhoro mũna, acooke bũrũri wake, na arĩ kũu ndũme ooragwo na rũhiũ rwa njora.’ ”","Behold, I will put a spirit in him and he will hear news, and will return to his own land. I will cause him to fall by the sword in his own land.” ’ ”"
Isaiah 37:8,"Rĩrĩa mũnene wa mbũtũ cia ita aaiguire atĩ mũthamaki wa Ashuri nĩoimĩte Lakishi, akĩehera Jerusalemu agĩthiĩ agĩkora mũthamaki akĩrũa mbaara na Libina.","So Rabshakeh returned, and found the king of Assyria warring against Libnah, for he heard that he had departed from Lachish."
Isaiah 37:9,"Na rĩrĩ, Senakeribu agĩkinyĩrwo nĩ ũhoro wa atĩ Tirihaka, ũrĩa Mũkushi mũthamaki wa Misiri, nĩoimagarĩte oke arũe nake. Nĩ ũndũ ũcio agĩtũma andũ rĩngĩ kũrĩ Hezekia marĩ na ũhoro ũyũ:","He heard news concerning Tirhakah king of Ethiopia, “He has come out to fight against you.” When he heard it, he sent messengers to Hezekiah, saying,"
Isaiah 37:10,"“Ĩrai Hezekia mũthamaki wa Juda atĩrĩ: Ndũgetĩkĩrie Ngai ũcio wĩhokete akũheenie rĩrĩa ekuuga atĩrĩ, ‘Jerusalemu rĩtikũneanwo kũrĩ mũthamaki wa Ashuri.’","“Thus you shall speak to Hezekiah king of Judah, saying, ‘Don’t let your God in whom you trust deceive you, saying, “Jerusalem won’t be given into the hand of the king of Assyria.”"
Isaiah 37:11,"Ti-itherũ nĩũiguĩte ũrĩa athamaki a Ashuri mekĩte mabũrũri-inĩ mothe, ũrĩa maamaniinire biũ. Inyuĩ mũgũkĩhonoka atĩa?","Behold, you have heard what the kings of Assyria have done to all lands, by destroying them utterly. Shall you be delivered?"
Isaiah 37:12,"Na rĩrĩ, ngai cia ndũrĩrĩ iria cianiinirwo nĩ maithe maitũ ma tene: ngai cia Gozani, na cia Harani, na cia Rezefu, na andũ a Edeni arĩa maarĩ Telasaru-rĩ, nĩciamahonokirie?","Have the gods of the nations delivered them, which my fathers have destroyed, Gozan, Haran, Rezeph, and the children of Eden who were in Telassar?"
Isaiah 37:13,"Mũthamaki wa itũũra rĩa Hamathu arĩ ha, na mũthamaki wa Aripadi, na mũthamaki wa itũũra rĩrĩa inene rĩa Sefarivaimu, na wa Hena, na wa Iva, rĩu marĩ ha?”","Where is the king of Hamath, and the king of Arpad, and the king of the city of Sepharvaim, of Hena, and Ivvah?’ ”"
Isaiah 37:14,"Nake Hezekia akĩnyiita marũa kuuma kũrĩ andũ arĩa maatũmĩtwo na akĩmathoma. Agĩcooka akĩambata hekarũ-inĩ ya Jehova, akĩmatambũrũkia mbere ya Jehova.","Hezekiah received the letter from the hand of the messengers and read it. Then Hezekiah went up to Yahweh’s house, and spread it before Yahweh."
Isaiah 37:15,"Nake Hezekia akĩhooya Jehova, akiuga atĩrĩ:","Hezekiah prayed to Yahweh, saying,"
Isaiah 37:16,"“Wee Jehova Ngai Mwene-Hinya-Wothe, Ngai wa Isiraeli, o wee ũikarĩire gĩtĩ kĩa ũnene gatagatĩ ka makerubi, Wee wiki nowe Ngai igũrũ rĩa mothamaki mothe ma thĩ. Nĩwe wombire igũrũ na thĩ.","“Yahweh of Armies, the God of Israel, who is enthroned among the cherubim, you are the God, even you alone, of all the kingdoms of the earth. You have made heaven and earth."
Isaiah 37:17,"Tega matũ maku, Wee Jehova, ũigue; hingũra maitho maku Wee Jehova wone, ũigue ciugo ciothe cia Senakeribu iria atũmĩte cia kũruma Ngai ũrĩa ũtũũraga muoyo.","Turn your ear, Yahweh, and hear. Open your eyes, Yahweh, and behold. Hear all of the words of Sennacherib, who has sent to defy the living God."
Isaiah 37:18,"“Ti-itherũ, Jehova, athamaki a Ashuri nĩmanangĩte andũ a ndũrĩrĩ na mabũrũri mao biũ.","Truly, Yahweh, the kings of Assyria have destroyed all the countries and their land,"
Isaiah 37:19,"Na nĩmaikĩtie ngai ciao mwaki-inĩ na magacithũkangia, tondũ itiarĩ ngai no ciarĩ mĩtĩ na mahiga, nacio ciathondeketwo na moko ma andũ.","and have cast their gods into the fire; for they were no gods, but the work of men’s hands, wood and stone; therefore they have destroyed them."
Isaiah 37:20,"Rĩu-rĩ, Wee Jehova Ngai witũ, tũhonokie kuuma guoko-inĩ gwake, nĩgeetha mothamaki mothe ma thĩ mamenye atĩ Wee Jehova, o Wee wiki, nĩwe Ngai.”","Now therefore, Yahweh our God, save us from his hand, that all the kingdoms of the earth may know that you are Yahweh, even you only.”"
Isaiah 37:21,"Hĩndĩ ĩyo Isaia mũrũ wa Amozu agĩtũma ndũmĩrĩri kũrĩ Hezekia, akĩmwĩra atĩrĩ: “Ũũ nĩguo Jehova Ngai wa Isiraeli ekuuga: Tondũ nĩũũhooete ũhoro wĩgiĩ Senakeribu mũthamaki wa Ashuri- rĩ,","Then Isaiah the son of Amoz sent to Hezekiah, saying, “Yahweh, the God of Israel says, ‘Because you have prayed to me against Sennacherib king of Assyria,"
Isaiah 37:22,"ũyũ nĩguo ũhoro ũrĩa Jehova aarĩtie wa kũmũũkĩrĩra: “Mũirĩtu Gathirange, Mwarĩ wa Zayuni nĩakũmenete na agakũnyarara. Mwarĩ wa Jerusalemu arainia mũtwe rĩrĩa wee ũroora.",this is the word which Yahweh has spoken concerning him: The virgin daughter of Zion has despised you and ridiculed you. The daughter of Jerusalem has shaken her head at you.
Isaiah 37:23,"Ũcio ũrumĩte na ũkamenereria nũũ? Nũũ ũgũthũkĩire na mũgambo, na ũkamwambararĩria maitho na mwĩtĩĩo? Wee nĩũũkĩrĩire Ũrĩa Mũtheru wa Isiraeli!",Whom have you defied and blasphemed? Against whom have you exalted your voice and lifted up your eyes on high? Against the Holy One of Israel.
Isaiah 37:24,"Ũtũmĩte andũ aku moke marume Jehova. Na ũkoiga atĩrĩ, ‘Nĩ ũndũ wa ngaari ciakwa nyingĩ cia ita, nĩnyambatĩte ngakinya tũcũmbĩrĩ twa irĩma, o kũu igũrũ mũno Lebanoni. Nĩndemete mĩtarakwa yakuo ĩrĩa mĩraihu mũno, o na mĩthengera ĩrĩa mĩega mũno. Nĩnginyĩte tũcũmbĩrĩ twakuo kũrĩa kũraya mũno, o kũrĩa kũrĩ na mĩtitũ ĩrĩa mĩega mũno.","By your servants, you have defied the Lord, and have said, “With the multitude of my chariots I have come up to the height of the mountains, to the innermost parts of Lebanon. I will cut down its tall cedars and its choice cypress trees. I will enter into its farthest height, the forest of its fruitful field."
Isaiah 37:25,Nĩnyenjete ithima mabũrũri ma kũngĩ na nganyua maaĩ kuo. Nĩhũithĩtie tũrũũĩ twa Misiri na makinya ma magũrũ makwa.’,"I have dug and drunk water, and with the sole of my feet I will dry up all the rivers of Egypt.”"
Isaiah 37:26,"“Kaĩ ũtaiguĩte? Kuuma tene nĩndamũrĩte ũndũ ũcio. Matukũ-inĩ macio ma tene nĩndabangĩte ũndũ ũcio: rĩu nĩndĩũhingĩtie, atĩ wee nĩũtũmĩte matũũra manene marĩa mairigĩre na thingo cia hinya matuĩke hĩba cia mahiga.","“ ‘Have you not heard how I have done it long ago, and formed it in ancient times? Now I have brought it to pass, that it should be yours to destroy fortified cities, turning them into ruinous heaps."
Isaiah 37:27,"Andũ akuo maagithĩtio hinya, nao makagegeare na magaconorithio. Mahaana mĩmera ĩrĩ mũgũnda, makoororoa o ta thuuna nduru, kana ta nyeki ĩmerete nyũmba igũrũ, ĩrĩa yũmaga ĩtanakũra.","Therefore their inhabitants had little power. They were dismayed and confounded. They were like the grass of the field, and like the green herb, like the grass on the housetops, and like a field before its crop has grown."
Isaiah 37:28,"“No nĩnjũũĩ kũrĩa ũikaraga, na ngamenya ũkiumagara na ũgĩcooka, o na ũrĩa ũndakaragĩra.","But I know your sitting down, your going out, your coming in, and your raging against me."
Isaiah 37:29,"Tondũ nĩũndakarĩire na rũngʼathio rwaku nĩrũkinyĩire matũ makwa, nĩngũgwĩkĩra gĩcũhĩ gĩakwa iniũrũ, na matamu ndĩmoohe kanua-inĩ gaku, na nĩngatũma ũcookere njĩra o ĩyo wokĩire.","Because of your raging against me, and because your arrogance has come up into my ears, therefore I will put my hook in your nose and my bridle in your lips, and I will turn you back by the way by which you came."
Isaiah 37:30,"“Gĩkĩ nĩkĩo gĩgaakorwo kĩrĩ kĩmenyithia gĩaku, wee Hezekia: “Mwaka ũyũ ũkũrĩa irio cia maitĩka, naguo mwaka wa keerĩ ũrĩe kĩrĩa gĩgaathundũka harĩ mo. No mwaka wa gatatũ-rĩ, nĩũkahaanda na ũgethe, ũhaande mĩgũnda ya mĩthabibũ, na ũrĩe maciaro mayo.","“ ‘This shall be the sign to you: You will eat this year that which grows of itself, and in the second year that which springs from it; and in the third year sow and reap and plant vineyards, and eat their fruit."
Isaiah 37:31,"O rĩngĩ matigari ma nyũmba ya Juda nĩmagaikũrũkia mĩri na thĩ, na maciare maciaro na igũrũ.","The remnant that is escaped of the house of Judah will again take root downward, and bear fruit upward."
Isaiah 37:32,"Nĩgũkorwo Jerusalemu nĩgũkoima matigari ma andũ, nakuo Kĩrĩma-inĩ gĩa Zayuni kuume gĩkundi kĩa arĩa mahonokete. Kĩyo kĩa Jehova Mwene-Hinya-Wothe nĩkĩo gĩkaahingia ũguo.","For out of Jerusalem a remnant will go out, and survivors will escape from Mount Zion. The zeal of Yahweh of Armies will perform this.’"
Isaiah 37:33,"“Nĩ ũndũ ũcio Jehova ekuuga ũũ igũrũ rĩa mũthamaki wa Ashuri: “Ndagatoonya itũũra rĩĩrĩ inene kana arathũkie mũguĩ kuo. Ndagooka mbere yarĩo na ngo kana arĩrigiicĩrie na ihumbu cia tĩĩri, arĩũkĩrĩre.","“Therefore Yahweh says concerning the king of Assyria, ‘He will not come to this city, nor shoot an arrow there, neither will he come before it with shield, nor cast up a mound against it."
Isaiah 37:34,"Njĩra ĩrĩa agookĩra no yo agaacookera; ndagatoonya itũũra rĩĩrĩ inene,” ũguo nĩguo Jehova ekuuga.","He will return the way that he came, and he won’t come to this city,’ says Yahweh."
Isaiah 37:35,"“Nĩngagitĩra itũũra rĩĩrĩ inene na ndĩrĩhonokie, nĩ ũndũ wakwa na nĩ ũndũ wa Daudi ndungata yakwa!”","‘For I will defend this city to save it, for my own sake, and for my servant David’s sake.’ ”"
Isaiah 37:36,"Hĩndĩ ĩyo mũraika wa Jehova agĩthiĩ na akĩũraga andũ ngiri igana rĩmwe rĩa mĩrongo ĩnana na atano kũu kambĩ-inĩ ya Ashuri. Rĩrĩa andũ mookĩrire rũciinĩ tene, magĩkora kũu no ciimba theri!","Then Yahweh’s angel went out and struck one hundred and eighty-five thousand men in the camp of the Assyrians. When men arose early in the morning, behold, these were all dead bodies."
Isaiah 37:37,"Nĩ ũndũ ũcio Senakeribu mũthamaki wa Ashuri agĩtharia kambĩ agĩthiĩ; agĩcooka Nineve, agĩikara kuo.","So Sennacherib king of Assyria departed, went away, returned to Nineveh, and stayed there."
Isaiah 37:38,"Na rĩrĩ, mũthenya ũmwe rĩrĩa ahooyaga arĩ hekarũ-inĩ ya ngai yake Nisiroku-rĩ, ariũ ake eerĩ Adarameleki na Sharezeru makĩmũũraga na rũhiũ rũa njora, na makĩũrĩra bũrũri wa Ararati. Nake mũriũ Esari-Hadoni agĩtuĩka mũthamaki ithenya rĩake.","As he was worshiping in the house of Nisroch his god, Adrammelech and Sharezer his sons struck him with the sword; and they escaped into the land of Ararat. Esar Haddon his son reigned in his place."
Isaiah 38:1,"Matukũ-inĩ macio Hezekia akĩrwara, hakuhĩ akue. Mũnabii Isaia mũrũ wa Amozu agĩthiĩ kũrĩ we, akĩmwĩra atĩrĩ, “Jehova ekuuga ũũ: Thondeka maũndũ ma mũciĩ waku, tondũ nĩũgũkua, ndũkũhona.”","In those days Hezekiah was sick and near death. Isaiah the prophet, the son of Amoz, came to him, and said to him, “Yahweh says, ‘Set your house in order, for you will die, and not live.’ ”"
Isaiah 38:2,"Hezekia akĩhũgũra ũthiũ wake, akĩrora rũthingo-inĩ, na akĩhooya Jehova, akiuga atĩrĩ,","Then Hezekiah turned his face to the wall and prayed to Yahweh,"
Isaiah 38:3,"“Wee Jehova, ririkana ũrĩa ngoretwo ngĩthiĩ na mĩthiĩre ya kwĩhokeka mbere yaku, na ngeheana na ngoro yakwa yothe, na ngeeka ũrĩa kwagĩrĩire maitho-inĩ maku.” Nake Hezekia akĩrĩra mũno.","and said, “Remember now, Yahweh, I beg you, how I have walked before you in truth and with a perfect heart, and have done that which is good in your sight.” Then Hezekiah wept bitterly."
Isaiah 38:4,"Hĩndĩ ĩyo kiugo kĩa Jehova gĩgĩkinyĩra Isaia, akĩĩrwo atĩrĩ,","Then Yahweh’s word came to Isaiah, saying,"
Isaiah 38:5,"“Cooka ũkeere Hezekia atĩrĩ, ‘Jehova Ngai wa thoguo Daudi ekuuga ũũ: Nĩnjiguĩte ihooya rĩaku na ngoona maithori maku; nĩngũkuongerera mĩaka ikũmi na ĩtano ya gũtũũra muoyo.","“Go, and tell Hezekiah, ‘Yahweh, the God of David your father, says, “I have heard your prayer. I have seen your tears. Behold, I will add fifteen years to your life."
Isaiah 38:6,Nĩngũkũhonokia hamwe na itũũra rĩĩrĩ inene kuuma guoko-inĩ kwa mũthamaki wa Ashuri. Nĩngũgitĩra itũũra rĩĩrĩ inene.,"I will deliver you and this city out of the hand of the king of Assyria, and I will defend this city."
Isaiah 38:7,“ ‘Gĩkĩ nĩkĩo kĩmenyithia kĩrĩa Jehova egũkũhe atĩ Jehova nĩegwĩka ũndũ ũcio akwĩrĩire:,"This shall be the sign to you from Yahweh, that Yahweh will do this thing that he has spoken."
Isaiah 38:8,Nĩngatũma kĩĩruru kĩa riũa gĩcooke na thuutha makinya ikũmi marĩa gĩikũrũkĩte ngathĩ-inĩ ya Ahazu.’ ” Nĩ ũndũ ũcio ũtheri wa riũa ũgĩcooka na thuutha makinya ikũmi marĩa waikũrũkĩte.,"Behold, I will cause the shadow on the sundial, which has gone down on the sundial of Ahaz with the sun, to return backward ten steps.” ’ ” So the sun returned ten steps on the sundial on which it had gone down."
Isaiah 38:9,Maya nĩmo maandĩko ma Hezekia mũthamaki wa Juda marĩa aandĩkire thuutha wa kũrũara na kũhona:,"The writing of Hezekiah king of Judah, when he had been sick, and had recovered of his sickness:"
Isaiah 38:10,"Niĩ ndoigire atĩrĩ, “O rĩrĩa matukũ ma muoyo wakwa magaacĩra-rĩ, no rĩo ngũthiĩ ndonye ihingo-inĩ cia gĩkuũ, na ndunywo mĩaka yakwa ĩrĩa ĩtigarĩte?”","I said, “In the middle of my life I go into the gates of Sheol.† I am deprived of the residue of my years.”"
Isaiah 38:11,"Ngĩkiuga atĩrĩ, “Niĩ ndikona Jehova rĩngĩ, ndikona Jehova ndĩ bũrũri ũyũ wa arĩa matũũraga muoyo; gũtirĩ hĩndĩ ĩngĩ ngona mũndũ wa thĩ, kana ngorwo hamwe na arĩa marĩ gũkũ thĩ.","I said, “I won’t see Yah, Yah in the land of the living. I will see man no more with the inhabitants of the world."
Isaiah 38:12,"Nyũmba yakwa nĩĩtharĩĩtio, ĩkeherio kũrĩ niĩ, o ta ũrĩa hema ya mũrĩithi yambũragwo. Nĩngũnjĩte muoyo wakwa ta ũrĩ taama wa mũndũ ũrĩa ũtumaga na mĩtambo, na rĩu nĩkũndinia ekũndinia anjeherie mũtambo-inĩ ũcio wake; mũthenya na ũtukũ-rĩ, ũtuĩkĩte o wa kũũniina.","My dwelling is removed, and is carried away from me like a shepherd’s tent. I have rolled up my life like a weaver. He will cut me off from the loom. From day even to night you will make an end of me."
Isaiah 38:13,"Ndetereire ngirĩrĩirie nginya gũgĩkĩa, na akiunanga mahĩndĩ makwa mothe o ta mũrũũthi. Mũthenya na ũtukũ-rĩ, wee ũtuĩkĩte o wa kũũniina.",I waited patiently until morning. He breaks all my bones like a lion. From day even to night you will make an end of me.
Isaiah 38:14,"Ngĩkaya ta hũngũrũrũ kana mũrũaru, ngĩcaaya o ta ũrĩa ndutura ĩcaayaga. Maitho makwa makĩaga hinya nĩgũcũthĩrĩria igũrũ. Ndĩ mũthĩĩnĩku; Wee Mwathani ũka ũndeithie!”","I chattered like a swallow or a crane. I moaned like a dove. My eyes weaken looking upward. Lord, I am oppressed. Be my security.”"
Isaiah 38:15,"No ingĩkiuga atĩa? Nĩanjarĩirie, na nĩwe mwene wĩkĩte ũguo. Mĩaka yakwa yothe ndĩrĩthiiaga ndĩnyiihĩtie, tondũ wa ruo rũrũ rwa ngoro yakwa.","What will I say? He has both spoken to me, and himself has done it. I will walk carefully all my years because of the anguish of my soul."
Isaiah 38:16,"Mwathani, andũ matũũraga moonaga maũndũ ta maya; o naguo roho wakwa ũtũũraga muoyo wonaga maũndũ o ta macio. Wanjookeirie ũgima wa mwĩrĩ, na ũkĩreka ndũũre muoyo.","Lord, men live by these things; and my spirit finds life in all of them. You restore me, and cause me to live."
Isaiah 38:17,"Ti-itherũ ũhoro ũcio warĩ wa kũngʼuna, nĩkĩo ndaiguire ruo rũnene ũguo. Nĩ ũndũ wa wendo waku, nĩwagirĩrĩirie ndoonye irima rĩa mwanangĩko; mehia makwa mothe nĩũriganĩirwo nĩmo.","Behold, for peace I had great anguish, but you have in love for my soul delivered it from the pit of corruption; for you have cast all my sins behind your back."
Isaiah 38:18,"Nĩgũkorwo mbĩrĩra ndĩngĩhota gũkũgooca, o nakĩo gĩkuũ gĩtingĩkũgooca; arĩa maharũrũkaga irima rĩu matingĩgĩa na kĩĩrĩgĩrĩro kĩa wĩhokeku waku.",For Sheol‡ can’t praise you. Death can’t celebrate you. Those who go down into the pit can’t hope for your truth.
Isaiah 38:19,"Arĩa marĩ muoyo, o acio matũũraga muoyo-rĩ, nĩmakũgoocaga, ta ũrĩa ndĩreka ũmũthĩ; maithe ma ciana nĩo meraga ciana ũhoro wa wĩhokeku waku.","The living, the living, he shall praise you, as I do today. The father shall make known your truth to the children."
Isaiah 38:20,"Jehova nĩakahonokia, na nĩtũkaina tũrĩ na inanda cia mũgeeto matukũ mothe ma muoyo witũ, tũrĩ hekarũ-inĩ ya Jehova.",Yahweh will save me. Therefore we will sing my songs with stringed instruments all the days of our life in Yahweh’s house.
Isaiah 38:21,"Isaia oigĩte atĩrĩ, “Thondekai ngũmba ya ngũyũ, mũmĩigĩrĩre ihũha-inĩ, na nĩekũhona.”","Now Isaiah had said, “Let them take a cake of figs, and lay it for a poultice on the boil, and he shall recover.”"
Isaiah 38:22,"Hezekia oorĩtie atĩrĩ, “Kĩmenyithia gĩgaakorwo kĩrĩ kĩrĩkũ atĩ nĩngambata thiĩ hekarũ-inĩ ya Jehova?”","Hezekiah also had said, “What is the sign that I will go up to Yahweh’s house?”"
Isaiah 39:1,"Na rĩrĩ, ihinda rĩu Merodaki-Baladani mũrũ wa Baladani mũthamaki wa Babuloni nĩatũmĩire Hezekia marũa na kĩheo, tondũ nĩaiguĩte ũhoro wa ndwari yake na kũhona gwake.","At that time, Merodach-baladan the son of Baladan, king of Babylon, sent letters and a present to Hezekiah, for he heard that he had been sick, and had recovered."
Isaiah 39:2,"Hezekia akĩamũkĩra andũ arĩa maatũmĩtwo na gĩkeno, na akĩmoonia indo ciothe iria aigĩte makũmbĩ make; akĩmoonia betha, na thahabu na mahuti marĩa manungi wega na maguta marĩa mega mũno, na indo ciake ciothe cia mbaara na indo ciothe iria ciarĩ igĩĩna-inĩ ciake. Gũtirĩ kĩndũ o na kĩmwe thĩinĩ wa nyũmba ya ũthamaki kana kĩarĩ ũthamaki-inĩ wake wothe Hezekia ataamoonirie.","Hezekiah was pleased with them, and showed them the house of his precious things, the silver, the gold, the spices, and the precious oil, and all the house of his armor, and all that was found in his treasures. There was nothing in his house, nor in all his dominion, that Hezekiah didn’t show them."
Isaiah 39:3,"Hĩndĩ ĩyo mũnabii Isaia agĩthiĩ kũrĩ Mũthamaki Hezekia, akĩmũũria atĩrĩ, “Andũ acio moiga atĩa, na mekuumĩte kũ?” Nake Hezekia agĩcookia atĩrĩ, “Moimĩte bũrũri wa kũraya; megũkĩte kuuma bũrũri wa Babuloni.”","Then Isaiah the prophet came to King Hezekiah, and asked him, “What did these men say? From where did they come to you?” Hezekiah said, “They have come from a country far from me, even from Babylon.”"
Isaiah 39:4,"Nake mũnabii akĩũria atĩrĩ, “Nĩ kĩĩ moonire nyũmba-inĩ yaku ya ũthamaki.” Nake Hezekia agĩcookia atĩrĩ, “Moonire indo ciothe cia nyũmba yakwa ya ũthamaki. Gũtirĩ kĩndũ o na kĩmwe kĩrĩ igĩĩna-inĩ ciakwa itanamoonia.”","Then he asked, “What have they seen in your house?” Hezekiah answered, “They have seen all that is in my house. There is nothing among my treasures that I have not shown them.”"
Isaiah 39:5,"Nake Isaia akĩĩra Hezekia atĩrĩ, “Ta igua kiugo kĩa Jehova Mwene-Hinya-Wothe:","Then Isaiah said to Hezekiah, “Hear the word of Yahweh of Armies:"
Isaiah 39:6,"Ti-itherũ ihinda nĩrĩgakinya, rĩrĩa indo ciothe iria irĩ thĩinĩ wa nyũmba yaku ya ũthamaki, na iria ciothe maithe maku matũire maigĩte nginya ũmũthĩ, igaakuuo itwarwo Babuloni. Gũtirĩ o na kĩmwe gĩgaatigara. Ũguo nĩguo Jehova ekuuga.","‘Behold, the days are coming when all that is in your house, and that which your fathers have stored up until today, will be carried to Babylon. Nothing will be left,’ says Yahweh."
Isaiah 39:7,"Na andũ amwe a rũciaro rwaku, o arĩa moimĩte mũthiimo waku, o arĩa wee ũgaaciara, nĩmagathaamio, na nĩmakaahakũrwo nĩguo matungatage nyũmba-inĩ ya mũthamaki wa Babuloni.”","‘They will take away your sons who will issue from you, whom you shall father, and they will be eunuchs in the king of Babylon’s palace.’ ”"
Isaiah 39:8,"Nake Hezekia agĩcookia atĩrĩ, “Kiugo kĩa Jehova kĩrĩa waria nĩ kĩega,” tondũ eeciiririe atĩrĩ, “Hĩndĩ ĩrĩa ngũtũũra muoyo nĩgũgũkorwo kũrĩ na thayũ na ũgitĩri.”","Then Hezekiah said to Isaiah, “Yahweh’s word which you have spoken is good.” He said moreover, “For there will be peace and truth in my days.”"
Isaiah 40:1,"Atĩrĩrĩ, hooreriai, mũhoorerie andũ akwa, ũguo nĩguo Ngai wanyu ekuuga.","“Comfort, comfort my people,” says your God."
Isaiah 40:2,"Arĩriai itũũra rĩa Jerusalemu na ũhooreri, na mwanĩrĩre, mũrĩĩre atĩrĩ, wĩra warĩo mũritũ nĩũthirĩte, na nĩrĩrekeirwo mehia marĩo, o na ningĩ atĩ nĩrĩherithĩtio nĩ guoko kwa Jehova maita meerĩ nĩ ũndũ wa mehia marĩo mothe.","“Speak comfortably to Jerusalem, and call out to her that her warfare is accomplished, that her iniquity is pardoned, that she has received of Yahweh’s hand double for all her sins.”"
Isaiah 40:3,"Kũrĩ na mũgambo wa mũndũ ũkwanĩrĩra, akoiga atĩrĩ: “Haarĩriai njĩra ya Jehova kũu werũ-inĩ wa mũthanga, mũrũngarie njĩra nene ya Ngai witũ kũu werũ-inĩ.","The voice of one who calls out, “Prepare the way of Yahweh in the wilderness! Make a level highway in the desert for our God."
Isaiah 40:4,"Mĩkuru yothe nĩĩgathikwo yambatĩre, nacio irĩma ciothe na tũrĩma ciaraganio; nakuo kũrĩa gũtarĩ kũigananu nĩgũkaigananio, nakuo kũrĩa gũtarĩ kwaraganu kwaraganio wega.","Every valley shall be exalted, and every mountain and hill shall be made low. The uneven shall be made level, and the rough places a plain."
Isaiah 40:5,"Naguo riiri wa Jehova nĩũkaguũranĩrio, na andũ othe nĩmakawĩonera marĩ hamwe. Nĩgũkorwo nĩ kanua ka Jehova kaarĩtie ũhoro ũcio.”","Yahweh’s glory shall be revealed, and all flesh shall see it together; for the mouth of Yahweh has spoken it.”"
Isaiah 40:6,"Kũrĩ na mũgambo wa mũndũ ũroiga atĩrĩ, “Anĩrĩra.” Na niĩ ngĩmũũria atĩrĩ, “Ngwanĩrĩra njuge atĩa?” “Uga atĩrĩ: Andũ othe mahaana ta nyeki, na ũthaka wao wothe ũhaana ta mahũa ma mũgũnda.","The voice of one saying, “Cry out!” One said, “What shall I cry?” “All flesh is like grass, and all its glory is like the flower of the field."
Isaiah 40:7,"Nyeki nĩĩhoohaga, namo mahũa magaitĩka, nĩkũhurutwo nĩ mĩhũmũ ya Jehova. Ti-itherũ andũ mahaana o ta nyeki.","The grass withers, the flower fades, because Yahweh’s breath blows on it. Surely the people are like grass."
Isaiah 40:8,"Nyeki nĩĩhoohaga namo mahũa magaitĩka, no kiugo kĩa Ngai witũ gĩtũũraga nginya tene.”","The grass withers, the flower fades; but the word of our God stands forever.”"
Isaiah 40:9,"Inyuĩ andũ arĩa mũrehaga ũhoro mwega Zayuni, ambatai mũthiĩ kĩrĩma-inĩ kĩrĩa kĩraihu na igũrũ. Inyuĩ arĩa mũrehaga ũhoro mwega Jerusalemu, anĩrĩrai na mũgambo mũnene, anĩrĩrai, na mũtigetigĩre; ĩrai matũũra ma Juda atĩrĩ, “Ngai wanyu arĩ haha!”","You who tell good news to Zion, go up on a high mountain. You who tell good news to Jerusalem, lift up your voice with strength! Lift it up! Don’t be afraid! Say to the cities of Judah, “Behold, your God!”"
Isaiah 40:10,"Atĩrĩrĩ, Mwathani Jehova nĩarooka arĩ na ũhoti, na guoko gwake nĩkuo gũgaathanaga. Atĩrĩrĩ, kĩheo gĩake arĩ nakĩo, o na irĩhi rĩake arĩ narĩo.","Behold, the Lord Yahweh will come as a mighty one, and his arm will rule for him. Behold, his reward is with him, and his recompense before him."
Isaiah 40:11,Arĩithagia mbũri ciake o ta mũrĩithi: Natuo tũgondu atuoyaga na moko make na agatũkuuĩra gĩthũri-inĩ gĩake; nacio ngʼondu iria irongithia acitongoragia o kahora.,"He will feed his flock like a shepherd. He will gather the lambs in his arm, and carry them in his bosom. He will gently lead those who have their young."
Isaiah 40:12,"Nũũ wanathima maaĩ na rũhĩ rwake, kana agĩthima igũrũ na wariĩ wa guoko gwake? Nũũ wanekĩra rũkũngũ rwa thĩ gĩkabũ-inĩ arũthime, kana agĩthima irĩma na ithimi, o na agĩthima tũrĩma na ratiri?","Who has measured the waters in the hollow of his hand, and marked off the sky with his span, and calculated the dust of the earth in a measuring basket, and weighed the mountains in scales, and the hills in a balance?"
Isaiah 40:13,"Nũũ wanamenya meciiria ma Jehova, kana akĩmũtaara taarĩ we mũmũhei kĩrĩra?","Who has directed Yahweh’s Spirit, or has taught him as his counselor?"
Isaiah 40:14,"Nũũ Jehova aahoire kĩrĩra nĩguo amũmenyithie maũndũ, na nũũ wamũrutire gũthiĩ na njĩra ĩrĩa yagĩrĩire? Nũũ wamũrutire maũndũ ma ũũgĩ, kana akĩmuonia ũrĩa angĩhota gũkuũkĩrwo nĩ maũndũ?","Who did he take counsel with, and who instructed him, and taught him in the path of justice, and taught him knowledge, and showed him the way of understanding?"
Isaiah 40:15,Ti-itherũ ndũrĩrĩ ihaana ta itata rĩa maaĩ rĩrĩ ndoo-inĩ; cionagwo ihaana ta karũkũngũ kanini karĩa gatigagwo ratiri-inĩ; we athimaga icigĩrĩra cia iria-inĩ taarĩ rũkũngũ rũhinyu.,"Behold, the nations are like a drop in a bucket, and are regarded as a speck of dust on a balance. Behold, he lifts up the islands like a very little thing."
Isaiah 40:16,"Mũtitũ wa Lebanoni-rĩ, ndũngĩigania ngũ cia mwaki wa kĩgongona, kana nyamũ ciakuo ciigane kũmũrutĩra magongona ma njino.","Lebanon is not sufficient to burn, nor its animals sufficient for a burnt offering."
Isaiah 40:17,"Ndũrĩrĩ ciothe ikĩonwo nĩwe, acionaga ihaana ta kĩndũ hatarĩ; we acionaga ta itarĩ kĩene, o na ta irĩ tũhũ mũtheri.","All the nations are like nothing before him. They are regarded by him as less than nothing, and vanity."
Isaiah 40:18,"Atĩrĩrĩ, ũngĩgerekania Mũrungu na ũ? Kana nĩ mũhianĩre ũrĩkũ mũngĩmũgerekania naguo?",To whom then will you liken God? Or what likeness will you compare to him?
Isaiah 40:19,"Mĩhianano ya kũhooywo yacũhagio nĩ mũturi, nake mũturi wa thahabu akamĩgemia na thahabu, na akamĩthondekera irengeeri cia betha.","A workman has cast an image, and the goldsmith overlays it with gold, and casts silver chains for it."
Isaiah 40:20,"Mũndũ ũrĩa mũthĩĩni mũno ũtangĩhota kuona indo ta icio cia kũrutwo, athuuraga mũtĩ ũrĩa ũtangĩbutha. Agacaria bundi mũũgĩ wa kũmwacũhĩria mũhianano wa kũhooywo mũrũmu wega ũtangĩgũa.",He who is too impoverished for such an offering chooses a tree that will not rot. He seeks a skillful workman to set up a carved image for him that will not be moved.
Isaiah 40:21,Anga mũtirĩ mwamenya? Kaĩ mũtarĩ mwaigua ũhoro? Mũtirĩ mwaheo ũhoro kuuma o kĩambĩrĩria? Kaĩ mũtarĩ mwataũkĩrwo kuuma rĩrĩa thĩ yombirwo?,Haven’t you known? Haven’t you heard? Haven’t you been told from the beginning? Haven’t you understood from the foundations of the earth?
Isaiah 40:22,"Jehova aikaragĩra gĩtĩ kĩa ũnene igũrũ rĩa gĩthiũrũrĩ gĩa thĩ, nao andũ arĩa matũũraga thĩ akamoona mahaana o ta ndaahi. Atambũrũkagia matu marĩa mairũ o ta kĩandarũa, na akamaamba ta marĩ hema ya gũtũũrwo.","It is he who sits above the circle of the earth, and its inhabitants are like grasshoppers; who stretches out the heavens like a curtain, and spreads them out like a tent to dwell in,"
Isaiah 40:23,"Nĩwe ũtũmaga anene matuĩke ta kĩndũ gũtarĩ, na akanyiihia aathani a thĩ akamatua ta marĩ o tũhũ mũtheri.","who brings princes to nothing, who makes the judges of the earth meaningless."
Isaiah 40:24,"O mahaandwo o ũguo-rĩ, o mbeũ ciao ciahurwo-rĩ, o mambĩrĩria gũikũrũkia mĩri yao tĩĩri-inĩ-rĩ, amahuhaga na mĩhũmũ yake nao makahooha, nakĩo kĩhuhũkanio kĩa rũhuho gĩkamahuruta o ta mahuti.","They are planted scarcely. They are sown scarcely. Their stock has scarcely taken root in the ground. He merely blows on them, and they wither, and the whirlwind takes them away as stubble."
Isaiah 40:25,"Ũrĩa Mũtheru ekũũria atĩrĩ, “Niĩ-rĩ, mũngĩngerekania na ũ? Kana nũũ tũngĩiganana?”",“To whom then will you liken me? Who is my equal?” says the Holy One.
Isaiah 40:26,"Tiirai maitho manyu mũrore na igũrũ: Nũũ wombire njata icio ciothe? Ũcio nĩwe ũrehaga mbũtũ icio cia igũrũ agĩcitaraga, na ageeta o ĩmwe yacio na rĩĩtwa. Tondũ wa ũhoti wake mũnene na hinya wake mũnene, gũtirĩ o na ĩmwe yacio yagaga ho.","Lift up your eyes on high, and see who has created these, who brings out their army by number. He calls them all by name. By the greatness of his might, and because he is strong in power, not one is lacking."
Isaiah 40:27,"Wee Jakubu, nĩ kĩĩ gĩgũtũma warie, na wee Isiraeli ũgateta, ũkooria atĩrĩ, “Mĩthiĩre yakwa nĩĩhithĩtwo Jehova; naguo ciira wakwa wa kĩhooto ndũrũmbũyagio nĩ Ngai wakwa”?","Why do you say, Jacob, and speak, Israel, “My way is hidden from Yahweh, and the justice due me is disregarded by my God”?"
Isaiah 40:28,"Anga mũtirĩ mwamenya? Kaĩ mũtarĩ mwaigua ũhoro? Jehova nĩwe Ngai ũrĩa ũtũũraga tene na tene, nĩwe Mũmbi wa ituri ciothe cia thĩ. We ndooragwo nĩ hinya o na kana akanoga, naguo ũmenyo wake wa maũndũ gũtirĩ mũndũ ũngĩhota kũũtuĩria.","Haven’t you known? Haven’t you heard? The everlasting God, Yahweh, the Creator of the ends of the earth, doesn’t faint. He isn’t weary. His understanding is unsearchable."
Isaiah 40:29,"Mũndũ ũrĩa mũnogu nĩamũheaga hinya, nake ũrĩa ũũrĩtwo nĩ hinya akamuongerera ũhoti.",He gives power to the weak. He increases the strength of him who has no might.
Isaiah 40:30,"Andũ ethĩ o nao nĩmooragwo nĩ hinya na makanoga, nao andũ arĩa matarĩ akũrũ nĩmahĩngagwo na makagũa;","Even the youths faint and get weary, and the young men utterly fall;"
Isaiah 40:31,"no rĩrĩ, andũ arĩa mehokaga Jehova nĩmakerũhĩrio hinya wao. Makombũkaga na mathagu o ta nderi; magaatengʼera na matinoge, magaathiiaga na magũrũ na matiũrwo nĩ hinya.","but those who wait for Yahweh will renew their strength. They will mount up with wings like eagles. They will run, and not be weary. They will walk, and not faint."
Isaiah 41:1,"“Atĩrĩrĩ, inyuĩ icigĩrĩra, ta kirai ki mũrĩ mbere yakwa! Nacio ndũrĩrĩ nĩcierũhie hinya wacio! Nĩcikuhĩrĩrie ciarie; nĩtũcemaniei hamwe tũciire.","“Keep silent before me, islands, and let the peoples renew their strength. Let them come near, then let them speak. Let’s meet together for judgment."
Isaiah 41:2,"“Nũũ warahũrĩte mũndũ oime na mwena wa irathĩro, akamwĩta amũtungatagĩre na ũthingu? Aneanaga ndũrĩrĩ kũrĩ we, na agatooria athamaki makamwathĩkagĩra. Amatuuaga o ta rũkũngũ na rũhiũ rwake rwa njora, akamatua maragara na ũta wake nao makombũrwo nĩ rũhuho.","Who has raised up one from the east? Who called him to his feet in righteousness? He hands over nations to him and makes him rule over kings. He gives them like the dust to his sword, like the driven stubble to his bow."
Isaiah 41:3,"Amatengʼeragia, akamahĩtũka atagurarĩtio, o na angĩkorwo nĩ njĩra atarĩ agerera na magũrũ make mbere ĩyo.","He pursues them and passes by safely, even by a way that he had not gone with his feet."
Isaiah 41:4,"Nũũ wĩkĩte ũndũ ũcio na akaũhingia, ageeta njiarwa marĩĩtwa kuuma o kĩambĩrĩria? Niĩ Jehova, nĩ niĩ wa mbere na wa kũrigĩrĩria; niĩ nĩ niĩ we.”","Who has worked and done it, calling the generations from the beginning? I, Yahweh, the first, and with the last, I am he.”"
Isaiah 41:5,Icigĩrĩra nĩciĩoneire ũndũ ũcio na igetigĩra; nacio ituri cia thĩ ikainaina. Ikuhagĩrĩria na ikeyumĩria;,"The islands have seen, and fear. The ends of the earth tremble. They approach, and come."
Isaiah 41:6,"o ũmwe ateithagia ũrĩa ũngĩ, na akeera mũrũ wa nyina atĩrĩ, “Wĩyũmĩrĩrie mũno!”","Everyone helps his neighbor. They say to their brothers, “Be strong!”"
Isaiah 41:7,"Mũbundi ekagĩra mũturi wa thahabu hinya, nake ũrĩa ũnyorokagia na nyondo ĩrĩa nene omagĩrĩria ũrĩa ũturagĩra ihiga-inĩ rĩa ũturi. Nake akoiga atĩrĩ, “Wĩra ũcio wa kũnyiitithania cuma nĩ mwega.” Akanyiitithania mũhianano ũcio wa kũhooywo na mĩcumarĩ, nĩguo ndũkenyenye, ũgwe.","So the carpenter encourages the goldsmith. He who smooths with the hammer encourages him who strikes the anvil, saying of the soldering, “It is good;” and he fastens it with nails, that it might not totter."
Isaiah 41:8,"“No rĩrĩ, wee Isiraeli, ndungata yakwa, o wee Jakubu ũrĩa thuurĩte, o inyuĩ njiaro cia Iburahĩmu mũrata wakwa,","“But you, Israel, my servant, Jacob whom I have chosen, the offspring of Abraham my friend,"
Isaiah 41:9,"ndakũrutire kuuma ituri cia thĩ, ngĩgwĩta kuuma koine ciayo iria irĩ kũraya mũno. Ngĩkwĩra atĩrĩ, ‘Wee ũrĩ ndungata yakwa;’ nĩngũthuurĩte na ndikũregete.","you whom I have taken hold of from the ends of the earth, and called from its corners, and said to you, ‘You are my servant. I have chosen you and have not cast you away.’"
Isaiah 41:10,"Nĩ ũndũ ũcio tiga gwĩtigĩra, nĩgũkorwo ndĩ hamwe nawe; tiga kũmaka, nĩgũkorwo niĩ nĩ niĩ Ngai waku. Nĩndĩkuongagĩrĩra hinya na ngũteithagie; na ti-itherũ nĩndĩrĩgũtiiragĩrĩra na guoko gwakwa kwa ũrĩo kwa ũthingu.","Don’t you be afraid, for I am with you. Don’t be dismayed, for I am your God. I will strengthen you. Yes, I will help you. Yes, I will uphold you with the right hand of my righteousness."
Isaiah 41:11,“Andũ arĩa othe makũrakaragĩra magagũũkĩrĩra ti-itherũ nĩmagaconorithio na manyararithio; arĩa marũaga nawe magaatuĩka o ta kĩndũ hatarĩ na mathire biũ.,"Behold, all those who are incensed against you will be disappointed and confounded. Those who strive with you will be like nothing, and shall perish."
Isaiah 41:12,"O na ũngĩgaacaria thũ ciaku, ndũgaaciona. Andũ arĩa mahũũranaga mbaara nawe magaatuĩka o ta kĩndũ hatarĩ.","You will seek them, and won’t find them, even those who contend with you. Those who war against you will be as nothing, as a nonexistent thing."
Isaiah 41:13,"Nĩgũkorwo niĩ nĩ niĩ Jehova, Ngai waku, ũrĩa ũkũnyiitaga guoko kwa ũrĩo, na agakwĩra atĩrĩ, Tiga gwĩtigĩra; nĩngũgũteithia.","For I, Yahweh your God, will hold your right hand, saying to you, ‘Don’t be afraid. I will help you.’"
Isaiah 41:14,"Tiga gwĩtigĩra, wee Jakubu kagunyũ gaka, o wee Isiraeli gakundi kanini, niĩ mwene nĩ niĩ ngũgũteithia,” ũguo nĩguo Jehova ekuuga, ũcio Mũkũũri waku, Ũrĩa Mũtheru wa Isiraeli.","Don’t be afraid, you worm Jacob, and you men of Israel. I will help you,” says Yahweh. “Your Redeemer is the Holy One of Israel."
Isaiah 41:15,"“Atĩrĩrĩ, nĩngagũtua kĩhũũri kĩa ngano, kĩhũũri kĩerũ na kĩũgĩ, kĩna magego maingĩ. Nĩũkahũũra irĩma na ũcihehenje, natuo tũrĩma ũtũtue mũũngũ.","Behold, I have made you into a new sharp threshing instrument with teeth. You will thresh the mountains, and beat them small, and will make the hills like chaff."
Isaiah 41:16,"Wee nĩũgaacihuha, naruo rũhuho rũcigũrũkie, nakĩo kĩhuhũkanio gĩcihurunje. No rĩrĩ, wee nĩũgakenera Jehova, na wĩrahagĩre Ũrĩa Mũtheru wa Isiraeli.","You will winnow them, and the wind will carry them away, and the whirlwind will scatter them. You will rejoice in Yahweh. You will glory in the Holy One of Israel."
Isaiah 41:17,"“Andũ arĩa athĩĩni na abatari methaga maaĩ ma kũnyua, no gũtirĩ; nĩmĩ ciao nĩcingʼarĩtio nĩ nyoota. No rĩrĩ, niĩ Jehova nĩngamacookeria ũhoro; niĩ Ngai wa Isiraeli, ndirĩ hĩndĩ ngaamatiganĩria.","The poor and needy seek water, and there is none. Their tongue fails for thirst. I, Yahweh, will answer them. I, the God of Israel, will not forsake them."
Isaiah 41:18,"Nĩngatũma njũũĩ itherere kũu rũngʼũrĩ-inĩ kũrĩa gũtũũgĩru, nacio ithima itherũke cianda-inĩ. Nĩngatũma kũu werũ-inĩ kũgĩe tũria twa maaĩ, nakuo kũndũ kũrĩa kũngʼaru ndũme gũtherũke ithima cia maaĩ.","I will open rivers on the bare heights, and springs in the middle of the valleys. I will make the wilderness a pool of water, and the dry land springs of water."
Isaiah 41:19,"Nĩngahaanda mĩtarakwa na mĩgaa, na mĩhandathi na mĩtamaiyũ kũu werũ-inĩ. Na haande mĩbinde kũndũ kũrĩa gũtakũraga kĩndũ, na mĩthengera, na mĩkarakaba o hamwe,","I will put cedar, acacia, myrtle, and oil trees in the wilderness. I will set cypress trees, pine, and box trees together in the desert;"
Isaiah 41:20,"nĩgeetha andũ mone na mamenye, mecũũranie na mataũkĩrwo, atĩ nĩ guoko kwa Jehova gwĩkĩte maũndũ macio, na atĩ Ũrĩa Mũtheru wa Isiraeli nĩwe wamĩũmbire.”","that they may see, know, consider, and understand together, that Yahweh’s hand has done this, and the Holy One of Israel has created it."
Isaiah 41:21,"Jehova ekuuga atĩrĩ, “Rehei ciira wanyu ũrĩa mũrĩ naguo. Onaniai ihooto cianyu cia hinya,” ũguo nĩguo Mũthamaki wa Jakubu ekuuga.","Produce your cause,” says Yahweh. “Bring out your strong reasons!” says the King of Jacob."
Isaiah 41:22,"“Rehei ngai cianyu cia mĩhianano ya kũhooywo itwĩre ũrĩa gũkaahaana. Twĩrei ũrĩa maũndũ ma tene maatariĩ, nĩguo twĩcũũranie ũhoro wamo, na tũmenye ũrĩa makaarigĩrĩria. Kana mũtũmenyithie ũhoro wa maũndũ marĩa magooka thuutha,","“Let them announce and declare to us what will happen! Declare the former things, what they are, that we may consider them, and know the latter end of them; or show us things to come."
Isaiah 41:23,"na mũtwĩre ũrĩa gũgaikara thuutha-inĩ, nĩguo tũmenye atĩ mũrĩ ngai. Ĩkai ũndũ mwega kana mũũru, nĩguo tũmake na tũiyũrwo nĩ guoya.","Declare the things that are to come hereafter, that we may know that you are gods. Yes, do good, or do evil, that we may be dismayed, and see it together."
Isaiah 41:24,"No rĩrĩ, inyuĩ mũrĩ kĩndũ hatarĩ, na mawĩra manyu matirĩ bata; mũndũ ũrĩa ũmwĩthuurĩire atariĩ o ta kĩndũ kĩrĩ magigi.","Behold, you are nothing, and your work is nothing. He who chooses you is an abomination."
Isaiah 41:25,"“Nĩnjarahũrĩte mũndũ wa kuuma gathigathini, na nĩarooka: mũndũ uumĩte irathĩro rĩa riũa ũrĩa ũkayagĩra rĩĩtwa rĩakwa. Arangagĩrĩria aathani a thĩ o ta marĩ ndaka, akamarangĩrĩria o ta ũrĩa mũmbi akimaga rĩũmba.","“I have raised up one from the north, and he has come, from the rising of the sun, one who calls on my name, and he shall come on rulers as on mortar, and as the potter treads clay."
Isaiah 41:26,"Nũũ waheanire ũhoro ũcio kuuma o kĩambĩrĩria, nĩguo tũũmenye; kana akĩũheana mbere ĩyo, nĩguo tuuge atĩrĩ, ‘Ũhoro ũcio aarĩtie nĩ wa ma’? Gũtirĩ mũndũ weranire ũhoro ũyũ, na gũtirĩ mũndũ waũheanĩte mbere ĩyo, gũtirĩ mũndũ waiguĩte ũhoro ũyũ kuuma kũrĩ inyuĩ.","Who has declared it from the beginning, that we may know? and before, that we may say, ‘He is right’? Surely, there is no one who declares. Surely, there is no one who shows. Surely, there is no one who hears your words."
Isaiah 41:27,"Nĩ niĩ ndaarĩ wa mbere kwĩra Zayuni atĩrĩ, ‘Atĩrĩrĩ, aya marĩ haha!’ Nĩ niĩ ndatũmire mũndũ athiĩ Jerusalemu agatware ũhoro ũrĩa mwega.","I am the first to say to Zion, ‘Behold, look at them;’ and I will give one who brings good news to Jerusalem."
Isaiah 41:28,"Ndĩrarora no hatirĩ mũndũ; gũtirĩ mũndũ thĩinĩ wao ũngĩheana kĩrĩra, gũtirĩ mũndũ wa kũnjookeria ũhoro rĩrĩa ingĩmoria kĩũria.","When I look, there is no man, even among them there is no counselor who, when I ask, can answer a word."
Isaiah 41:29,"Atĩrĩrĩ, andũ othe nĩ a maheeni! Ciĩko ciao no cia tũhũ; mĩhianano yao ya gwacũhio ĩhaana o ta rũhuho, na nĩ ya tũhũ mũtheri.","Behold, all of their deeds are vanity and nothing. Their molten images are wind and confusion."
Isaiah 42:1,"“Atĩrĩrĩ, ĩno nĩyo ndungata yakwa, ĩrĩa ndiiragĩrĩra, ĩrĩa ndĩthuurĩire na nĩyo ĩkenagia ngoro yakwa; nĩngamĩitĩrĩria Roho wakwa nayo nĩĩkarehithĩria ndũrĩrĩ ciira wa kĩhooto.","“Behold, my servant, whom I uphold, my chosen, in whom my soul delights: I have put my Spirit on him. He will bring justice to the nations."
Isaiah 42:2,"Ndĩkaanĩrĩra kana ĩgũũthũke, kana mũgambo wayo ũiguuo kũu njĩra-inĩ.","He will not shout, nor raise his voice, nor cause it to be heard in the street."
Isaiah 42:3,"Kamũrangi kagondoku ndĩgakoina, kana ĩhorie rũtambĩ rwa ũguta rũrĩa rũratooga. Na nĩ ũndũ wa wĩhokeku nĩĩgatuanĩra ciira na kĩhooto;",He won’t break a bruised reed. He won’t quench a dimly burning wick. He will faithfully bring justice.
Isaiah 42:4,ndĩgaatithia kana ĩkue ngoro nginya hĩndĩ ĩrĩa ĩgaatũma gũkũ thĩ kũgĩe ciira wa kĩhooto. Andũ arĩa matũũraga icigĩrĩra-inĩ makehoka watho wayo.”,"He will not fail nor be discouraged, until he has set justice in the earth, and the islands wait for his law.”"
Isaiah 42:5,"Jehova, Mũrungu witũ, ũrĩa wombire igũrũ na akĩrĩtambũrũkia, o we ũrĩa waraganirie thĩ na indo iria ciothe ciumaga kuo, na nĩwe ũheaga andũ a thĩ mĩhũmũ, na akahe arĩa maikaraga kuo muoyo, ekuuga atĩrĩ:","God Yahweh, he who created the heavens and stretched them out, he who spread out the earth and that which comes out of it, he who gives breath to its people and spirit to those who walk in it, says:"
Isaiah 42:6,"“Niĩ Jehova nĩ niĩ ngwĩtĩte na njĩra ya ũthingu; nĩngakũnyiita guoko. Nĩngakũmenyagĩrĩra na ngũheane ũtuĩke wa kũrĩkanĩra kĩrĩkanĩro na andũ, o na ũtuĩke ũtheri wa gũtherera andũ a Ndũrĩrĩ,","“I, Yahweh, have called you in righteousness. I will hold your hand. I will keep you, and make you a covenant for the people, as a light for the nations,"
Isaiah 42:7,"na nĩguo ũhingũrage atumumu maitho, na wohorithagie arĩa mohetwo ũmarute moime njeera, o nao arĩa maikarĩte nduma-inĩ ũmarekererie, moime korokoro-inĩ.","to open the blind eyes, to bring the prisoners out of the dungeon, and those who sit in darkness out of the prison."
Isaiah 42:8,"“Nĩ niĩ Jehova; rĩu nĩrĩo rĩĩtwa rĩakwa! Naguo riiri wakwa ndikaũhe mũndũ ũngĩ, kana njĩtĩkĩre mĩhianano ya kũhooywo ĩheo ũgooci wakwa.","“I am Yahweh. That is my name. I will not give my glory to another, nor my praise to engraved images."
Isaiah 42:9,"Atĩrĩrĩ, maũndũ maarathirwo tene nĩmahingĩtio, na rĩu nĩ maũndũ merũ ngwanĩrĩra; na maũndũ macio matanakinya-rĩ, nĩndĩmũmenyithĩtie ũhoro wamo.”","Behold, the former things have happened and I declare new things. I tell you about them before they come up.”"
Isaiah 42:10,"Inĩrai Jehova rwĩmbo rwerũ, na mũmũgooce kuuma ituri-inĩ ciothe cia thĩ, inyuĩ mũikũrũkaga kũu iria-inĩ, na kĩrĩa gĩothe kĩrĩ thĩinĩ warĩo, o na inyuĩ icigĩrĩra, na arĩa othe matũũraga thĩinĩ wacio.","Sing to Yahweh a new song, and his praise from the end of the earth, you who go down to the sea, and all that is therein, the islands and their inhabitants."
Isaiah 42:11,Werũ na matũũra makuo nĩmanĩrĩre na mĩgambo; o na tũtũũra tũrĩa Kedari atũũraga nĩtũkũngũĩre. Andũ a Sela nĩmarekwo maine rwĩmbo nĩ gũkena; o na mũreke maanĩrĩre marĩ kũu irĩma-igũrũ.,"Let the wilderness and its cities raise their voices, with the villages that Kedar inhabits. Let the inhabitants of Sela sing. Let them shout from the top of the mountains!"
Isaiah 42:12,"Nĩmarekwo makumie Jehova, na maanĩrĩre ũgooci wake kũu icigĩrĩra-inĩ.","Let them give glory to Yahweh, and declare his praise in the islands."
Isaiah 42:13,"Jehova nĩakoimagara athiĩ o ta njamba ĩrĩ hinya, na aarahũre kĩyo gĩake ta njamba ya ita; akaanĩrĩra na oigĩrĩrie mbugĩrĩrio ya mbaara, na nĩagatooria thũ ciake.","Yahweh will go out like a mighty man. He will stir up zeal like a man of war. He will raise a war cry. Yes, he will shout aloud. He will triumph over his enemies."
Isaiah 42:14,"“Ihinda iraaya ngoretwo ngirĩte ki, ngegirĩrĩria gwĩka ũndũ. No rĩu-rĩ, ndĩrakaya ta mũtumia ũrarũmwo, ngateeha na ngahũma.",“I have been silent a long time. I have been quiet and restrained myself. Now I will cry out like a travailing woman. I will both gasp and pant.
Isaiah 42:15,"Nĩngananga irĩma na tũrĩma, na ndũme mĩmera ĩrĩa yothe ĩkũraga kuo yũme; nĩngatũma njũũĩ ituĩke icigĩrĩra na ndũme tũria tũhwe.","I will destroy mountains and hills, and dry up all their herbs. I will make the rivers islands, and will dry up the pools."
Isaiah 42:16,"Nao atumumu nĩngamagereria njĩra iria matooĩ, na ndĩmatoongorerie tũcĩra tũrĩa mataahũthĩrĩte gũthiĩra; nayo nduma nĩngamĩgarũra ĩtuĩke ũtheri mbere yao, nakuo kũndũ kũrĩa gũtarĩ kũigananu ndĩkwaraganie. Maũndũ macio nĩmo ngeeka, na ndikamatiganĩria.","I will bring the blind by a way that they don’t know. I will lead them in paths that they don’t know. I will make darkness light before them, and crooked places straight. I will do these things, and I will not forsake them."
Isaiah 42:17,"No rĩrĩ, andũ arĩa mehokete mĩhianano ya kũhooywo, o acio meraga mĩhianano ya gwacũhio atĩrĩ, ‘Inyuĩ nĩ inyuĩ ngai ciitũ,’ nĩmakahũndũrwo na nĩmagaconorithio kũna.","“Those who trust in engraved images, who tell molten images, ‘You are our gods,’ will be turned back. They will be utterly disappointed."
Isaiah 42:18,"“Inyuĩ mũtaiguaga, ta iguai, na inyuĩ atumumu-rĩ, ta cũthĩrĩriai, nĩguo muone!","“Hear, you deaf, and look, you blind, that you may see."
Isaiah 42:19,"Nũũ mũtumumu tiga o ndungata yakwa, o na kana nũũ ũtaiguaga ta mũtũmwo ũcio ndũmĩte? Nũũ mũtumumu ta ũrĩa wĩheanĩte biũ kũrĩ niĩ, na nũũ mũtumumu ta ndungata ya Jehova?","Who is blind, but my servant? Or who is as deaf as my messenger whom I send? Who is as blind as he who is at peace, and as blind as Yahweh’s servant?"
Isaiah 42:20,"Nĩwonete maũndũ maingĩ, no ndũmarũmbũyagia; matũ maku nĩmahingũrĩtwo, no ndũrĩ ũndũ ũiguaga.”","You see many things, but don’t observe. His ears are open, but he doesn’t listen."
Isaiah 42:21,Jehova nĩonire arĩ wega atũũgĩrie watho wake na ũgĩe riiri nĩ ũndũ wa ũthingu wake.,"It pleased Yahweh, for his righteousness’ sake, to magnify the law and make it honorable."
Isaiah 42:22,"No rĩrĩ, andũ aya nĩmatahĩtwo na magatunywo indo, othe manyiitĩtwo na mĩtego marima-inĩ, o na makahithwo njeera thĩinĩ. Matuĩkĩte ta nyamũ cia kũguĩmwo, na gũtirĩ mũndũ ũngĩmahonokia; maikarĩte marĩ atahe, na gũtirĩ mũndũ ũngiuga atĩrĩ, “Nĩmacookio kwao.”","But this is a robbed and plundered people. All of them are snared in holes, and they are hidden in prisons. They have become captives, and no one delivers, and a plunder, and no one says, ‘Restore them!’"
Isaiah 42:23,"Nũũ wanyu ũgũthikĩrĩria ũhoro ũyũ, kana aũrũmbũiye mahinda marĩa magooka?",Who is there among you who will give ear to this? Who will listen and hear for the time to come?
Isaiah 42:24,"Nũũ waneanire Jakubu atuĩke wa gũtahwo, na nũũ waneanire Isiraeli kũrĩ atunyani? Githĩ ti Jehova, o ũrĩa ithuĩ twĩhĩirie? Nĩgũkorwo andũ nĩmaregire gũthiĩ na njĩra ciake; nĩmagire gwathĩkĩra watho wake.","Who gave Jacob as plunder, and Israel to the robbers? Didn’t Yahweh, he against whom we have sinned? For they would not walk in his ways, and they disobeyed his law."
Isaiah 42:25,"Nĩ ũndũ ũcio nĩamaitĩrĩirie marakara make mahiũ, na akĩmatharĩkĩra na mbaara. Maarigiicĩirio nĩ marakara mahaana ta nĩnĩmbĩ cia mwaki mĩena yothe, no-o matiigana kũmenya. Marakara macio makĩmacina, no matiigana kũrũmbũiya ũhoro ũcio ngoro-inĩ ciao.","Therefore he poured the fierceness of his anger on him, and the strength of battle. It set him on fire all around, but he didn’t know. It burned him, but he didn’t take it to heart.”"
Isaiah 43:1,"No rĩrĩ, wee Jakubu, Jehova ũrĩa wakũũmbire, o we ũcio watũmire ũgĩe ho, wee Isiraeli, ekuuga atĩrĩ: “Tiga gwĩtigĩra, nĩgũkorwo nĩ niĩ ngũkũũrĩte; Ngwĩtĩte na rĩĩtwa rĩaku; wee ũrĩ wakwa.","But now Yahweh who created you, Jacob, and he who formed you, Israel, says: “Don’t be afraid, for I have redeemed you. I have called you by your name. You are mine."
Isaiah 43:2,"Rĩrĩa ũkũgerera maaĩ-inĩ ũkĩhĩtũkĩra kuo-rĩ, ndĩrĩkoragwo hamwe nawe; o na rĩrĩa ũkũringa njũũĩ-rĩ, itigagũtwara. Rĩrĩa ũkũgerera mwaki-inĩ-rĩ, ndũgaagũcina; ndũkarĩrĩmbũkĩrwo nĩ rũrĩrĩmbĩ rwaguo.","When you pass through the waters, I will be with you, and through the rivers, they will not overflow you. When you walk through the fire, you will not be burned, and flame will not scorch you."
Isaiah 43:3,"Nĩgũkorwo nĩ niĩ Jehova, Ngai waku, o we Ũrĩa Mũtheru wa Isiraeli, Mũhonokia waku; nĩheanĩte bũrũri wa Misiri ũtuĩke kĩndũ gĩa gũgũkũũra, nakuo Kushi na Seba ngakũheana ithenya rĩaku.","For I am Yahweh your God, the Holy One of Israel, your Savior. I have given Egypt as your ransom, Ethiopia and Seba in your place."
Isaiah 43:4,"Tondũ wee ũrĩ wa goro mũno, na ũgatĩĩka maitho-inĩ makwa, na tondũ nĩngwendete-rĩ, nĩnganeana andũ nĩ ũndũ waku, na neane ndũrĩrĩ nĩ ũndũ wa muoyo waku.","Since you have been precious and honored in my sight, and I have loved you, therefore I will give people in your place, and nations instead of your life."
Isaiah 43:5,"Tiga gwĩtigĩra, nĩgũkorwo ndĩ hamwe nawe; nĩngakũrehere ciana ciaku kuuma mwena wa irathĩro, na ngũcookanĩrĩrie kuuma mwena wa ithũĩro.","Don’t be afraid, for I am with you. I will bring your offspring from the east, and gather you from the west."
Isaiah 43:6,"Nĩngeera mwena wa gathigathini atĩrĩ, ‘Marekererie!’ na njĩĩre mwena wa gũthini atĩrĩ, ‘Tiga kũmagirĩrĩria.’ Ariũ akwa marehei moime kũndũ kũraya, o nao airĩtu akwa marehei moime ituri-inĩ ciothe cia thĩ:","I will tell the north, ‘Give them up!’ and tell the south, ‘Don’t hold them back! Bring my sons from far away, and my daughters from the ends of the earth—"
Isaiah 43:7,"arĩa othe metanĩtio na rĩĩtwa rĩakwa, o acio ndoombire nĩgeetha riiri wakwa wonekage, acio ndoombire, o acio wĩra wa moko makwa.”","everyone who is called by my name, and whom I have created for my glory, whom I have formed, yes, whom I have made.’ ”"
Isaiah 43:8,"Tongoriai andũ arĩa marĩ na maitho, no nĩ atumumu, na andũ arĩa marĩ na matũ, no matiiguaga.","Bring out the blind people who have eyes, and the deaf who have ears."
Isaiah 43:9,"Andũ a ndũrĩrĩ ciothe nĩmonganĩte hamwe, nao andũ a mabũrũri makagomana. Nĩ mũndũ ũrĩkũ wao warathire ũhoro ũyũ, na agĩtwĩra maũndũ marĩa maarĩ ma tene? Nĩmarehe aira ao moonanie atĩ ũhoro ũcio wao warĩ wa ma, nĩguo andũ maũigua moige atĩrĩ, “Ũhoro ũcio nĩ wa ma.”","Let all the nations be gathered together, and let the peoples be assembled. Who among them can declare this, and show us former things? Let them bring their witnesses, that they may be justified, or let them hear, and say, “That is true.”"
Isaiah 43:10,"“Inyuĩ nĩ inyuĩ aira akwa,” ũguo nĩguo Jehova ekuuga. “O na nĩ inyuĩ ndungata ciakwa iria thuurĩte nĩgeetha mũmenye, na mũnjĩtĩkie, na mũmenye atĩ niĩ nĩ niĩ ũrĩa we. Mbere yakwa gũtirĩ ũngĩ wombĩtwo, na gũtikagĩa ũngĩ thuutha wakwa.","“You are my witnesses,” says Yahweh, “With my servant whom I have chosen; that you may know and believe me, and understand that I am he. Before me there was no God formed, neither will there be after me."
Isaiah 43:11,"Niĩ-rĩ, o niĩ nĩ niĩ Jehova, na gũtirĩ mũhonokia ũngĩ tiga niĩ.","I myself am Yahweh. Besides me, there is no savior."
Isaiah 43:12,"Niĩ-rĩ, nĩnguũranĩirie ũhoro, na ngahonokania, na ngoimbũra: Niĩ mwene, na ti ngai ngʼeni ĩrĩ thĩinĩ wanyu. Tondũ ũcio, inyuĩ nĩ inyuĩ aira akwa atĩ niĩ nĩ niĩ Mũrungu,” ũguo nĩguo Jehova ekuuga.","I have declared, I have saved, and I have shown, and there was no strange god among you. Therefore you are my witnesses”, says Yahweh, “and I am God."
Isaiah 43:13,"“Ĩĩ, ti-itherũ, kuuma matukũ ma tene, niĩ nĩ niĩ ũrĩa we. Gũtirĩ mũndũ o na ũ ũngĩhota kũhonokia mũndũ kuuma guoko-inĩ gwakwa. Rĩrĩa ndeka ũndũ-rĩ, nũũ ũngĩhota kũũgarũra?”","Yes, since the day was, I am he. There is no one who can deliver out of my hand. I will work, and who can hinder it?”"
Isaiah 43:14,"Jehova, Mũhonokia wanyu, o Ũrĩa Mũtheru wa Isiraeli, ekuuga atĩrĩ, “Nĩngatũma mbũtũ ya ita yũkĩrĩre Babuloni nĩ ũndũ wanyu, na ndehe andũ othe a Babuloni marĩ mĩgwate, maikũrũkĩtio na marikabu iria makenagio nĩcio.","Yahweh, your Redeemer, the Holy One of Israel says: “For your sake, I have sent to Babylon, and I will bring all of them down as fugitives, even the Chaldeans, in the ships of their rejoicing."
Isaiah 43:15,"Niĩ nĩ niĩ Jehova, Ũrĩa Mũtheru wanyu, Mũũmbi wa Isiraeli, na Mũthamaki wanyu.”","I am Yahweh, your Holy One, the Creator of Israel, your King.”"
Isaiah 43:16,"Ũũ nĩguo Jehova ekuuga, o ũcio watemire njĩra iria-inĩ, na agĩtema gacĩra kũndũ kũrĩa kwarĩ maaĩ marĩ hinya,","Yahweh, who makes a way in the sea, and a path in the mighty waters,"
Isaiah 43:17,"ũrĩa waguucĩrĩirie ngaari cia ita o na mbarathi, na mbũtũ cia ita, hamwe na anene a cio, nao magĩkoma hau na maticooke kwarahũka rĩngĩ, makĩhora biũ ta rũtambĩ rũhoretio.","who brings out the chariot and horse, the army and the mighty man (they lie down together, they shall not rise; they are extinct, they are quenched like a wick) says:"
Isaiah 43:18,“Tigai kũririkana maũndũ marĩa mahĩtũkĩte; o na tigai gwĩcũũrania maũndũ marĩa ma tene.,"“Don’t remember the former things, and don’t consider the things of old."
Isaiah 43:19,"Atĩrĩrĩ, nĩngwĩka ũndũ mwerũ! Rĩu no hĩndĩ ũraakunũka; kaĩ inyuĩ mũtaraũmenya? Ngwĩka atĩrĩ, nĩngũtema njĩra werũ-inĩ, nakuo rũngʼũrĩ-inĩ ndũme gũtherũke tũrũũĩ.","Behold, I will do a new thing. It springs out now. Don’t you know it? I will even make a way in the wilderness, and rivers in the desert."
Isaiah 43:20,"Nyamũ cia gĩthaka, ta mbwe na ndundu, nĩciiheaga gĩtĩĩo, tondũ nĩ niĩ heanaga maaĩ werũ-inĩ o na rũngʼũrĩ-inĩ, ngatũma kũgĩe na tũrũũĩ twa kũnyuuagwo nĩ andũ akwa, andũ arĩa niĩ thuurĩte,","The animals of the field, the jackals and the ostriches, shall honor me, because I give water in the wilderness and rivers in the desert, to give drink to my people, my chosen,"
Isaiah 43:21,"andũ arĩa ndeyũmbĩire, nĩguo mahunjagie ũhoro wa ũgooci wakwa.","the people which I formed for myself, that they might declare my praise."
Isaiah 43:22,"“No rĩrĩ, wee Jakubu ndũrĩ wangaĩra, nawe Isiraeli-rĩ, nĩkũnogio ũnogetio nĩ niĩ.","Yet you have not called on me, Jacob; but you have been weary of me, Israel."
Isaiah 43:23,"Inyuĩ mũtindeheire ngʼondu cia maruta ma njino, kana mũkandĩĩithia na magongona manyu. Ndimũhatĩrĩirie na magongona ma mũtu, kana ngamũnogia na kũmwĩtia ũbumba.","You have not brought me any of your sheep for burnt offerings, neither have you honored me with your sacrifices. I have not burdened you with offerings, nor wearied you with frankincense."
Isaiah 43:24,"Mũtirĩ mwangũrĩra ũbumba ũrĩa ũrĩ mũtararĩko mwega, o na kana mũkandutĩra maguta ma magongona manyu. No rĩrĩ, mehia manyu nĩmanditũhĩire na mũkaanogia na mawaganu manyu.","You have bought me no sweet cane with money, nor have you filled me with the fat of your sacrifices, but you have burdened me with your sins. You have wearied me with your iniquities."
Isaiah 43:25,"“Niĩ, o niĩ mwene, nĩ niĩ tharagia mahĩtia maku, mathire biũ, nĩ ũndũ wakwa Niĩ mwene, na ngaaga kũririkana mehia manyu rĩngĩ.","I, even I, am he who blots out your transgressions for my own sake; and I will not remember your sins."
Isaiah 43:26,"Ta ndirikaniai maũndũ marĩa mahĩtũkĩte, na mũreke tũmaarĩrĩrie tũrĩ hamwe; ningĩ mũciire muonanie atĩ mũtiĩhĩtie.","Put me in remembrance. Let us plead together. Declare your case, that you may be justified."
Isaiah 43:27,Ithe wanyu wa mbere nĩehirie; nao andũ arĩa maaragia ithenya rĩanyu makĩĩnemera.,"Your first father sinned, and your teachers have transgressed against me."
Isaiah 43:28,"Nĩ ũndũ ũcio-rĩ, nĩngaconorithia anene a hekarũ yanyu, na ndũme Jakubu anangĩke, o nake Isiraeli atuĩke wa kũnyararwo.","Therefore I will profane the princes of the sanctuary; and I will make Jacob a curse, and Israel an insult.”"
Isaiah 44:1,"“No rĩrĩ, ta thikĩrĩria, wee Jakubu, ndungata yakwa, o we Isiraeli, ũrĩa niĩ thuurĩte.","Yet listen now, Jacob my servant, and Israel, whom I have chosen."
Isaiah 44:2,"Jehova, ũrĩa wakũũmbire na agĩgũthondeka ũrĩ nda ya maitũguo, o ũrĩa ũrĩgũteithagia, ekuuga atĩrĩ: Tiga gwĩtigĩra, wee Jakubu, ndungata yakwa, o nawe Jeshuruni, ũrĩa niĩ thuurĩte.","This is what Yahweh who made you, and formed you from the womb, who will help you says: “Don’t be afraid, Jacob my servant; and you, Jeshurun, whom I have chosen."
Isaiah 44:3,"Nĩgũkorwo bũrũri ũrĩa mũngʼaru nĩngaũitĩrĩria maaĩ, nakuo kũndũ kũrĩa kũmũ nĩgũgathereraga tũrũũĩ; naruo rũciaro rwaku nĩngarũitĩrĩria Roho wakwa, nacio njiaro cianyu ndĩciitĩrĩrie kĩrathimo gĩakwa.","For I will pour water on him who is thirsty, and streams on the dry ground. I will pour my Spirit on your descendants, and my blessing on your offspring;"
Isaiah 44:4,"Nĩmakaingĩha o ta nyeki ya gĩtuamba ĩkunũkĩte, o na kana ta mĩtĩ ya mĩribina ĩrĩa ĩkũraga hũgũrũrũ-inĩ cia njũũĩ.","and they will spring up among the grass, as willows by the watercourses."
Isaiah 44:5,"Mũndũ ũmwe nĩakoiga atĩrĩ, ‘Niĩ ndĩ wa Jehova’; nake ũrĩa ũngĩ akeĩtania na Jakubu; o nake ũngĩ eyandĩke guoko gwake atĩrĩ, ‘Ndĩ wa Jehova,’ na eetue rĩĩtwa rĩĩtanĩtio na Isiraeli.","One will say, ‘I am Yahweh’s.’ Another will be called by the name of Jacob; and another will write with his hand ‘to Yahweh,’ and honor the name of Israel.”"
Isaiah 44:6,"“Atĩrĩrĩ, Mũthamaki wa Isiraeli na Mũkũũri wao, o we Jehova-Mwene-Hinya-Wothe, ekuuga atĩrĩ: Nĩ niĩ wa mbere na nĩ niĩ wa kũrigĩrĩria, gũtirĩ Ngai ũngĩ tiga niĩ.","This is what Yahweh, the King of Israel, and his Redeemer, Yahweh of Armies, says: “I am the first, and I am the last; and besides me there is no God."
Isaiah 44:7,"Nũũ ũkĩhaana ta niĩ? Nĩarekwo oimbũre ũhoro ũcio. Nĩaheane ũhoro ũcio na oimbũre arĩ mbere yakwa, ũrĩa gwatariĩ kuuma rĩrĩa ndoombire andũ akwa a tene, na onanie ũrĩa gũgaikara thuutha-inĩ; ĩĩ, nĩakĩrathe ũhoro wa maũndũ marĩa magooka.","Who is like me? Who will call, and will declare it, and set it in order for me, since I established the ancient people? Let them declare the things that are coming, and that will happen."
Isaiah 44:8,"Tigai kũinaina, o na kana mwĩtigĩre. Githĩ ndioimbũrire maũndũ maya, na ngĩratha ũhoro ũyũ kuuma o tene? Inyuĩ nĩ inyuĩ aira akwa. Nĩ kũrĩ Ngai ũngĩ tiga niĩ? Aca, gũtirĩ rwaro rũngĩ rwa Ihiga, niĩ ndirĩ ũngĩ njũũĩ.”","Don’t fear, neither be afraid. Haven’t I declared it to you long ago, and shown it? You are my witnesses. Is there a God besides me? Indeed, there is not. I don’t know any other Rock.”"
Isaiah 44:9,"Andũ arĩa othe mathondekaga mĩhianano ya kũhooywo nĩ a tũhũ, na indo iria meriragĩria mũno itirĩ bata. Andũ arĩa mangĩaria ithenya rĩao nĩ atumumu; gũtirĩ ũndũ mamenyaga, ũguo nĩguo ũmaconorithagia.","Everyone who makes a carved image is vain. The things that they delight in will not profit. Their own witnesses don’t see, nor know, that they may be disappointed."
Isaiah 44:10,"Nũũ wacũhagia mũhianano wa kũhooywo, o na ageturĩra mũhianano wa gũtwekio ũrĩa ũtangĩmũguna?","Who has fashioned a god, or molds an image that is profitable for nothing?"
Isaiah 44:11,We na arĩa macihooyaga nĩmagaconorithio; mabundi o nao no andũ matarĩ kĩene. Othe nĩmongane hamwe na matue itua; nao nĩmakanyiitwo nĩ guoya mũnene na maconorithio.,"Behold, all his fellows will be disappointed; and the workmen are mere men. Let them all be gathered together. Let them stand up. They will fear. They will be put to shame together."
Isaiah 44:12,"Mũturi wa igera ooyaga kĩndũ kĩa wĩra, na agakĩrutĩra wĩra agagĩcina na makara; agathondeka ngai ya mũhianano na nyondo, akaũtura na hinya wa guoko gwake. Mũndũ ũcio ahũũtaga, akoorwo nĩ hinya; akaga kũnyua maaĩ, akaringĩka.","The blacksmith takes an ax, works in the coals, fashions it with hammers, and works it with his strong arm. He is hungry, and his strength fails; he drinks no water, and is faint."
Isaiah 44:13,"Mũtharamara aigaga rũrigi rwa kũrũngaria mũhari, agacooka agakurura na karamu; mũhianano ũcio egũthondeka akaũhũũra randa, ningĩ akaũthima gĩthiũrũrĩ, na agacooka kũwacũhia wega ũhaanane na mũhianĩre wa mũndũ, o ta mũndũ ũrĩ na riiri wake wothe, nĩgeetha ũtũũre ihooero-inĩ rĩaguo.","The carpenter stretches out a line. He marks it out with a pencil. He shapes it with planes. He marks it out with compasses, and shapes it like the figure of a man, with the beauty of a man, to reside in a house."
Isaiah 44:14,"Mũndũ aatemire mĩtarakwa, na agĩĩthuurĩra mũkarakaba kana mũgandi. Akĩreka ũkũranĩre na mĩtĩ ĩrĩa ĩngĩ ya mũtitũ, kana akĩhaanda mũthengera, nayo mbura ĩkĩũkũria.","He cuts down cedars for himself, and takes the cypress and the oak, and strengthens for himself one among the trees of the forest. He plants a cypress tree, and the rain nourishes it."
Isaiah 44:15,"Mũtĩ ũcio nĩ wa kuunwo ngũ; oyaga imwe agaakia mwaki, agoota, no iria ingĩ agaakia mwaki, akaruga mĩgate. Ningĩ gĩcunjĩ kĩmwe agethondekera ngai ya mũhianano, akamĩhooyaga. Ĩĩ ti-itherũ, athondekaga mũhianano mũicũhie akaũinamagĩrĩra.","Then it will be for a man to burn; and he takes some of it and warms himself. Yes, he burns it and bakes bread. Yes, he makes a god and worships it; he makes it a carved image, and falls down to it."
Isaiah 44:16,"Nuthu ya ngũ agaakia mwaki nacio; akarugĩra irio ciake ho, na akahĩhĩria nyama ciake ho, akarĩa, akahũũna. Ningĩ agoota mwaki, akoiga atĩrĩ, “Hĩ! Nĩndaigua ũrugarĩ; nĩndona mwaki.”","He burns part of it in the fire. With part of it, he eats meat. He roasts a roast and is satisfied. Yes, he warms himself and says, “Aha! I am warm. I have seen the fire.”"
Isaiah 44:17,"Ngũ iria ciatigara agathondeka ngai, mũhianano wake wa kũhooya; akaũinamĩrĩra na akaũturĩria maru. Akaũhooya, akoiga atĩrĩ, “Honokia; wee nĩwe ngai yakwa.”","The rest of it he makes into a god, even his engraved image. He bows down to it and worships, and prays to it, and says, “Deliver me, for you are my god!”"
Isaiah 44:18,"Matirĩ ũndũ mooĩ, na matirĩ ũndũ mamenyaga; maitho mao nĩmahumbĩre, nĩ ũndũ ũcio matingĩona, na meciiria mao nĩmahingĩtwo makaaga kũmenya maũndũ.","They don’t know, neither do they consider, for he has shut their eyes, that they can’t see, and their hearts, that they can’t understand."
Isaiah 44:19,"Gũtirĩ mũndũ ũkiraga ageciiria, gũtirĩ mũndũ ũrĩ na ũũgĩ kana ũmenyo oige atĩrĩ, “Nuthu ya ngũ ndahũthĩrire na gwakia mwaki; o na ngĩrugĩra mĩgate makara-inĩ macio, na ngĩcooka ngĩhĩhia nyama na ngĩrĩa. Ti-itherũ no ngĩthondeke kĩndũ kĩrĩ magigi kuuma kũrĩ ngũ iria itigaire? Ti-itherũ no nyinamĩrĩre gĩcunjĩ kĩa mũtĩ?”","No one thinks, neither is there knowledge nor understanding to say, “I have burned part of it in the fire. Yes, I have also baked bread on its coals. I have roasted meat and eaten it. Shall I make the rest of it into an abomination? Shall I bow down to a tree trunk?”"
Isaiah 44:20,"Arĩĩaga mũhu, ahĩtithĩtio nĩ ngoro ĩrĩa ĩheenekete; ndangĩhota kwĩhonokia, kana oige atĩrĩ, “Githĩ kĩndũ gĩkĩ kĩrĩ guoko gwakwa kwa ũrĩo ti maheeni?”","He feeds on ashes. A deceived heart has turned him aside; and he can’t deliver his soul, nor say, “Isn’t there a lie in my right hand?”"
Isaiah 44:21,"“Ririkana maũndũ maya, wee Jakubu, o wee Isiraeli, tondũ ũrĩ ndungata yakwa. Nĩ niĩ ndakũũmbire, wee ũrĩ ndungata yakwa; atĩrĩ, wee Isiraeli, ndikaariganĩrwo nĩwe.","Remember these things, Jacob and Israel, for you are my servant. I have formed you. You are my servant. Israel, you will not be forgotten by me."
Isaiah 44:22,"Nĩnjeheretie mahĩtia maku magathira biũ, o ta ũrĩa itu rĩa mbura rĩthiraga, mehia maku ngamaniina ta kĩbii kĩa rũciinĩ. Njookerera tondũ nĩngũkũũrĩte.”","I have blotted out, as a thick cloud, your transgressions, and, as a cloud, your sins. Return to me, for I have redeemed you."
Isaiah 44:23,"Wee igũrũ ina nĩ gũkena, nĩgũkorwo nĩ Jehova wĩkĩte ũndũ ũcio; nawe thĩ ũrĩ rungu rwa igũrũ-rĩ, anĩrĩra. Na inyuĩ irĩma-rĩ, inai rwĩmbo, o na inyuĩ mĩtitũ na mĩtĩ yanyu yothe inai, nĩgũkorwo Jehova nĩakũũrĩte Jakubu, na akoonania riiri wake kũu Isiraeli.","Sing, you heavens, for Yahweh has done it! Shout, you lower parts of the earth! Break out into singing, you mountains, O forest, all of your trees, for Yahweh has redeemed Jacob, and will glorify himself in Israel."
Isaiah 44:24,"“Jehova, Mũkũũri waku, ũrĩa wakũũmbĩire nda ya maitũguo, ekuuga atĩrĩ: “Niĩ nĩ niĩ Jehova ũrĩa wombire indo ciothe, ũrĩa watambũrũkirie igũrũ ndĩ nyiki, ũrĩa waaraganirie thĩ ndĩ nyiki,","Yahweh, your Redeemer, and he who formed you from the womb says: “I am Yahweh, who makes all things; who alone stretches out the heavens; who spreads out the earth by myself;"
Isaiah 44:25,"nĩ niĩ ngiragĩrĩria ciama cia anabii a maheeni, nao aragũri ngamatua irimũ, ningĩ ngagarũra ũũgĩ wa arĩa oogĩ, ngaũtua ũrimũ mũtheri.","who frustrates the signs of the liars, and makes diviners mad; who turns wise men backward, and makes their knowledge foolish;"
Isaiah 44:26,"Nĩ niĩ njĩkagĩra ciugo cia ndungata ciakwa hinya, na ngahingia ũrathi wa atũmwo akwa, na ha ũhoro wa Jerusalemu ngoiga atĩrĩ, ‘Nĩrĩgatũũrwo,’ na ha ũhoro wa matũũra ma Juda ngoiga atĩrĩ, ‘Nĩmagaakwo,’ o na kũndũ gwakuo kũrĩa kwanangĩtwo ngoiga atĩrĩ, ‘Nĩngagũcookereria.’","who confirms the word of his servant, and performs the counsel of his messengers; who says of Jerusalem, ‘She will be inhabited;’ and of the cities of Judah, ‘They will be built,’ and ‘I will raise up its waste places;’"
Isaiah 44:27,"Nĩ niĩ njĩĩraga maaĩ ma kũrĩa kũriku atĩrĩ, ‘Hũai, na nĩngahũithia tũrũũĩ twanyu.’","who says to the deep, ‘Be dry,’ and ‘I will dry up your rivers,’"
Isaiah 44:28,"Nĩ niĩ njugaga ũhoro wa Mũthamaki Kurusu atĩrĩ, ‘Nĩwe mũrĩithi wa mbũri ciakwa, na nĩwe ũkaahingia ũrĩa wothe nyendaga wĩkwo; Nĩakoiga ũhoro wa Jerusalemu atĩrĩ, “Nĩrĩakwo,” na ha ũhoro wa hekarũ oige atĩrĩ, “Mĩthingi yayo nĩyakwo.” ’ ”","who says of Cyrus, ‘He is my shepherd, and shall perform all my pleasure,’ even saying of Jerusalem, ‘She will be built;’ and of the temple, ‘Your foundation will be laid.’ ”"
Isaiah 45:1,"Atĩrĩrĩ, ũyũ nĩguo ũhoro ũrĩa Jehova areera Kurusu, ũrĩa wake mũitĩrĩrie maguta, o ũcio niĩ nyitĩte guoko gwake kwa ũrĩo nĩguo ndoorie ndũrĩrĩ iria irĩ mbere yake, na njaũre athamaki indo ciao cia mbaara, nĩgeetha ndĩmũhingũrĩre mĩrango mbere yake, na nĩguo ndakanakore ihingo ihingĩtwo:","Yahweh says to his anointed, to Cyrus, whose right hand I have held to subdue nations before him and strip kings of their armor, to open the doors before him, and the gates shall not be shut:"
Isaiah 45:2,"Nĩngagũtongoria na nĩngaragania irĩma; nĩngoinanga ihingo cia gĩcango, na ndinangie mĩgĩĩko ya kĩgera.",“I will go before you and make the rough places smooth. I will break the doors of bronze in pieces and cut apart the bars of iron.
Isaiah 45:3,"Nĩngakũhe igĩĩna iria ihithĩtwo nduma-inĩ, ngũhe ũtonga ũrĩa mũhithe, nĩguo ũmenye atĩ niĩ nĩ niĩ Jehova, o we Ngai wa Isiraeli, ũrĩa ũgwĩtĩte na rĩĩtwa rĩaku.","I will give you the treasures of darkness and hidden riches of secret places, that you may know that it is I, Yahweh, who calls you by your name, even the God of Israel."
Isaiah 45:4,"Nĩngwĩtĩte na rĩĩtwa rĩaku, nĩ ũndũ wa ndungata yakwa Jakubu, o na nĩ ũndũ wa Isiraeli ũcio niĩ ndĩthuurĩire, na ngakũhe rĩĩtwa rĩa gĩtĩĩo, o na gũtuĩka wee ndũnjũũĩ.","For Jacob my servant’s sake, and Israel my chosen, I have called you by your name. I have given you a title, though you have not known me."
Isaiah 45:5,"Niĩ nĩ niĩ Jehova, na gũtirĩ ũngĩ; tiga niĩ gũtirĩ Ngai ũngĩ. Nĩndĩrĩkuongagĩrĩra hinya, o na gũtuĩka wee ndũnjũũĩ,","I am Yahweh, and there is no one else. Besides me, there is no God. I will strengthen† you, though you have not known me,"
Isaiah 45:6,"nĩgeetha kuuma irathĩro rĩa riũa nginya ithũĩro rĩarĩo, andũ mamenye atĩ gũtirĩ ũngĩ tiga niĩ. Niĩ nĩ niĩ Jehova, na gũtirĩ ũngĩ.","that they may know from the rising of the sun, and from the west, that there is no one besides me. I am Yahweh, and there is no one else."
Isaiah 45:7,"Nĩ niĩ ndũmaga kũgĩe ũtheri, o na ngatũma kũgĩe nduma, nĩ niĩ ndehaga ũgaacĩru na ngatũma kũgĩe mwanangĩko; Nĩ niĩ, Jehova, ũrĩa wĩkaga maũndũ macio mothe.","I form the light and create darkness. I make peace and create calamity. I am Yahweh, who does all these things."
Isaiah 45:8,"“Atĩrĩrĩ inyuĩ matu ma igũrũ, urĩriai thĩ ũthingu; o na inyuĩ matu ma mbura itĩrĩriai thĩ ũthingu. Thĩ nayo nĩyathamie kanua, naguo ũhonokio nĩũkunũke, ũmere, ũkũranĩre na ũthingu. Niĩ Jehova-rĩ, nĩ niĩ ndũmĩte igĩe kuo.","Rain, you heavens, from above, and let the skies pour down righteousness. Let the earth open, that it may produce salvation, and let it cause righteousness to spring up with it. I, Yahweh, have created it."
Isaiah 45:9,"“Ũrĩa ũgianaga na Mũmũũmbi, kaĩ arĩ na haaro-ĩ! Ũcio ahaana o ta rũgĩo thĩinĩ wa ngĩĩo iria irĩ thĩ. Rĩũmba rĩahota kũũria ũrĩa ũmbaga indo narĩo atĩrĩ, ‘Nĩ kĩĩ kĩu ũromba?’ O na kana wĩra waku no uuge atĩrĩ, ‘Ndarĩ na moko’?","Woe to him who strives with his Maker— a clay pot among the clay pots of the earth! Shall the clay ask him who fashions it, ‘What are you making?’ or your work, ‘He has no hands’?"
Isaiah 45:10,"Hĩ, kaĩ ũrĩa ũragia ithe atĩrĩ, ‘Nĩ kĩĩ kĩu wagĩire?’ kana akooria nyina atĩrĩ, ‘Nĩ kĩĩ kĩu waciara?’ Kaĩ arĩ na haaro-ĩ!","Woe to him who says to a father, ‘What have you become the father of?’ or to a mother, ‘What have you given birth to?’ ”"
Isaiah 45:11,"“Jehova, Ũrĩa Mũtheru wa Isiraeli, na Mũũmbi wake, ekuuga atĩrĩ: Ha ũhoro ũkoniĩ maũndũ marĩa magooka-rĩ, anga no mũkĩnjũũrie ũhoro wa ciana ciakwa, kana mũnjathĩre wĩra wa moko makwa?","Yahweh, the Holy One of Israel and his Maker says: “You ask me about the things that are to come, concerning my sons, and you command me concerning the work of my hands!"
Isaiah 45:12,"Nĩ niĩ ndombire thĩ, na ngĩũmba andũ arĩa marĩ kuo. Moko makwa nĩmo maatambũrũkirie kũu igũrũ, na ngĩatha mbũtũ cia igũrũ igĩe ho.","I have made the earth, and created man on it. I, even my hands, have stretched out the heavens. I have commanded all their army."
Isaiah 45:13,"Nĩngarahũra Kurusu nĩ ũndũ wa ũthingu wakwa: Nĩngatũma mĩthiĩre yake ĩrũngĩrĩre. We nĩagaaka itũũra rĩakwa rĩrĩa inene rĩngĩ, na ohorithie andũ akwa arĩa matahĩtwo, no rĩrĩ, matikarutĩrwo kĩndũ gĩa kũmakũũra kana marutĩrwo kĩheo, ũguo nĩguo Jehova Mwene-Hinya-Wothe ekuuga.”","I have raised him up in righteousness, and I will make all his ways straight. He shall build my city, and he shall let my exiles go free, not for price nor reward,” says Yahweh of Armies."
Isaiah 45:14,"Jehova ekuuga atĩrĩ: “Maciaro ma bũrũri wa Misiri, na indo cia wonjorithia cia Kushi, o na andũ acio araihu a Sabea, nĩmagooka kũrĩ we matuĩke aku; nĩmagakuuma thuutha, na moke kũrĩ we mohetwo na mĩnyororo. Nĩmagakũinamĩrĩra, magũthaithe, makwĩre atĩrĩ, ‘Ti-itherũ Mũrungu arĩ hamwe nawe, na gũtirĩ ũngĩ tiga we; ti-itherũ gũtirĩ ngai ĩngĩ.’ ”","Yahweh says: “The labor of Egypt, and the merchandise of Ethiopia, and the Sabeans, men of stature, will come over to you, and they will be yours. They will go after you. They shall come over in chains. They will bow down to you. They will make supplication to you: ‘Surely God is in you; and there is no one else. There is no other god."
Isaiah 45:15,"Ti-itherũ wee ũrĩ Mũrungu ũrĩa ũikaraga ehithĩte, Wee Ngai na Mũhonokia wa Isiraeli.","Most certainly you are a God who has hidden yourself, God of Israel, the Savior.’ ”"
Isaiah 45:16,Arĩa othe mathondekaga mĩhianano ya kũhooywo nĩmagaconorithio na manyararithio; makoimagara mathiĩ manyararithio othe hamwe.,"They will be disappointed, yes, confounded, all of them. Those who are makers of idols will go into confusion together."
Isaiah 45:17,"No rĩrĩ, Isiraeli nĩakahonokio nĩ Jehova na ũhonokio wake ũrĩa ũtũũraga tene na tene; wee ndũgaconorithio kana ũnyararithio nginya tene na tene.",Israel will be saved by Yahweh with an everlasting salvation. You will not be disappointed nor confounded to ages everlasting.
Isaiah 45:18,"Nĩgũkorwo Jehova ekuuga atĩrĩ, ũcio wombire igũrũ, o we Ngai, o ũcio wombire thĩ na akĩmĩthondeka, agĩcooka akĩmĩrũmia wega; na ndaamĩũmbire ĩtũũre ĩrĩ ũtheri, no aamĩũmbire ĩtũũragwo nĩ andũ; we ekuuga atĩrĩ: “Niĩ nĩ niĩ Jehova, na gũtirĩ ũngĩ.","For Yahweh who created the heavens, the God who formed the earth and made it, who established it and didn’t create it a waste, who formed it to be inhabited says: “I am Yahweh. There is no other."
Isaiah 45:19,"Ndirĩ ndaaria na hitho, ndĩ handũ bũrũri-inĩ ũrĩ nduma; ndirĩ ndeera njiaro cia Jakubu atĩrĩ, ‘Nongoriai o ũguo tũhũ.’ Niĩ Jehova, njaragia ũhoro wa ma; nyumbũraga maũndũ marĩa magĩrĩire.","I have not spoken in secret, in a place of the land of darkness. I didn’t say to the offspring of Jacob, ‘Seek me in vain.’ I, Yahweh, speak righteousness. I declare things that are right."
Isaiah 45:20,"“Cookanĩrĩrai hamwe, mũũke; ũnganai, inyuĩ arĩa mũũrĩte kuuma kũrĩ ndũrĩrĩ. Kwaga ũmenyi-rĩ, nĩ andũ arĩa makuuaga mĩhianano ya kũhooywo ya mĩtĩ, na makahooya ngai itangĩhota kũmahonokia.","“Assemble yourselves and come. Draw near together, you who have escaped from the nations. Those have no knowledge who carry the wood of their engraved image, and pray to a god that can’t save."
Isaiah 45:21,"Umbũrai ũhoro wa ũrĩa gũgaikara, na mũũheane, na andũ marekwo maciire marĩ hamwe. Nũũ waheanire ũhoro ũyũ kuuma o tene? Ningĩ nũũ waumbũrĩte matukũ-inĩ macio ma tene mũno? Githĩ ti niĩ, niĩ Jehova? Gũtirĩ Ngai ũngĩ tiga niĩ, Mũrungu mũthingu na Mũhonokia; ti-itherũ gũtirĩ ũngĩ tiga niĩ.","Declare and present it. Yes, let them take counsel together. Who has shown this from ancient time? Who has declared it of old? Haven’t I, Yahweh? There is no other God besides me, a just God and a Savior. There is no one besides me."
Isaiah 45:22,"“Atĩrĩrĩ, inyuĩ ituri ciothe cia thĩ, njookererai mũhonokio, nĩgũkorwo niĩ nĩ niĩ Mũrungu, na gũtirĩ ũngĩ tiga niĩ.","“Look to me, and be saved, all the ends of the earth; for I am God, and there is no other."
Isaiah 45:23,"Nĩndĩhĩtĩte ngĩĩgwetaga rĩĩtwa rĩakwa niĩ mwene, naguo ũhoro ũkoima kanua gakwa na kĩhooto, naguo ndũkagarũrũka o na atĩa: Maru mothe nĩmagaturio mbere yakwa; nacio nĩmĩ ciothe nĩcikeehĩta na rĩĩtwa rĩakwa.","I have sworn by myself. The word has gone out of my mouth in righteousness, and will not be revoked, that to me every knee shall bow, every tongue shall take an oath."
Isaiah 45:24,"Nĩmakaaria ũhoro wakwa, moige atĩrĩ, ‘Ũthingu na hinya cionekaga harĩ Jehova o we wiki.’ ” Andũ arĩa othe maarakarire makĩmũũkĩrĩra, nĩmagooka harĩ we maconorithio.","They will say of me, ‘There is righteousness and strength only in Yahweh.’ ” Even to him will men come. All those who raged against him will be disappointed."
Isaiah 45:25,"No njiaro ciothe cia Isiraeli nĩikoonekaga irĩ na ũthingu nĩ ũndũ wa Jehova, na nĩigakena mũno.","All the offspring of Israel will be justified in Yahweh, and will rejoice!"
Isaiah 46:1,"Atĩrĩrĩ, Beli nĩĩinamĩrĩire, nayo Nebo ĩkahocerera; mĩhianano yacio ya kũhooywo ĩkuuagwo nĩ nyamũ cia mũtitũ o na ngʼombe. Mĩhianano ĩyo mĩacũhie ĩkuuagwo kũndũ na kũndũ nĩĩtuĩkĩte mĩrigo mĩritũ, mĩrigo ya kũnogia nyamũ iria imĩkuuaga.","Bel bows down. Nebo stoops. Their idols are carried by animals, and on the livestock. The things that you carried around are heavy loads, a burden for the weary."
Isaiah 46:2,"Nyamũ icio na ngai icio cia kũhooywo irainamĩrĩra hamwe; ciothe ikaremwo nĩkũhonokia mĩhianano ĩyo ĩkuuĩtwo, nacio nyene igatahwo igatwarwo ũkombo-inĩ.","They stoop and they bow down together. They could not deliver the burden, but they have gone into captivity."
Isaiah 46:3,"“Atĩrĩrĩ, ta thikĩrĩriai, inyuĩ nyũmba ya Jakubu, inyuothe matigari ma nyũmba ya Isiraeli, o inyuĩ arĩa ndũire nditikĩte kuuma rĩrĩa mwarĩ nda cia manyina manyu, na ngatũũra ndĩmũkuuĩte kuuma rĩrĩa mwaciarirwo.","“Listen to me, house of Jacob, and all the remnant of the house of Israel, that have been carried from their birth, that have been carried from the womb."
Isaiah 46:4,"O na ũkũrũ-inĩ wanyu, no niĩ, o na rĩrĩa mũgaakorwo mũrĩ na mbuĩ, niĩ nĩ niĩ ngũmũtũũria muoyo. Nĩ niĩ ndaamũũmbire, na nĩ niĩ ngũtũũra ndĩmũkuuaga, ĩĩ ti-itherũ nĩ niĩ ngũmũtũũria muoyo na ndĩmũhonokagie.","Even to old age I am he, and even to gray hairs I will carry you. I have made, and I will bear. Yes, I will carry, and will deliver."
Isaiah 46:5,"“Niĩ-rĩ, mũngĩngerekania na ũ kana nũũ mũngĩnjiganania nake? Mũngĩĩhaanania na ũ nĩguo tũgerekanio nake?","“To whom will you compare me, and consider my equal, and compare me, as if we were the same?"
Isaiah 46:6,"Andũ amwe maitũrũraga thahabu kuuma mondo-inĩ ciao, na magathima betha na ratiri; magacooka makaandĩka mũturi wa thahabu amĩthondeke ĩtuĩke mũhianano wa ngai yao, nao magacooka makamĩinamĩrĩra, makamĩhooya.","Some pour out gold from the bag, and weigh silver in the balance. They hire a goldsmith, and he makes it a god. They fall down— yes, they worship."
Isaiah 46:7,"Mũhianano ũcio maũigagĩrĩra ciande ciao, makaũkuua; makaũiga handũ haguo, ũgaikara ũrũgamĩte o hau. No ndũngĩhota kuuma hau wĩtware. O na mũndũ angĩũkaĩra-rĩ, ndũngĩcookia, kana ũhonokie mũndũ ũcio kuuma mathĩĩna-inĩ make.","They bear it on their shoulder. They carry it, and set it in its place, and it stands there. It cannot move from its place. Yes, one may cry to it, yet it can not answer. It cannot save him out of his trouble."
Isaiah 46:8,"“Inyuĩ aremi aya, ririkanai ũndũ ũyũ, na mũwĩkĩre meciiria-inĩ manyu, mũũige ngoro-inĩ.","“Remember this, and show yourselves men. Bring it to mind again, you transgressors."
Isaiah 46:9,"Ririkanai maũndũ marĩa mahĩtũkĩte, marĩa ma tene; niĩ nĩ niĩ Mũrungu, na gũtirĩ ũngĩ tiga niĩ; niĩ nĩ niĩ Ngai, na gũtirĩ ũngĩ ũhaana ta niĩ.","Remember the former things of old; for I am God, and there is no other. I am God, and there is none like me."
Isaiah 46:10,"Niĩ menyithanagia maũndũ marĩa mageekĩka marigĩrĩrio-inĩ kuuma o kĩambĩrĩria, namo maũndũ marĩa magooka ngamamenyithania kuuma o tene. Ngoiga atĩrĩ: Ũrĩa nduĩte nĩũkahinga, namo maũndũ mothe marĩa nyendaga gwĩka-rĩ, no mo ngeeka.","I declare the end from the beginning, and from ancient times things that are not yet done. I say: My counsel will stand, and I will do all that I please."
Isaiah 46:11,Nĩngeeta nyoni ndĩa nyama kuuma mwena wa irathĩro; nĩngeeta mũndũ wa kũhingia maũndũ marĩa nduĩte gwĩka kuuma bũrũri wa kũraya.* Ũrĩa njugĩte nĩngahingia; ũndũ ũrĩa ndĩciirĩtie gwĩka nĩngawĩka.,"I call a ravenous bird from the east, the man of my counsel from a far country. Yes, I have spoken. I will also bring it to pass. I have planned. I will also do it."
Isaiah 46:12,"Ta thikĩrĩriai, inyuĩ andũ a ngoro nyũmũ, o inyuĩ mũraihanĩrĩirie na ũhoro wa ũthingu.","Listen to me, you stubborn-hearted, who are far from righteousness!"
Isaiah 46:13,"Nĩngũreharehe ũthingu wakwa hakuhĩ, ndũrĩ kũraya; o naguo ũhonokio wakwa ũgũũka o narua. Ũhoro wa ũhonokio wakwa ngũwathĩrĩra Zayuni, na njathĩrĩre riiri wakwa kũrĩ Isiraeli.","I bring my righteousness near. It is not far off, and my salvation will not wait. I will grant salvation to Zion, my glory to Israel."
Isaiah 47:1,"“Atĩrĩrĩ, harũrũka ũikare thĩ rũkũngũ-inĩ, wee Mũirĩtu Gathirange wa Babuloni; ikara thĩ ũtaikarĩire gĩtĩ kĩa ũnene, wee Mwarĩ wa andũ a Babuloni. Ndũgacooka gũtuĩka mũndũ wa kũmenyererwo, kana mũndũ mũnyoroku ũtarĩ ũndũ angĩĩkĩra.","“Come down and sit in the dust, virgin daughter of Babylon. Sit on the ground without a throne, daughter of the Chaldeans. For you will no longer be called tender and delicate."
Isaiah 47:2,"Oya mahiga ma gĩthĩi, ũthĩe mũtu; eheria gĩtambaya gĩa kwĩhumbĩra ũthiũ. Heta nguo ciaku na ũguũrie magũrũ maku, ũtoboke maaĩ-inĩ ũringe tũrũũĩ.","Take the millstones and grind flour. Remove your veil, lift up your skirt, uncover your legs, and wade through the rivers."
Isaiah 47:3,"Nĩũkarutwo nguo ũtigwo njaga, ũikare ũconorithĩtio. Nĩngerĩhĩria, na gũtirĩ mũndũ ngaiguĩra tha.”","Your nakedness will be uncovered. Yes, your shame will be seen. I will take vengeance, and will spare no one.”"
Isaiah 47:4,"Mũkũũri witũ, Jehova Mwene-Hinya-Wothe nĩrĩo Rĩĩtwa rĩake, nĩwe Ũrĩa Mũtheru wa Isiraeli.","Our Redeemer, Yahweh of Armies is his name, is the Holy One of Israel."
Isaiah 47:5,"“Wee Mwarĩ wa andũ a Babuloni, ikara thĩ ũkirĩte ki, ũthiĩ ũkinye nduma-inĩ; ndũgacooka gwĩtwo mũthamaki-mũndũ-wa-nja wa gwatha mothamaki.","“Sit in silence, and go into darkness, daughter of the Chaldeans. For you shall no longer be called the mistress of kingdoms."
Isaiah 47:6,"Nĩkũrakara ndaarakarĩĩtio nĩ andũ akwa, na ngĩtũma igai rĩakwa rĩthaahe; ngĩmaneana moko-inĩ maku, nawe ũkĩaga kũmaiguĩra tha. O na andũ arĩa akũrũ ũkĩmaigĩrĩra icooki iritũ mũno.",I was angry with my people. I profaned my inheritance and gave them into your hand. You showed them no mercy. You laid a very heavy yoke on the aged.
Isaiah 47:7,"Nawe ũkiuga atĩrĩ, ‘Ngũtũũra ndĩ mũthamaki-mũndũ-wa-nja nginya tene!’ No wee ndũigana gũcũũrania maũndũ maya, o na kana wĩciirie ũrĩa ũhoro wamo wa kũrigĩrĩria ũgaikara.","You said, ‘I will be a princess forever,’ so that you didn’t lay these things to your heart, nor did you remember the results."
Isaiah 47:8,"“Na rĩrĩ, ta thikĩrĩria, wee wendete ikeno, na ũikaraga ũtarĩ ũgwati ũngĩĩtigĩra, na ũkeĩraga atĩrĩ, ‘Niĩ no niĩ, na gũtirĩ ũngĩ tiga niĩ. Ndirĩ hĩndĩ ngaatuĩka mũtumia wa ndigwa, kana menye ũhoro wa gũkuĩrwo nĩ ciana.’","“Now therefore hear this, you who are given to pleasures, who sit securely, who say in your heart, ‘I am, and there is no one else besides me. I won’t sit as a widow, neither will I know the loss of children.’"
Isaiah 47:9,"Maũndũ macio meerĩ nĩmagagũkorerera o rĩmwe, mũthenya o ro ũmwe: nĩũgakuĩrwo nĩ ciana, na ũtuĩke mũtumia wa ndigwa. Maũndũ macio magaagũkorerera na ũiyũru biũ, o na gũtuĩka ũrĩ na ũrogi mũingĩ, na ũgo waku ũkaingĩha mũno.","But these two things will come to you in a moment in one day: the loss of children and widowhood. They will come on you in their full measure, in the multitude of your sorceries, and the great abundance of your enchantments."
Isaiah 47:10,"Ũtũire wĩhokete waganu waku, ũkoiga atĩrĩ, ‘Gũtirĩ mũndũ ũnyonaga.’ Ũũgĩ na ũmenyo waku nĩikũhĩtithagia rĩrĩa ũkwĩĩra atĩrĩ, ‘Niĩ no niĩ, na gũtirĩ ũngĩ tiga niĩ.’","For you have trusted in your wickedness. You have said, ‘No one sees me.’ Your wisdom and your knowledge has perverted you. You have said in your heart, ‘I am, and there is no one else besides me.’"
Isaiah 47:11,"Nĩ ũndũ ũcio mwanangĩko nĩũgagũkora, na ndũkaamenya ũrĩa ũngĩũũrĩra. Nĩũgakorererwo nĩ mũtino ũrĩa ũtangĩhota gwĩkũũra kuuma kũrĩ guo; ningĩ nĩũgakorererwo o ro rĩmwe nĩ ihooru rĩa maũndũ ũterĩgĩrĩire.","Therefore disaster will come on you. You won’t know when it dawns. Mischief will fall on you. You won’t be able to put it away. Desolation will come on you suddenly, which you don’t understand."
Isaiah 47:12,"“Wee thiĩ na mbere na ciama ciaku cia ũgo, na ũrogi waku mũingĩ ũrĩa ũtũire wĩkaga kuuma ũrĩ mũnini. No gũkorwo hihi nĩũkona kĩguni kĩa mo, kana hihi ũtũme kũgĩe na itua-nda inene.","“Stand now with your enchantments and with the multitude of your sorceries, in which you have labored from your youth, as if you might profit, as if you might prevail."
Isaiah 47:13,"Irĩra iria ciothe ũheetwo no gũkũnogia ikũnogetie! Ago aku arĩa maroraga igũrũ matu-inĩ nĩmeyumĩrie, acio matuĩragia njata na makaratha mohoro o mweri, o mweri-rĩ, nĩmagĩkũhonokie kuuma kũrĩ maũndũ marĩa megũgũkorerera.","You are wearied in the multitude of your counsels. Now let the astrologers, the stargazers, and the monthly prognosticators stand up and save you from the things that will happen to you."
Isaiah 47:14,"Ti-itherũ, andũ acio mahaana ta itira iria itigĩtwo mũgũnda; nĩgũcinwo magaacinwo nĩ mwaki mathire. Matikahota kwĩhonokia kuuma kũrĩ hinya wa rũrĩrĩmbĩ rwa mwaki, nĩgũkorwo hatigaakorwo makara mangĩotwo mwaki; hatirĩ mwaki haha ũngĩotwo.","Behold, they are like stubble. The fire will burn them. They won’t deliver themselves from the power of the flame. It won’t be a coal to warm at or a fire to sit by."
Isaiah 47:15,"Ũguo noguo mangĩgwĩkĩra, aya mwanarutithania wĩra na mũkonjorithia nao kuuma rĩrĩa warĩ mũnini. O mũndũ wao athiiaga o na mbere kũhĩtia; gũtigakorwo mũndũ o na ũmwe ũngĩgĩkũhonokia.",The things that you labored in will be like this: those who have trafficked with you from your youth will each wander in his own way. There will be no one to save you.
Isaiah 48:1,"“Atĩrĩrĩ, we nyũmba ya Jakubu, ta thikĩrĩria ũhoro ũyũ, o wee wĩtanagio na rĩĩtwa rĩa Isiraeli, na uumĩte rũciaro-inĩ rwa Juda, o inyuĩ mwĩhĩtaga mũkĩgwetaga rĩĩtwa rĩa Jehova, na mũkahooya Ngai wa Isiraeli, o na gũtuĩka mũtimũhooyaga na ma kana na ũthingu,","“Hear this, house of Jacob, you who are called by the name of Israel, and have come out of the waters of Judah. You swear by Yahweh’s name, and make mention of the God of Israel, but not in truth, nor in righteousness—"
Isaiah 48:2,"nĩgũkorwo inyuĩ mwĩĩtaga atũũri a itũũra rĩrĩa inene itheru, na mũkehoka Ngai wa Isiraeli, o ũcio rĩĩtwa rĩake arĩ Jehova Mwene-Hinya-Wothe:","for they call themselves citizens of the holy city, and rely on the God of Israel; Yahweh of Armies is his name."
Isaiah 48:3,"O tene nĩndarathire ũhoro wa maũndũ marĩa magooka, ngĩmaaria na kanua gakwa na ngĩtũma mamenyeke; na o ro rĩmwe ngĩmahingia, namo magĩĩkĩka.","I have declared the former things from of old. Yes, they went out of my mouth, and I revealed them. I did them suddenly, and they happened."
Isaiah 48:4,"Nĩgũkorwo nĩndamenyaga atĩ wee ũrĩ mũremi mũno, nayo ngingo yaku ĩkahaana ta rũga rũmũ rwa kĩgera, naguo thiithi waku ũgatuĩka ta gĩcango.","Because I knew that you are obstinate, and your neck is an iron sinew, and your brow bronze;"
Isaiah 48:5,"Nĩ ũndũ ũcio ndakwĩrire maũndũ maya o tene; ngĩkwĩra ũhoro wamo mataanekĩka, nĩgeetha ndũkanoige atĩrĩ, ‘Mĩhianano yakwa ya kũhooywo nĩyo ĩĩkĩte maũndũ macio; mũhianano wakwa wa gwacũhio, na ngai yakwa ya kĩgera nĩcio ciathanire ũhoro wamo.’","therefore I have declared it to you from of old; before it came to pass I showed it to you; lest you should say, ‘My idol has done them. My engraved image and my molten image has commanded them.’"
Isaiah 48:6,"Kũigua nĩmũiguĩte maũndũ macio; ta kĩmarorei mothe. Githĩ mũtikamoimbũra atĩ nĩguo matariĩ? “Kuuma rĩu ndĩĩkwĩraga ũhoro wa maũndũ merũ, ngakwĩra ũhoro wa maũndũ mahithe, o marĩa wee ũtooĩ.","You have heard it. Now see all this. And you, won’t you declare it? “I have shown you new things from this time, even hidden things, which you have not known."
Isaiah 48:7,"Maũndũ macio mathondeketwo o rĩu, na ti ma tene; ndũrĩ waigua ũhoro ũcio, waũigua ũmũthĩ. Nĩ ũndũ ũcio ndũngiuga atĩrĩ, ‘Maũndũ macio nĩndamenyete ũhoro wamo.’","They are created now, and not from of old. Before today, you didn’t hear them, lest you should say, ‘Behold, I knew them.’"
Isaiah 48:8,"Wee ndũrĩ waigua kana ũkamenya; kuuma o tene matũ maku matirĩ mahingũka. Nĩnjũũĩ wega ũrĩa ũrĩ mũndũ mũgarũ, o na atĩ kuuma waciarwo wetirwo mũremi.","Yes, you didn’t hear. Yes, you didn’t know. Yes, from of old your ear was not opened, for I knew that you dealt very treacherously, and were called a transgressor from the womb."
Isaiah 48:9,"Nĩngwamba kũrũgamia mangʼũrĩ makwa nĩ ũndũ wa rĩĩtwa rĩakwa; na tondũ wa ũgooci wakwa ndigĩrĩirie mangʼũrĩ macio matigagũkore, nĩguo ndigakũniine biũ.","For my name’s sake, I will defer my anger, and for my praise, I hold it back for you so that I don’t cut you off."
Isaiah 48:10,"Atĩrĩrĩ, nĩngũtheretie o na gũtuĩka ti ta ũrĩa betha ĩtheragio; wee-rĩ, ngũgeretie thĩinĩ wa icua rĩa mĩnyamaro.","Behold, I have refined you, but not as silver. I have chosen you in the furnace of affliction."
Isaiah 48:11,"Nĩ ũndũ wakwa niĩ mwene, ĩĩ ti-itherũ, nĩ ũndũ wakwa niĩ mwene-rĩ, nĩngeeka ũndũ ũcio. Niĩ mwene-rĩ, ndaahota atĩa gwĩtĩkĩria rĩĩtwa rĩakwa rĩthaahio? Riiri wakwa ndikaũhe mũndũ ũngĩ.","For my own sake, for my own sake, I will do it; for how would my name be profaned? I will not give my glory to another."
Isaiah 48:12,"“Atĩrĩrĩ, wee Jakubu, ta thikĩrĩria, o na wee Isiraeli ũrĩa niĩ njĩtĩĩte: Niĩ nĩ niĩ Ngai; nĩ niĩ wa mbere, o na ningĩ nĩ niĩ wa kũrigĩrĩria.","“Listen to me, O Jacob, and Israel my called: I am he. I am the first. I am also the last."
Isaiah 48:13,"Guoko gwakwa kĩũmbe nĩkuo kwahaandire mĩthingi ya thĩ, na guoko gwakwa kwa ũrĩo gũgĩtambũrũkia matu; rĩrĩa ndaameta, mothe marũgamaga o hamwe.","Yes, my hand has laid the foundation of the earth, and my right hand has spread out the heavens. when I call to them, they stand up together."
Isaiah 48:14,“Cookanĩrĩrai hamwe inyuothe na mũthikĩrĩrie: Nĩ mĩhianano ĩrĩkũ ya kũhooywo ĩrĩ yoimbũranĩra maũndũ macio? Mũndũ ũrĩa Jehova ethuurĩire manyiitanĩre nake nĩwe ũkaahingia muoroto wake wa gũũkĩrĩra bũrũri wa Babuloni; guoko gwake nĩkuo gũgookĩrĩra andũ a Babuloni.,"“Assemble yourselves, all of you, and hear! Who among them has declared these things? He whom Yahweh loves will do what he likes to Babylon, and his arm will be against the Chaldeans."
Isaiah 48:15,"Niĩ, o niĩ-rĩ, nĩnjarĩtie; ĩĩ nĩguo, nĩ niĩ ndĩmwĩtĩte, na nĩngamũrehe, na nĩakagaacĩra wĩra-inĩ wake.","I, even I, have spoken. Yes, I have called him. I have brought him and he shall make his way prosperous."
Isaiah 48:16,"“Nguhĩrĩriai mũthikĩrĩrie ũhoro ũyũ: “Kuuma o kĩambĩrĩria ndirĩ ndaaria ũhoro na hitho; maũndũ macio makĩoneka, niĩ ngoragwo ho.” Na rĩu Mwathani Jehova nĩwe ũndũmĩte, we mwene o na Roho wake.","“Come near to me and hear this: “From the beginning I have not spoken in secret; from the time that it happened, I was there.” Now the Lord Yahweh has sent me with his Spirit."
Isaiah 48:17,"Jehova, o we Mũkũũri waku, o we Mũtheru wa Isiraeli, ekuuga atĩrĩ: “Niĩ nĩ niĩ Jehova Ngai waku, ũrĩa ũkũrutaga maũndũ marĩa makwagĩrĩire, na nowe ũkuonagĩrĩria njĩra ĩrĩa wagĩrĩirwo nĩkũgera.","Yahweh, your Redeemer, the Holy One of Israel, says: “I am Yahweh your God, who teaches you to profit, who leads you by the way that you should go."
Isaiah 48:18,"Naarĩ korwo nĩmwaiguĩte maathani makwa, thayũ wanyu ũngĩahaanire ta rũũĩ rũgũtherera, naguo ũthingu wanyu ũhaane ta makũmbĩ ma iria-inĩ.",Oh that you had listened to my commandments! Then your peace would have been like a river and your righteousness like the waves of the sea.
Isaiah 48:19,"Njiaro cianyu ingĩaingĩhire o ta mũthanga, nacio ciana cianyu cingĩhe ta hĩndĩ cia mũthanga iria itangĩtarĩka; rĩĩtwa rĩao rĩtingĩkaaniinwo, kana rĩanangwo, rĩeherio mbere yakwa.”",Your offspring also would have been as the sand and the descendants of your body like its grains. His name would not be cut off nor destroyed from before me.”
Isaiah 48:20,"Umai bũrũri wa Babuloni, mwĩtharei, muume kũrĩ andũ a Babuloni! Anĩrĩrai ũhoro ũyũ na kayũ kanene mũkenete, na mũhunjie ndũmĩrĩri ĩno. Mĩtũmei nginya ituri-inĩ cia thĩ; ugai atĩrĩ, “Jehova nĩakũũrĩte ndungata yake Jakubu.”","Leave Babylon! Flee from the Chaldeans! With the sound of joyful shouting announce this, tell it even to the end of the earth; say, “Yahweh has redeemed his servant Jacob!”"
Isaiah 48:21,"Matianyootire hĩndĩ ĩrĩa aamatoongoreirie werũ-inĩ; nĩamarutĩire maaĩ kuuma rwaro-inĩ rwa ihiga; o na ningĩ agĩatũra rwaro rwa ihiga, namo maaĩ makiuma ho.",They didn’t thirst when he led them through the deserts. He caused the waters to flow out of the rock for them. He also split the rock and the waters gushed out.
Isaiah 48:22,"Jehova ekuuga atĩrĩ, “Andũ arĩa aaganu matikagĩa na thayũ o na rĩ.”","“There is no peace”, says Yahweh, “for the wicked.”"
Isaiah 49:1,"Atĩrĩrĩ, inyuĩ mũtũũraga icigĩrĩra-inĩ ta thikĩrĩriai; o na inyuĩ andũ a mabũrũri ma kũraya ta iguai: Jehova aanjĩtire itarĩ mũciare; ndĩ o nda ya maitũ nĩguo aanjĩtire na rĩĩtwa rĩakwa.","Listen, islands, to me. Listen, you peoples, from afar: Yahweh has called me from the womb; from the inside of my mother, he has mentioned my name."
Isaiah 49:2,"Nĩatũmire kanua gakwa gatuĩke ta rũhiũ rũũgĩ rwa njora, na akĩĩhitha kĩĩruru-inĩ gĩa guoko gwake; agĩĩthondeka ta mũguĩ mũnyoroku, na akĩĩhitha thiaka-inĩ wake.",He has made my mouth like a sharp sword. He has hidden me in the shadow of his hand. He has made me a polished shaft. He has kept me close in his quiver.
Isaiah 49:3,"Agĩcooka akĩnjĩĩra atĩrĩ, “Wee Isiraeli, nĩwe ndungata yakwa, andũ nĩmarĩngoocaga nĩ ũndũ waku.”","He said to me, “You are my servant, Israel, in whom I will be glorified.”"
Isaiah 49:4,"No ngiuga atĩrĩ, “Niĩ ndutĩte wĩra wa tũhũ; hũthĩrĩte hinya wakwa wothe nĩ ũndũ wa maũndũ matarĩ kĩguni na ma tũhũ. No rĩrĩ, ũhoro wakwa wa gũtuĩrwo ciira na kĩhooto uumaga harĩ Jehova, narĩo irĩhi rĩakwa rĩrĩ na Ngai wakwa.”","But I said, “I have labored in vain. I have spent my strength in vain for nothing; yet surely the justice due to me is with Yahweh, and my reward with my God.”"
Isaiah 49:5,"Na rĩu-rĩ, Jehova ũrĩa wanyũũmbire ndĩ nda ya maitũ nduĩke ndungata yake, nĩguo hũndũre Jakubu, ndĩmũcookie harĩ we, na njookanĩrĩrie Isiraeli harĩ we, nĩgũkorwo ndĩ mũtĩĩku maitho-inĩ ma Jehova, na Ngai wakwa agakorwo arĩ hinya wakwa,","Now Yahweh, he who formed me from the womb to be his servant, says to bring Jacob again to him, and to gather Israel to him, for I am honorable in Yahweh’s eyes, and my God has become my strength."
Isaiah 49:6,"Jehova ekuuga atĩrĩ: “Nĩ ũndũ mũhũthũ harĩwe gũtuĩka ndungata yakwa, ya gũcookereria mĩhĩrĩga ya Jakubu, na kũhũndũra matigari ma Isiraeli marĩa ndĩĩtigĩirie. Ningĩ nĩngatũma ũtuĩke ũtheri wa gũtherera andũ a ndũrĩrĩ, nĩgeetha ũtware ũhonokio wakwa ituri-inĩ ciothe cia thĩ.”","Indeed, he says, “It is too light a thing that you should be my servant to raise up the tribes of Jacob, and to restore the preserved of Israel. I will also give you as a light to the nations, that you may be my salvation to the end of the earth.”"
Isaiah 49:7,"Jehova, Mũkũũri wa Isiraeli, o we Ũrĩa Mũtheru wa Isiraeli, ekwarĩria ũrĩa mũnyarare na agathũũrwo nĩ ndũrĩrĩ, akeera ũrĩa ndungata ya aathani atĩrĩ, “Athamaki marĩkuonaga magakũrũgamĩra, aanake a athamaki makuona magakũinamĩrĩra, nĩ ũndũ wa Jehova, ũcio mwĩhokeku, o we Ũrĩa Mũtheru wa Isiraeli, ũrĩa ũgũthuurĩte.”","Yahweh, the Redeemer of Israel, and his Holy One, says to him whom man despises, to him whom the nation abhors, to a servant of rulers: “Kings shall see and rise up, princes, and they shall worship, because of Yahweh who is faithful, even the Holy One of Israel, who has chosen you.”"
Isaiah 49:8,"Jehova ekuuga atĩrĩ, “Hĩndĩ ya gwĩtĩkĩrĩka, nĩngagũcookeria ũhoro, naguo mũthenya wa kũhonokania, nĩngagũteithia; nĩndĩkũmenyagĩrĩra, na nĩngũkũheana ũtuĩke wa kũrĩkanĩra kĩrĩkanĩro na andũ anyu gĩa kũmacookeria bũrũri, na ũtũme megwatĩre igai rĩa kũndũ kũrĩa gwatigirwo gũkirĩte ihooru,","Yahweh says, “I have answered you in an acceptable time. I have helped you in a day of salvation. I will preserve you and give you for a covenant of the people, to raise up the land, to make them inherit the desolate heritage,"
Isaiah 49:9,"na ningĩ wĩre andũ arĩa mohetwo atĩrĩ, ‘Thiĩi, nĩmuohorwo,’ nao arĩa maikarĩte nduma-inĩ ũmeere atĩrĩ, ‘Umĩrai ũtheri-inĩ!’ “Makaarĩithagio mĩkĩra-inĩ ya njĩra, na moonage gĩa kũrĩa tũrĩma-inĩ tuothe tũrĩa tũtarĩ kĩndũ.","saying to those who are bound, ‘Come out!’; to those who are in darkness, ‘Show yourselves!’ “They shall feed along the paths, and their pasture shall be on all treeless heights."
Isaiah 49:10,"Matikaahũũta kana manyoote, kana macinwo nĩ ũrugarĩ wa werũ-inĩ o na kana mahĩe nĩ riũa. Nĩgũkorwo ũrĩa ũmaiguagĩra tha nĩwe ũkaamoonia njĩra na amatongoragie amatware ithima-inĩ cia maaĩ.","They shall not hunger nor thirst; neither shall the heat nor sun strike them, for he who has mercy on them will lead them. He will guide them by springs of water."
Isaiah 49:11,"Nĩngatũma kũgĩe njĩra irĩma-inĩ ciakwa ciothe, nacio barabara ciakwa iria njariĩ ciambatĩrio na igũrũ.","I will make all my mountains a road, and my highways shall be exalted."
Isaiah 49:12,"Atĩrĩrĩ, magooka moimĩte kũndũ kũraya: amwe makoima gathigathini, na amwe moime ithũĩro, na arĩa angĩ moime rũgongo rũa Sinimu.”","Behold, these shall come from afar, and behold, these from the north and from the west, and these from the land of Sinim.”"
Isaiah 49:13,"Wee igũrũ, anĩrĩra nĩ gũkena; nawe thĩ ũcanjamũke, na inyuĩ irĩma-rĩ, inai rwĩmbo! Nĩgũkorwo Jehova nĩahooreretie andũ ake, nao andũ ake arĩa anyariire akamaiguĩra tha.","Sing, heavens, and be joyful, earth! Break out into singing, mountains! For Yahweh has comforted his people, and will have compassion on his afflicted."
Isaiah 49:14,"No rĩrĩ, Zayuni oigire atĩrĩ, “Jehova nĩandiganĩirie, Mwathani nĩariganĩirwo nĩ niĩ.”","But Zion said, “Yahweh has forsaken me, and the Lord has forgotten me.”"
Isaiah 49:15,"“Nyina wa mwana-rĩ, no ariganĩrwo nĩ mwana ũrĩa arongithia, na aage kũiguĩra tha mwana ũrĩa aciarĩte? Hihi no kũhoteke ariganĩrwo, no niĩ ndikaariganĩrwo nĩwe!","“Can a woman forget her nursing child, that she should not have compassion on the son of her womb? Yes, these may forget, yet I will not forget you!"
Isaiah 49:16,"Atĩrĩrĩ, ngururĩte mũhiano waku hĩ-inĩ ciakwa, nacio thingo ciaku ikoragwo mbere yakwa hĩndĩ ciothe.","Behold, I have engraved you on the palms of my hands. Your walls are continually before me."
Isaiah 49:17,"Ariũ aku mahiũhĩte magĩcookaga kũrĩ we, nao arĩa makwanangĩte nĩmarakũũrĩra.",Your children hurry. Your destroyers and those who devastated you will leave you.
Isaiah 49:18,"Tiira maitho maku wĩrorere kũndũ guothe; ariũ aku othe maracookanĩrĩra hamwe moke harĩwe.” Jehova ekuuga atĩrĩ, “Ti-itherũ o ta ũrĩa niĩ ndũũraga muoyo-rĩ, ũkaamehumba othe ta mathaga; ũkaamehumba o ta ũrĩa mũhiki egemagia na mathaga make.","Lift up your eyes all around, and see: all these gather themselves together, and come to you. As I live,” says Yahweh, “you shall surely clothe yourself with them all as with an ornament, and dress yourself with them, like a bride."
Isaiah 49:19,"“O na gũtuĩka nĩwanangĩtwo ũgakira ihooru, o naguo bũrũri waku ũkonũhwo-rĩ, bũrũri ũcio nĩũkanyiiha wage kũiganĩra andũ arĩa matũũraga kuo, nao arĩa magũtambuurangĩte magaakorwo maingatĩtwo magathiĩ haraaya nawe.","“For, as for your waste and your desolate places, and your land that has been destroyed, surely now that land will be too small for the inhabitants, and those who swallowed you up will be far away."
Isaiah 49:20,"Ciana iria ciaciarĩirwo bũrũri ũrĩa watahĩirwo, ikoiga ũkĩiguaga atĩrĩ, ‘Bũrũri ũyũ nĩ mũnini, ndũngĩtũigana, tũhe kũndũ kũngĩ gwa gũtũũra.’","The children of your bereavement will say in your ears, ‘This place is too small for me. Give me a place to live in.’"
Isaiah 49:21,"Hĩndĩ ĩyo nĩũkeyũria na ngoro yaku atĩrĩ, ‘Nũũ wanjiarĩire ciana ici, kuona atĩ nĩndakuĩrĩirwo nĩ ciana ciakwa, ngĩtigwo ta ndĩ thaata; ndaarĩ mũtahe na ngamenwo. Nũũ warerire ciana ici? Niĩ ndatigirwo nyiki, no rĩrĩ, ciana ici ciumĩte nakũ?’ ”","Then you will say in your heart, ‘Who has conceived these for me, since I have been bereaved of my children and am alone, an exile, and wandering back and forth? Who has brought these up? Behold, I was left alone. Where were these?’ ”"
Isaiah 49:22,"Mwathani Jehova ekuuga ũũ: “Atĩrĩrĩ, nĩngeeta ndũrĩrĩ, njooke nyambararie bendera yakwa kũrĩ andũ a mabũrũri; nao nĩmakarehe ariũ aku mamakuuĩte na moko, na makuue airĩtu aku na ciande ciao.","The Lord Yahweh says, “Behold, I will lift up my hand to the nations, and lift up my banner to the peoples. They shall bring your sons in their bosom, and your daughters shall be carried on their shoulders."
Isaiah 49:23,"Athamaki nĩo magaatuĩka mathoguo ma gũkũrera, na atumia ao matuĩke ta aa maitũguo a gũkũrera. Nĩmagakũinamĩrĩra maturumithĩtie mothiũ mao thĩ, na nĩmagacũna rũkũngũ rũrĩa rũrĩ magũrũ-inĩ maku. Hĩndĩ ĩyo nĩũkamenya atĩ niĩ nĩ niĩ Jehova; arĩa manjĩhokaga matigaaconoka.”","Kings shall be your foster fathers, and their queens your nursing mothers. They will bow down to you with their faces to the earth, and lick the dust of your feet. Then you will know that I am Yahweh; and those who wait for me won’t be disappointed.”"
Isaiah 49:24,"Anga njamba ĩrĩ hinya no ĩtunywo indo iria itahĩte, o na kana andũ arĩa maanyiitĩtwo mahonokio kuuma kũrĩ andũ karaũ?","Shall the plunder be taken from the mighty, or the lawful captives be delivered?"
Isaiah 49:25,"No rĩrĩ, Jehova ekuuga atĩrĩ: “Ĩĩ, njamba cia ita nĩigatunywo andũ arĩa ciohete mĩgwate, na indo iria itahĩtwo itunyanwo kuuma kũrĩ andũ arĩa karaũ; nĩngahũũrana na andũ arĩa mahũũranaga nawe, na nĩngahonokia ciana cianyu.","But Yahweh says, “Even the captives of the mighty shall be taken away, and the plunder retrieved from the fierce, for I will contend with him who contends with you and I will save your children."
Isaiah 49:26,"Nĩngatũma andũ arĩa makũhinyagĩrĩria marĩe nyama cia mĩĩrĩ yao; makaarĩĩo nĩ thakame yao ene o ta marĩĩtwo nĩ njoohi. Nao andũ othe nĩmakamenya, atĩ niĩ, Jehova, nĩ niĩ Mũhonokia waku, na Mũkũũri waku, o niĩ Ũrĩa Mwene-Hinya wa Jakubu.”","I will feed those who oppress you with their own flesh; and they will be drunk on their own blood, as with sweet wine. Then all flesh shall know that I, Yahweh, am your Savior and your Redeemer, the Mighty One of Jacob.”"
Isaiah 50:1,"Jehova ekũũria atĩrĩ, “Marũa marĩa maitũguo aaheirwo ma gũtigana nake, o macio monanagia atĩ nĩndamũteire-rĩ, marĩ ha? Kana nĩ mũndũ ũrĩkũ wa arĩa ndaarĩ thiirĩ nao ndakwendeirie? Nĩ ũndũ wa mehia manyu-rĩ, nĩkĩo mwendirio; nĩ ũndũ wa ũrĩa mwagararĩte watho, nĩkĩo nyina wanyu aateirwo.","Yahweh says, “Where is the bill of your mother’s divorce, with which I have put her away? Or to which of my creditors have I sold you? Behold, you were sold for your iniquities, and your mother was put away for your transgressions."
Isaiah 50:2,"Rĩrĩa ndokire-rĩ, nĩ kĩĩ gĩatũmire haage mũndũ o na ũmwe? Ningĩ rĩrĩa ndetanire-rĩ, nĩ kĩĩ gĩatũmire haage mũndũ o na ũmwe wanjĩtĩkire? Kaĩ guoko gwakwa gwakuhĩhĩte, nĩguo kũremwo nĩkũmũkũũra? Nĩ hinya njagĩte wa kũmũhonokia? Ikũũma rĩakwa riiki nĩrĩtũmaga iria rĩhũe, o na ngatũma njũũĩ ituĩke werũ; thamaki ciakuo ikabutha nĩ kwaga maaĩ, na igakua nĩ nyoota.","Why, when I came, was there no one? When I called, why was there no one to answer? Is my hand shortened at all, that it can’t redeem? Or have I no power to deliver? Behold, at my rebuke I dry up the sea. I make the rivers a wilderness. Their fish stink because there is no water, and die of thirst."
Isaiah 50:3,"Niĩ humbaga igũrũ nguo ya nduma, na ngarĩkunĩkĩra na nguo ya ikũnia.”",I clothe the heavens with blackness. I make sackcloth their covering.”
Isaiah 50:4,"Mwathani Jehova nĩaahete rũrĩmĩ rwa andũ arĩa marutĩtwo maũndũ, nĩguo menyage ũrĩa ciugo ciakwa ingĩhota gũteithia andũ arĩa anogu. Anjarahũraga rũciinĩ o rũciinĩ, akaarahũra matũ makwa thikĩrĩrie nĩguo ndĩĩrute ta andũ arĩa marutagwo maũndũ.","The Lord Yahweh has given me the tongue of those who are taught, that I may know how to sustain with words him who is weary. He awakens morning by morning, he awakens my ear to hear as those who are taught."
Isaiah 50:5,"Mwathani Jehova nĩahingũrĩte matũ makwa, na niĩ ndirĩ ndamũremera; ndicookete na thuutha.",The Lord Yahweh has opened my ear. I was not rebellious. I have not turned back.
Isaiah 50:6,"Ndaneanire mũgongo wakwa kũrĩ andũ arĩa maahũũraga, kĩreru gĩakwa ngĩkĩnengera arĩa maangũũraga nderu; ndiahithire ũthiũ wakwa atĩ nĩguo ndikanyũrũrio, kana ndige gũtuĩrwo mata.","I gave my back to those who beat me, and my cheeks to those who plucked off the hair. I didn’t hide my face from shame and spitting."
Isaiah 50:7,"Tondũ Mwathani Jehova nĩwe ũndeithagia-rĩ, ndirĩ hĩndĩ ngaaconorithio. Nĩ ũndũ ũcio ndũmĩte ũthiũ wakwa ũikare ũũmĩte o ta ihiga rĩa nyaigĩ, na nĩnjũũĩ ndirĩ hĩndĩ ngaaconorithio.","For the Lord Yahweh will help me. Therefore I have not been confounded. Therefore I have set my face like a flint, and I know that I won’t be disappointed."
Isaiah 50:8,Ningĩ ũrĩa ũnduuaga mũthingu arĩ hakuhĩ. Nũũ ũngĩgĩĩthitanga? Nĩoke tũrũgamane nake! Ningĩ ũrĩa ũngĩnjiirithia akĩrĩ we ũ? Mũndũ ũcio nĩarekwo akĩĩngʼethere!,He who justifies me is near. Who will bring charges against me? Let us stand up together. Who is my adversary? Let him come near to me.
Isaiah 50:9,"Atĩrĩrĩ, Mwathani Jehova nĩwe ũndeithagia. Ũrĩa ũngĩndua mwĩhia akĩrĩ ũũ? Andũ acio othe magaathira o ta ũrĩa nguo ĩthiraga; makaarĩĩo nĩ memenyi, mathire biũ.","Behold, the Lord Yahweh will help me! Who is he who will condemn me? Behold, they will all grow old like a garment. The moths will eat them up."
Isaiah 50:10,"Nũũ thĩinĩ wanyu wĩtigĩrĩte Jehova, na wathĩkagĩra kiugo kĩa ndungata yake? Mũndũ ũrĩa ũthiiagĩra nduma-inĩ, ũrĩa ũtarĩ na ũtheri, nĩakĩĩhoke rĩĩtwa rĩa Jehova, na egiritanie na Ngai wake.","Who among you fears Yahweh and obeys the voice of his servant? He who walks in darkness and has no light, let him trust in Yahweh’s name, and rely on his God."
Isaiah 50:11,"No rĩrĩ, rĩu inyuĩ arĩa othe mwakagia mwaki, na mũkeehe imũrĩ igwakana-rĩ, thiĩi, mũgerere ũtheri-inĩ wa mwaki wanyu, na wa imũrĩ cia mwaki ũrĩa mũgwatĩtie. Ũndũ ũyũ nĩguo mũkaamũkĩra kuuma guoko-inĩ gwakwa: Mũgaakoma thĩ na mĩnyamaro.","Behold, all you who kindle a fire, who adorn yourselves with torches around yourselves, walk in the flame of your fire, and among the torches that you have kindled. You will have this from my hand: you will lie down in sorrow."
Isaiah 51:1,"“Atĩrĩrĩ, inyuĩ mũrũmagĩrĩra maũndũ ma ũthingu ta thikĩrĩriai, o inyuĩ mũrongoragia Jehova: Rorai rwaro rwa ihiga rũrĩa mwarutirwo, o na kĩenjero kĩa mahiga kĩrĩa mwenjirwo;","“Listen to me, you who follow after righteousness, you who seek Yahweh. Look to the rock you were cut from, and to the quarry you were dug from."
Isaiah 51:2,"ta rorai Iburahĩmu, o we ithe wanyu, o na Sara, ũrĩa wamũciarire. Nĩgũkorwo hĩndĩ ĩrĩa aarĩ o wiki nĩguo ndamwĩtire, na ngĩmũrathima, ngĩtũma aingĩhe.","Look to Abraham your father, and to Sarah who bore you; for when he was but one I called him, I blessed him, and made him many."
Isaiah 51:3,"Ti-itherũ Jehova nĩakahooreria Zayuni, o na ahoorerie kũndũ gwakuo kũrĩa kwanangĩtwo; werũ wakuo akaaũtua o ta Edeni, na rũngʼũrĩ rwakuo arũtue o ta mũgũnda wa Jehova. Kũu guothe gũkaiyũra gĩkeno, na gũcanjamũka ngoro, na gũcookagia ngaatho, o gũkĩinagwo nyĩmbo.","For Yahweh has comforted Zion. He has comforted all her waste places, and has made her wilderness like Eden, and her desert like the garden of Yahweh. Joy and gladness will be found in them, thanksgiving, and the voice of melody."
Isaiah 51:4,"“Inyuĩ andũ akwa ta thikĩrĩriai, na inyuĩ rũrĩrĩ rwakwa, njiguai: Nĩgũkorwo watho ũkoima harĩ niĩ; nakĩo kĩhooto gĩakwa nĩkĩo gĩgaatuĩka ũtheri wa ndũrĩrĩ.","“Listen to me, my people; and hear me, my nation, for a law will go out from me, and I will establish my justice for a light to the peoples."
Isaiah 51:5,"Ũhoro wakwa wa ũthingu nĩũrooka o na ihenya, nakuo kũhonokania gwakwa kũrĩ hakuhĩ kuoneka, o nakuo guoko gwakwa nĩkuo gũgaatuĩra andũ a ndũrĩrĩ ciira wa kĩhooto. Andũ a icigĩrĩra-inĩ nĩ niĩ magaacũthĩrĩria na meterere guoko gwakwa marĩ na mwĩhoko.","My righteousness is near. My salvation has gone out, and my arms will judge the peoples. The islands will wait for me, and they will trust my arm."
Isaiah 51:6,"Tiirai maitho manyu na igũrũ, na mũrore thĩ ĩrĩa ĩrĩ mũhuro; igũrũ rĩkaabuĩria o ta ndogo, nayo thĩ ĩthire o ta ũrĩa nguo ĩthiraga, nao atũũri ao makuage o ũguo ta ngi. No rĩrĩ, ũhonokio wakwa nĩwagũtũũra nginya tene, naguo ũthingu wakwa ndũrĩ hĩndĩ ũgaathira.","Lift up your eyes to the heavens, and look at the earth beneath; for the heavens will vanish away like smoke, and the earth will wear out like a garment. Its inhabitants will die in the same way, but my salvation will be forever, and my righteousness will not be abolished."
Isaiah 51:7,"“Ta njiguai, inyuĩ andũ arĩa mũũĩ ũhoro wa ũthingu, o inyuĩ andũ arĩa mũrũmĩtie watho wakwa ngoro-inĩ cianyu: Mũtigetigĩre kũmenwo nĩ andũ, o na kana mũmakio nĩ irumi iria mamũrumaga nacio.","“Listen to me, you who know righteousness, the people in whose heart is my law. Don’t fear the reproach of men, and don’t be dismayed at their insults."
Isaiah 51:8,"Nĩgũkorwo makaarĩĩo nĩ memenyi mathire biũ o ta nguo; na marĩĩo nĩ igunyũ o ta marĩ guoya wa ngʼondu. No rĩrĩ, ũhoro wakwa wa ũthingu nĩ wa gũtũũra nginya tene, naguo ũhonokio wakwa ũtũũre nginya njiarwa-inĩ ciothe.”","For the moth will eat them up like a garment, and the worm will eat them like wool; but my righteousness will be forever, and my salvation to all generations.”"
Isaiah 51:9,"Arahũka, arahũka! Wĩĩkĩre hinya, wee guoko kwa Jehova; arahũka o ta ũrĩa waarahũkire matukũ marĩa ma tene, warahũke o ta hĩndĩ ya njiarwa cia tene. Githĩ wee tiwe watinangirie Rahabu tũcunjĩ, o wee watheecangire nyamũ ĩyo nene, ũkĩmĩtũrĩkania?","Awake, awake, put on strength, arm of Yahweh! Awake, as in the days of old, the generations of ancient times. Isn’t it you who cut Rahab in pieces, who pierced the monster?"
Isaiah 51:10,"Githĩ tiwe wahũithirie iria, maaĩ ma kũndũ kũrĩa kũriku mũno, o wee watemire njĩra kũu iria-inĩ kũrĩa kũriku, nĩgeetha andũ arĩa wakũũrĩte maringĩre yo?","Isn’t it you who dried up the sea, the waters of the great deep; who made the depths of the sea a way for the redeemed to pass over?"
Isaiah 51:11,"Andũ arĩa akũũre a Jehova nĩmagacooka. Nao magaatoonya Zayuni makĩinaga; nĩmagekĩrwo thũmbĩ ya gĩkeno gĩa tene na tene. Magaakena na macanjamũke, nakĩo kĩeha na mũcaayo nĩigathira biũ.","Those ransomed by Yahweh will return, and come with singing to Zion. Everlasting joy shall be on their heads. They will obtain gladness and joy. Sorrow and sighing shall flee away."
Isaiah 51:12,"“Niĩ, o niĩ mwene-rĩ, nĩ niĩ ndĩmũhooreragia. Wee ũrĩ ũ, atĩ nĩguo wĩtigĩre andũ arĩa makuuaga, na ũgetigĩra ariũ a andũ arĩa magaatuuo o ta nyeki,","“I, even I, am he who comforts you. Who are you, that you are afraid of man who shall die, and of the son of man who will be made as grass?"
Isaiah 51:13,"nawe ũkariganĩrwo nĩ Jehova ũrĩa wakũũmbire, o we ũrĩa watambũrũkirie matu, na agĩaka mĩthingi ya thĩ, atĩ nĩguo o ũtũũrage na guoya o mũthenya nĩ ũndũ wa mangʼũrĩ ma mũhinyanĩrĩria rĩrĩa ekwĩhaarĩria aniinane? Namo mangʼũrĩ ma mũhinyanĩrĩria ũcio-rĩ, makĩrĩ ha?","Have you forgotten Yahweh your Maker, who stretched out the heavens, and laid the foundations of the earth? Do you live in fear continually all day because of the fury of the oppressor, when he prepares to destroy? Where is the fury of the oppressor?"
Isaiah 51:14,"Nao oohwo arĩa marainaina nĩ guoya nĩmekuohorwo o narua; matigakuĩra kũu marima-inĩ ma njeera, o na kana irio ciao ciage.",The captive exile will speedily be freed. He will not die and go down into the pit. His bread won’t fail.
Isaiah 51:15,"Nĩgũkorwo nĩ niĩ Jehova Ngai wanyu, ũrĩa ũtũmaga iria rĩikie ndiihũ nĩguo makũmbĩ marĩo makaruruma; Jehova Mwene-Hinya-Wothe nĩrĩo rĩĩtwa rĩake.","For I am Yahweh your God, who stirs up the sea so that its waves roar. Yahweh of Armies is his name."
Isaiah 51:16,"Nĩnjĩkĩrĩte ciugo ciakwa kanua-inĩ gaku, na ngakũhumbĩra na kĩĩruru gĩa guoko gwakwa, o niĩ ndatambũrũkirie matu harĩa marĩ, na ngĩaka mĩthingi ya thĩ, o niĩ njĩĩraga andũ a Zayuni atĩrĩ, ‘Inyuĩ mũrĩ andũ akwa.’ ”","I have put my words in your mouth and have covered you in the shadow of my hand, that I may plant the heavens, and lay the foundations of the earth, and tell Zion, ‘You are my people.’ ”"
Isaiah 51:17,"Arahũka, arahũka! Wee Jerusalemu ũkĩra, o wee ũnyuĩrĩire gĩkombe kĩa mangʼũrĩ ma Jehova, ũnengereirio kuuma guoko-inĩ gwake, o wee ũnyuĩrĩire kuuma mbakũri ĩrĩa ĩtũmaga andũ matũgũũge na ũkamĩinĩkĩrĩria.","Awake, awake! Stand up, Jerusalem, you who have drunk from Yahweh’s hand the cup of his wrath. You have drunken the bowl of the cup of staggering, and drained it."
Isaiah 51:18,"Harĩ ariũ ake othe arĩa aaciarire, gũtirĩ o na ũmwe ũngĩmũtongoria; o na ningĩ ariũ ake othe arĩa aarerire-rĩ, gũtirĩ o na ũmwe ũngĩmũnyiita guoko.",There is no one to guide her among all the sons to whom she has given birth; and there is no one who takes her by the hand among all the sons whom she has brought up.
Isaiah 51:19,"Mogwati maya meerĩ nĩmo magũkorete; nũũ ũgaagĩkũhooreria? Mogwati macio nĩ mwanangĩko na ũniinani, ningĩ nĩ ngʼaragu o na rũhiũ rwa njora; nũũ ũgaagĩkũhooreria?","These two things have happened to you— who will grieve with you?— desolation and destruction, and famine and the sword. How can I comfort you?"
Isaiah 51:20,"Ariũ aku nĩmaringĩkĩte; nao makomete macemanĩrio-inĩ ma njĩra ciothe, magakoma o ta thiiya ĩnyiitĩtwo nĩ mũtego. Maiyũrĩtwo nĩ mangʼũrĩ ma Jehova, na ikũũma rĩa Ngai wanyu.","Your sons have fainted. They lie at the head of all the streets, like an antelope in a net. They are full of Yahweh’s wrath, the rebuke of your God."
Isaiah 51:21,"Nĩ ũndũ ũcio igua ũhoro ũyũ, wee ũnyariirĩtwo, ũkarĩĩo, no ti ndibei ĩkũrĩĩte.","Therefore now hear this, you afflicted, and drunken, but not with wine:"
Isaiah 51:22,"Mwathani Jehova Ngai waku ũrĩa ũgitagĩra andũ ake, ekuuga ũũ: “Atĩrĩrĩ, nĩngwehereirie gĩkombe kĩrĩa gĩatũmire ũtũgũge, ngakĩruta guoko-inĩ gwaku; o na ngakwehereria mbakũri ya mangʼũrĩ makwa, na ndũgacooka kũmĩnyuĩra rĩngĩ.","Your Lord Yahweh, your God who pleads the cause of his people, says, “Behold, I have taken out of your hand the cup of staggering, even the bowl of the cup of my wrath. You will not drink it any more."
Isaiah 51:23,"Nĩnganeana mbakũri ĩyo moko-inĩ ma arĩa makũnyariiraga, o arĩa maakwĩrire atĩrĩ, ‘Wĩgũithie thĩ, nĩguo tũkũgerere igũrũ.’ Nawe ũgĩkoma, mũgongo waku ũgĩtuĩka taarĩ thĩ, na ũkĩũtua taarĩ njĩra nĩguo andũ acio makũgeragĩre igũrũ.”","I will put it into the hand of those who afflict you, who have said to your soul, ‘Bow down, that we may walk over you;’ and you have laid your back as the ground, like a street to those who walk over.”"
Isaiah 52:1,"Arahũka, arahũka, wee Zayuni, wĩĩkĩre hinya. Ĩkĩra nguo ciaku iria irĩ riiri, o wee Jerusalemu, itũũra rĩrĩa inene na rĩamũre. Nĩgũkorwo kuuma rĩu thĩinĩ waku gũtigacooka gũtoonya mũndũ ũtarĩ mũruu kana mũndũ ũrĩ na thaahu.","Awake, awake! Put on your strength, Zion. Put on your beautiful garments, Jerusalem, the holy city, for from now on the uncircumcised and the unclean will no more come into you."
Isaiah 52:2,"Wĩribaribe rũkũngũ; ũkĩra, ũikarĩre gĩtĩ kĩa ũnene, wee Jerusalemu. Wĩohore mĩnyororo ĩyo ĩrĩ ngingo yaku, wee mwarĩ wa Zayuni, o wee ũtũire ũrĩ muohe.","Shake yourself from the dust! Arise, sit up, Jerusalem! Release yourself from the bonds of your neck, captive daughter of Zion!"
Isaiah 52:3,"Nĩgũkorwo Jehova ekuuga atĩrĩ: “Wee wendirio ũtarutĩirwo kĩndũ, na ũgaakũũrwo ũtarutĩirwo mbeeca.”","For Yahweh says, “You were sold for nothing; and you will be redeemed without money.”"
Isaiah 52:4,Nĩgũkorwo Mwathani Jehova ekuuga atĩrĩ: “Tene andũ akwa maikũrũkire bũrũri wa Misiri magĩthiĩ gũtũũra marĩ ageni kuo; thuutha ũyũ andũ a Ashuri nĩmamahinyĩrĩirie.”,For the Lord Yahweh says: “My people went down at the first into Egypt to live there; and the Assyrian has oppressed them without cause.
Isaiah 52:5,"Jehova ekũũria atĩrĩ, “Rĩu-rĩ, nĩ kĩĩ ndĩ nakĩo? “Nĩgũkorwo andũ akwa maatahirwo o ũguo tũhũ, nao andũ arĩa mamaathaga no kũmanyũrũria. Narĩo rĩĩtwa rĩakwa rĩcambagio hĩndĩ ciothe,” ũguo nĩguo Jehova ekuuga.","“Now therefore, what do I do here,” says Yahweh, “seeing that my people are taken away for nothing? Those who rule over them mock,” says Yahweh, “and my name is blasphemed continually all day long."
Isaiah 52:6,"“Nĩ ũndũ ũcio andũ akwa nĩmakamenya rĩĩtwa rĩakwa; mũthenya ũcio nĩmakamenya atĩ nĩ niĩ ndaaririe ũhoro ũcio o tene. Ĩĩ nĩguo, nĩ niĩ ndawaririe.”","Therefore my people shall know my name. Therefore they shall know in that day that I am he who speaks. Behold, it is I.”"
Isaiah 52:7,"Kaĩ magũrũ ma mũndũ ũrĩa ũrarehe ũhoro mwega, nĩmagĩrĩire kũu irĩma-inĩ igũrũ-ĩ, o ũcio ũrahunjanĩria ũhoro wa thayũ, na akarehe ũhoro mwega wa maũndũ magĩrĩru, o na akahunjanĩria ũhoro wa kũhonokania, o we ũrĩa ũreera Zayuni atĩrĩ, “Ngai waku nĩwe ũrathamaka!”","How beautiful on the mountains are the feet of him who brings good news, who publishes peace, who brings good news, who proclaims salvation, who says to Zion, “Your God reigns!”"
Isaiah 52:8,"Atĩrĩrĩ, ta thikĩrĩria! Arangĩri aku nĩmaranĩrĩra; maranĩrĩra nĩ gũkena marĩ hamwe. Rĩrĩa Jehova agaacooka Zayuni, nĩmakeyonera na maitho mao.",Your watchmen lift up their voice. Together they sing; for they shall see eye to eye when Yahweh returns to Zion.
Isaiah 52:9,"Atĩrĩrĩ, inyuĩ kũndũ kũrĩa kwanangĩtwo kwa Jerusalemu, ambĩrĩriai kũina nyĩmbo cia gĩkeno, nĩgũkorwo Jehova nĩahooreretie andũ ake, na agakũũra Jerusalemu.","Break out into joy! Sing together, you waste places of Jerusalem; for Yahweh has comforted his people. He has redeemed Jerusalem."
Isaiah 52:10,"Jehova nĩakaguũria guoko gwake gũtheru harĩ ndũrĩrĩ ciothe, ikuone na maitho mao, nacio ituri ciothe cia thĩ nĩcikoona ũhonokanio wa Ngai witũ.",Yahweh has made his holy arm bare in the eyes of all the nations. All the ends of the earth have seen the salvation of our God.
Isaiah 52:11,"Eherai, eherai, umai kũu! Mũtikahutie kĩndũ kĩrĩ thaahu! Umai kũu na mwĩtherie, inyuĩ mũkuuaga indo cia Jehova.","Depart! Depart! Go out from there! Touch no unclean thing! Go out from among her! Cleanse yourselves, you who carry Yahweh’s vessels."
Isaiah 52:12,"No rĩrĩ, mũtikoima na ihenya, kana mũthiĩ mũhanyũkĩte; nĩgũkorwo Jehova nĩwe ũkaamũtongoria, Ngai wa Isiraeli nĩwe ũkaamuuma thuutha, amũgitĩre.","For you shall not go out in haste, neither shall you go by flight; for Yahweh will go before you, and the God of Israel will be your rear guard."
Isaiah 52:13,"Atĩrĩrĩ, ndungata yakwa ĩgeekaga maũndũ na ũũgĩ; nĩĩkambarario na yambatĩrio, o na ĩtũũgĩrio mũno.","Behold, my servant will deal wisely. He will be exalted and lifted up, and will be very high."
Isaiah 52:14,"O ta ũrĩa andũ aingĩ maagegirio mũno nĩ ũndũ wake, tondũ gĩthiithi gĩake nĩgĩathũkĩtio mũno, gĩgakĩra kĩa mũndũ o wothe, na mũhianĩre wake ũgathũkio gũkĩra mũhianĩre wa andũ,","Just as many were astonished at you— his appearance was marred more than any man, and his form more than the sons of men—"
Isaiah 52:15,"ũguo noguo akaamakia ndũrĩrĩ nyingĩ, nao athamaki nĩmagatumia tũnua twao nĩ ũndũ wake. Nĩgũkorwo maũndũ marĩa materĩtwo, nĩmakamoona, na maũndũ marĩa mataiguĩte, nĩmakamenya ũhoro wamo.","so he will cleanse† many nations. Kings will shut their mouths at him; for they will see that which had not been told them, and they will understand that which they had not heard."
Isaiah 53:1,"Nũũ wĩtĩkĩtie ũhoro witũ, nakuo guoko kwa Jehova-rĩ, kũguũrĩirio ũ?",Who has believed our message? To whom has Yahweh’s arm been revealed?
Isaiah 53:2,"Nĩgũkorwo ndungata ĩyo yakũrire ĩhaana ta mũtĩ mwĩthĩ, na ta mũri ũmerete kũndũ kũmũ. Ndĩarĩ kĩĩrorerwa o na kana ĩgathakara ũndũ tũngĩaguucĩrĩirio nĩyo, ĩkĩoneka-rĩ, gũtirĩ kĩndũ kĩngĩatũmire tũmĩĩrirĩrie.","For he grew up before him as a tender plant, and as a root out of dry ground. He has no good looks or majesty. When we see him, there is no beauty that we should desire him."
Isaiah 53:3,"Ndungata ĩyo nĩyanyararirwo na ĩkĩregwo nĩ andũ, aarĩ mũndũ wa kĩeha kĩingĩ na wonete thĩĩna. O ta mũndũ ũrĩa andũ mahithaga mothiũ mao matikamuone-rĩ, aanyararirwo, na ithuĩ tũtiigana kũmũtĩĩa.","He was despised and rejected by men, a man of suffering and acquainted with disease. He was despised as one from whom men hide their face; and we didn’t respect him."
Isaiah 53:4,"Ti-itherũ nĩwe woire wonje witũ, na agĩkuua kĩeha giitũ; no ithuĩ twatuire nĩkũhũũrwo aahũũrĩtwo nĩ Ngai, akamũgũtha na akamũnyamaria.","Surely he has borne our sickness and carried our suffering; yet we considered him plagued, struck by God, and afflicted."
Isaiah 53:5,"No rĩrĩ, aatihangirio nĩ ũndũ wa mahĩtia maitũ, o na akĩhehenjwo nĩ ũndũ wa waganu witũ; nakuo kũherithio kũrĩa gwatũmire tũgĩe na thayũ nĩwe waherithirio, na ithuĩ tũhonagio nĩ ũndũ wa nguraro ciake.",But he was pierced for our transgressions. He was crushed for our iniquities. The punishment that brought our peace was on him; and by his wounds we are healed.
Isaiah 53:6,"Ithuothe, nĩtũhĩtĩtie njĩra, tũgaturuura ta ngʼondu ciũrĩte, o mũndũ agathiĩ na njĩra yake mwene; nake Jehova nĩamũigĩrĩire waganu witũ ithuothe.",All we like sheep have gone astray. Everyone has turned to his own way; and Yahweh has laid on him the iniquity of us all.
Isaiah 53:7,"Nĩahinyĩrĩirio na agĩthĩĩnio, nowe ndaatumũrire kanua gake; aakirire ki o ta ũrĩa gatũrũme gakiraga gagĩthiĩ gũthĩnjwo, na o ta ũrĩa ngʼondu ĩkiraga ki ĩrĩ mbere ya mũmĩenji guoya, noguo o nake ataatumũrire kanua gake.","He was oppressed, yet when he was afflicted he didn’t open his mouth. As a lamb that is led to the slaughter, and as a sheep that before its shearers is silent, so he didn’t open his mouth."
Isaiah 53:8,"Eeheririo na ũndũ wa kũhinyĩrĩrio na gũtuĩrwo ciira ũtarĩ wa kĩhooto. Ha ũhoro wa rũciaro rwake-rĩ, nũũ ũngĩaria ũhoro waruo? Nĩgũkorwo eeheririo kuuma bũrũri wa arĩa matũũraga muoyo; na nĩ ũndũ wa mahĩtia ma andũ akwa nĩkĩo aahũũrirwo.","He was taken away by oppression and judgment. As for his generation, who considered that he was cut off out of the land of the living and stricken for the disobedience of my people?"
Isaiah 53:9,"Rĩrĩa aakuire aigirwo mbĩrĩra-inĩ ya andũ aaganu, o na agĩthikwo mbĩrĩra-inĩ ya andũ arĩa itonga, o na harĩa atekĩte ũndũ mũũru, kana kanua gake gakaaria maheeni.","They made his grave with the wicked, and with a rich man in his death, although he had done no violence, nor was any deceit in his mouth."
Isaiah 53:10,"No rĩrĩ, Jehova nĩonire arĩ wega amũhehenje, na agĩtũma athĩĩnĩke, na rĩrĩa Jehova agaatũma muoyo wake ũtuĩke igongona rĩa mehia-rĩ, nĩakoona rũciaro rwake, na amũingĩhĩrie matukũ make, naguo wendi wa Jehova nĩũkagaacĩra guoko-inĩ gwake.","Yet it pleased Yahweh to bruise him. He has caused him to suffer. When you make his soul an offering for sin, he will see his offspring. He will prolong his days and Yahweh’s pleasure will prosper in his hand."
Isaiah 53:11,"Thuutha wa ngoro yake gũthĩĩnĩka, nĩakoona uumithio wa gũthĩĩnĩka gwake, na aiganĩre; nĩ ũndũ wa ũmenyo wake, ndungata ĩyo yakwa thingu nĩĩgatũma andũ aingĩ matuĩke athingu, na nĩĩgakuua mawaganu mao, ĩmeherie.","After the suffering of his soul, he will see the light† and be satisfied. My righteous servant will justify many by the knowledge of himself; and he will bear their iniquities."
Isaiah 53:12,"Nĩ ũndũ ũcio nĩngamĩgayanĩria igai hamwe na arĩa anene, o na magayane indo cia gũtahwo na andũ arĩa marĩ hinya, tondũ nĩarutire muoyo wake akue, na agĩtaranĩrio na arĩa aagarari watho. Nĩgũkorwo nĩakuuire mehia ma andũ aingĩ, o na arĩa maahĩtĩtie akĩmathaithanĩrĩra.","Therefore I will give him a portion with the great. He will divide the plunder with the strong, because he poured out his soul to death and was counted with the transgressors; yet he bore the sins of many and made intercession for the transgressors."
Isaiah 54:1,"“Atĩrĩrĩ, wee mũndũ-wa-nja thaata ina rwĩmbo, o wee ũtarĩ waciara mwana; ambĩrĩria kũina rwĩmbo, na wanĩrĩre nĩ gũkena, wee ũtarĩ wanyiitwo nĩ ruo rwa gũciara, tondũ ciana cia mũndũ-wa-nja ũrĩa ũtiganĩirio nĩ nyingĩ, gũkĩra cia ũrĩa ũrĩ na mũthuuri,” ũguo nĩguo Jehova ekuuga.","“Sing, barren, you who didn’t give birth! Break out into singing, and cry aloud, you who didn’t travail with child! For more are the children of the desolate than the children of the married wife,” says Yahweh."
Isaiah 54:2,"“Wĩyaramĩrie handũ ha hema yaku, na ũtambũrũkie mataama ma hema yaku maarame, maguucie ũtekũmacaaĩra; raihia mĩkanda ya hema yaku, nacio higĩ ciayo ũcikiindĩre irũme biũ.","“Enlarge the place of your tent, and let them stretch out the curtains of your habitations; don’t spare; lengthen your cords, and strengthen your stakes."
Isaiah 54:3,"Nĩgũkorwo nĩũgatheerema mwena wa ũrĩo na wa ũmotho; njiaro ciaku nĩikegwatĩra mabũrũri ma ndũrĩrĩ, na itũũre matũũra manene ma cio marĩa matigĩtwo matarĩ andũ.",For you will spread out on the right hand and on the left; and your offspring will possess the nations and settle in desolate cities.
Isaiah 54:4,"“Ndũkanetigĩre; tondũ ndũgaaconoka. O na ndũkanaigue guoya wa gũconorithio; nĩgũkorwo ndũrĩ hĩndĩ ũkaanyararithio. Nĩukariganĩrwo nĩ thoni cia ũnini waku, na ndũgacooka kũririkana rĩngĩ ũrĩa wananyararwo nĩgũkorwo ũrĩ wa ndigwa.","“Don’t be afraid, for you will not be ashamed. Don’t be confounded, for you will not be disappointed. For you will forget the shame of your youth. You will remember the reproach of your widowhood no more."
Isaiah 54:5,"Nĩgũkorwo ũrĩa Mũũmbi waku nĩwe mũthuuri waku, nake etagwo Jehova Mwene-Hinya-Wothe, o we Ũrĩa Mũtheru wa Isiraeli nĩwe Mũkũũri waku; nake etagwo Ngai mwene thĩ yothe.",For your Maker is your husband; Yahweh of Armies is his name. The Holy One of Israel is your Redeemer. He will be called the God of the whole earth.
Isaiah 54:6,"Nĩgũkorwo Jehova nĩagagwĩta ũcooke, ũhaana ta mũtumia ũtiganĩirio, na mũthĩĩnĩku ngoro, mũtumia wahikire arĩ mũnini, agacooka agateo,” ũguo nĩguo Ngai waku ekuuga.","For Yahweh has called you as a wife forsaken and grieved in spirit, even a wife of youth, when she is cast off,” says your God."
Isaiah 54:7,"“Nĩgũkorwo ndĩragũtiganĩirie o gwa kahinda kanini, no nĩngũgũcookia ndĩ na tha nyingĩ mũno.","“For a small moment I have forsaken you, but I will gather you with great mercies."
Isaiah 54:8,"Hĩndĩ ya marakara maingĩ nĩndakũhithire ũthiũ wakwa gwa kahinda kanini, no nĩ ũndũ wa ũtugi ũrĩa ũtathiraga, nĩngakũiguĩra tha,” ũguo nĩguo Jehova Mũkũũri waku ekuuga.","In overflowing wrath I hid my face from you for a moment, but with everlasting loving kindness I will have mercy on you,” says Yahweh your Redeemer."
Isaiah 54:9,"“Kũrĩ niĩ matukũ maya no ta marĩa ma hĩndĩ ya Nuhu, rĩrĩa ndehĩtire ngiuga atĩ maaĩ ta macio ma hĩndĩ ya Nuhu matigacooka kũiyũra thĩ. Nĩ ũndũ ũcio rĩu nĩndĩhĩtĩte atĩ ndigacooka kũrakara nĩwe o na kana ngũkũũme rĩngĩ.","“For this is like the waters of Noah to me; for as I have sworn that the waters of Noah will no more go over the earth, so I have sworn that I will not be angry with you, nor rebuke you."
Isaiah 54:10,"Nĩgũkorwo irĩma no ithingithio, natuo tũrĩma tweherio, no rĩrĩ, wendo wakwa ũrĩa ũtathiraga ũrĩa ngwendete naguo-rĩ, ndũkeenyenyio, o na kana kĩrĩkanĩro gĩakwa gĩa thayũ kĩeherio harĩwe,” ũguo nĩguo Jehova ũrĩa ũkũiguagĩra tha ekuuga.","For the mountains may depart, and the hills be removed, but my loving kindness will not depart from you, and my covenant of peace will not be removed,” says Yahweh who has mercy on you."
Isaiah 54:11,"“Atĩrĩrĩ, wee itũũra rĩĩrĩ inene inyamarie, o wee ũthukathukĩtwo nĩ ihuhũkanio, na ũkaaga wa gũkũhooreria, nĩngagwaka na mahiga ma rangi wa mĩthemba mĩingĩ, nayo mĩthingi yaku ndĩmĩake na mahiga ma yakuti.","“You afflicted, tossed with storms, and not comforted, behold, I will set your stones in beautiful colors, and lay your foundations with sapphires."
Isaiah 54:12,"Nĩngathondeka ndirica ciaku na mahiga mega matune, na ihingo ciaku ndĩcithondeke na mahiga ma goro me kũhenia, nacio thingo ciaku ciothe ikorwo irĩ cia mahiga ma goro mũno.","I will make your pinnacles of rubies, your gates of sparkling jewels, and all your walls of precious stones."
Isaiah 54:13,"Ciana ciaku ciothe nĩikarutagwo ũhoro nĩ Jehova, naguo thayũ wa ciana icio ciaku nĩũkaingĩha mũno.","All your children will be taught by Yahweh, and your children’s peace will be great."
Isaiah 54:14,Nĩũgaikara ta ũhaandĩtwo wega ũhoro-inĩ wa ũthingu: Ũnyamarania nĩũgakũraihĩrĩria; ndũgakorwo ũrĩ na ũndũ ũngĩtũma wĩtigĩre. Nakĩo kĩmako nĩgĩgakũraihĩrĩria; gĩtigagũkuhĩrĩria.,"You will be established in righteousness. You will be far from oppression, for you will not be afraid, and far from terror, for it shall not come near you."
Isaiah 54:15,"Na rĩrĩ, andũ mangĩgaagũtharĩkĩra-rĩ, niĩ ndigakorwo ũhoro-inĩ ũcio; na mũndũ o wothe ũgaagũtharĩkĩra-rĩ, ũcio nĩ kwĩneana akeeneana harĩwe.","Behold, they may gather together, but not by me. Whoever gathers together against you will fall because of you."
Isaiah 54:16,"“Atĩrĩrĩ, niĩ nĩ niĩ ndoombire mũturi, ũrĩa ũhurutagĩra mwaki wa makara, na agatura kĩndũ kĩa mbaara o ũrĩa kĩagĩrĩire wĩra-inĩ wakĩo. O na mũndũ ũrĩa wanangaga akaniinana-rĩ, nĩ niĩ ndĩmũmbĩte;","“Behold, I have created the blacksmith who fans the coals into flame, and forges a weapon for his work; and I have created the destroyer to destroy."
Isaiah 54:17,"na gũtirĩ kĩndũ kĩa mbaara gĩthondeketwo gĩa gũgũũkĩrĩra gĩkaagaacĩra wĩra-inĩ wakĩo, na nĩũkahoota mũndũ ũrĩa ũkaaria ciugo cia gũgũthitanga. Rĩĩrĩ nĩrĩo igai rĩa ndungata cia Jehova, o naguo ũhoro wacio wa gũtuuo thingu uumaga harĩ niĩ,” ũguo nĩguo Jehova ekuuga.","No weapon that is formed against you will prevail; and you will condemn every tongue that rises against you in judgment. This is the heritage of Yahweh’s servants, and their righteousness is of me,” says Yahweh."
Isaiah 55:1,"“Atĩrĩrĩ, inyuĩ inyuothe arĩa mũnyootiĩ-rĩ, ũkaai mũnyue maaĩ; na inyuĩ mũtarĩ na mbeeca-rĩ, ũkaai mũgũre irio, mũrĩe! Ũkaai, mũgũre ndibei na iria mũtarĩ na mbeeca mũkũruta, na hatarĩ na thogora.","“Hey! Come, everyone who thirsts, to the waters! Come, he who has no money, buy, and eat! Yes, come, buy wine and milk without money and without price."
Isaiah 55:2,"Nĩ kĩĩ gĩgũtũma mũtũmĩre mbeeca harĩ irio gũtarĩ, o na mũnoge mũkĩrutĩra wĩra kĩndũ gĩtangĩmũhũũnia? Thikĩrĩriai na mũnjigue, nĩguo mũrĩĩage indo iria njega, nacio ngoro cianyu nĩirĩkenagĩra irio iria njega mũno.","Why do you spend money for that which is not bread, and your labor for that which doesn’t satisfy? Listen diligently to me, and eat that which is good, and let your soul delight itself in richness."
Isaiah 55:3,"Tegai matũ mũthikĩrĩrie, na mũũke kũrĩ niĩ; njiguai nĩgeetha mũtũũre muoyo. Na niĩ nĩngarĩĩkanĩra na inyuĩ kĩrĩkanĩro gĩa gũtũũra tene na tene, arĩ wendo wakwa wa kwĩhokeka ũrĩa nderĩire Daudi.","Turn your ear, and come to me. Hear, and your soul will live. I will make an everlasting covenant with you, even the sure mercies of David."
Isaiah 55:4,"Atĩrĩrĩ ũcio nĩndĩmũtuĩte mũira kũrĩ ndũrĩrĩ, na ngamũtua mũtongoria na mũnene wa ndũrĩrĩ.","Behold, I have given him for a witness to the peoples, a leader and commander to the peoples."
Isaiah 55:5,"Ti-itherũ nĩũgeeta ndũrĩrĩ iria ũtooĩ, nacio ndũrĩrĩ iria itakũũĩ itengʼere ciũke kũrĩ we, nĩ ũndũ wa Jehova Ngai waku, o we Ũrĩa Mũtheru wa Isiraeli, nĩgũkorwo nĩakũhumbĩte ũkengu mũnene.”","Behold, you shall call a nation that you don’t know; and a nation that didn’t know you shall run to you, because of Yahweh your God, and for the Holy One of Israel; for he has glorified you.”"
Isaiah 55:6,Mathaai Jehova hĩndĩ ĩrĩa angĩoneka; mũkaĩrei hĩndĩ ĩrĩa arĩ hakuhĩ.,Seek Yahweh while he may be found. Call on him while he is near.
Isaiah 55:7,"Mũndũ ũrĩa mwaganu nĩatigane na mĩthiĩre yake, nake mũndũ ũrĩa ũtarĩ mũthingu atigane na meciiria make mooru. Nĩacookerere Jehova, na nĩekũmũiguĩra tha, na acookerere Ngai witũ, nĩgũkorwo nĩakĩragĩrĩria kũrekanĩra.","Let the wicked forsake his way, and the unrighteous man his thoughts. Let him return to Yahweh, and he will have mercy on him, to our God, for he will freely pardon."
Isaiah 55:8,"“Nĩgũkorwo meciiria makwa timo meciiria manyu, o na kana mĩthiĩre yanyu ĩgatuĩka ta mĩthiĩre yakwa,” ũguo nĩguo Jehova ekuuga.","“For my thoughts are not your thoughts, and your ways are not my ways,” says Yahweh."
Isaiah 55:9,"“O ta ũrĩa matu maraihanĩrĩirie na thĩ, ũguo noguo mĩthiĩre yakwa ĩraihanĩrĩirie na mĩthiĩre yanyu, o na meciiria makwa magakĩra meciiria manyu.","“For as the heavens are higher than the earth, so are my ways higher than your ways, and my thoughts than your thoughts."
Isaiah 55:10,"Nĩgũkorwo o ta ũrĩa mbura yuraga, narĩo ira rĩkaharũrũka kuuma igũrũ, na iticookaga kuo itaihũgĩtie thĩ na igatũma mĩmera ĩthundũke na ĩciare, nĩguo mũhandi aheo mbeũ na ũrĩa wendaga kũrĩa aheo irio ciake,","For as the rain comes down and the snow from the sky, and doesn’t return there, but waters the earth, and makes it grow and bud, and gives seed to the sower and bread to the eater;"
Isaiah 55:11,"ũguo noguo kiugo gĩakwa kĩrĩa kiumaga kanua gakwa gĩgaaikara: Kiugo kĩu gĩtikanjookerera o ro ũguo tũhũ, no nĩgĩkahingia ũrĩa nyendete wĩkwo, na gĩkinyanĩrie muoroto ũrĩa watũmire ndĩgĩtũme.","so is my word that goes out of my mouth: it will not return to me void, but it will accomplish that which I please, and it will prosper in the thing I sent it to do."
Isaiah 55:12,"Ũkoimagara na gĩkeno, na ũthiiage ũtongoretio nĩ thayũ; irĩma o na tũrĩma nacio nĩigaitĩka kũina rwĩmbo mbere yaku, nayo mĩtĩ yothe ya gĩthaka nĩĩkahũũra hĩ.","For you shall go out with joy, and be led out with peace. The mountains and the hills will break out before you into singing; and all the trees of the fields will clap their hands."
Isaiah 55:13,"Ithenya rĩa mĩigua-rĩ, gũkaamera mĩthengera, na ithenya rĩa congʼe kũmere mĩhandathi. Naguo ũndũ ũcio ũgaatuĩka wa gũtũma Jehova agĩe igweta, na ũtuĩke kĩmenyithia gĩa gũtũũra nginya tene, kĩrĩa gĩtagathũkio.”","Instead of the thorn the cypress tree will come up; and instead of the brier the myrtle tree will come up. It will make a name for Yahweh, for an everlasting sign that will not be cut off.”"
Isaiah 56:1,"Jehova ekuuga atĩrĩ: “Tũũrai mũtuanagĩra ciira wa kĩhooto, na mwĩkage maũndũ marĩa magĩrĩire, nĩgũkorwo ũhonokio wakwa nĩũkuhĩrĩirie, o naguo ũthingu wakwa ũrĩ hakuhĩ kũguũranĩrio.","Yahweh says: “Maintain justice and do what is right, for my salvation is near and my righteousness will soon be revealed."
Isaiah 56:2,"Kũrathimwo-rĩ, nĩ mũndũ ũrĩa wĩkaga maũndũ macio, o mũndũ ũrĩa ũrũmagia maũndũ macio mũno, na ũrĩa ũmenyagĩrĩra thabatũ atekũmĩthaahia, na akagirĩrĩria guoko gwake gwĩka ũũru.”","Blessed is the man who does this, and the son of man who holds it fast; who keeps the Sabbath without profaning it and keeps his hand from doing any evil.”"
Isaiah 56:3,"Mũndũ wa kũngĩ ũrĩa wĩnyiitanĩtie na Jehova ndakanoige atĩrĩ, “Ti-itherũ Jehova nĩakanyamũrania, andigithanie na andũ ake.” O na kana mũndũ ũrĩa mũhakũre arekwo oige atĩrĩ, “Niĩ haana o ta mũtĩ mũũmũ.”","Let no foreigner who has joined himself to Yahweh speak, saying, “Yahweh will surely separate me from his people.” Do not let the eunuch say, “Behold, I am a dry tree.”"
Isaiah 56:4,"Nĩgũkorwo Jehova ekuuga atĩrĩ: “Ha ũhoro wa andũ arĩa ahakũre arĩa mamenyagĩrĩra thabatũ ciakwa, na magathuura gwĩka maũndũ marĩa mangenagia, na makarũmia kĩrĩkanĩro gĩakwa-rĩ,","For Yahweh says, “To the eunuchs who keep my Sabbaths, choose the things that please me, and hold fast to my covenant,"
Isaiah 56:5,"nĩngamahe handũ thĩinĩ wa hekarũ yakwa na thingo-inĩ ciayo, na ndũme maririkanagwo na magĩe igweta rĩega mũno gũkĩra andũ arĩa marĩ na ciana cia aanake na cia airĩtu; o na ningĩ nĩngamahe rĩĩtwa rĩrĩa magaatũũra meetagwo nginya tene na tene, rĩrĩa rĩtagacooka kũriganĩra.",I will give them in my house and within my walls a memorial and a name better than of sons and of daughters. I will give them an everlasting name that will not be cut off.
Isaiah 56:6,"Andũ a kũngĩ arĩa menyiitanĩtie na Jehova nĩguo mamũtungatagĩre, o acio mendete rĩĩtwa rĩa Jehova, na mamũhooyaga, o na arĩa othe mamenyagĩrĩra thabatũ matekũmĩthaahia, na makarũmia kĩrĩkanĩro gĩakwa-rĩ,","Also the foreigners who join themselves to Yahweh to serve him, and to love Yahweh’s name, to be his servants, everyone who keeps the Sabbath from profaning it, and holds fast my covenant,"
Isaiah 56:7,"andũ acio nĩo ngaatwara kĩrĩma-inĩ gĩakwa kĩrĩa kĩamũre, na ndĩmahe gĩkeno thĩinĩ wa nyũmba yakwa ya mahooya. Maruta mao ma njino na magongona nĩmagetĩkĩrĩka kĩgongona-inĩ gĩakwa; nĩgũkorwo nyũmba yakwa ĩgeetagwo nyũmba ya mahooya ya kũhooyagĩrwo nĩ ndũrĩrĩ ciothe.”","I will bring these to my holy mountain, and make them joyful in my house of prayer. Their burnt offerings and their sacrifices will be accepted on my altar; for my house will be called a house of prayer for all peoples.”"
Isaiah 56:8,"Mwathani Jehova ekuuga atĩrĩ, o we ũrĩa ũcookanagĩrĩria andũ a Isiraeli arĩa matahĩtwo: “Hamwe na acio ndĩkĩtie gũcookanĩrĩria no kũrĩ angĩ ngaacookanĩrĩria meongerere harĩo.”","The Lord Yahweh, who gathers the outcasts of Israel, says, “I will yet gather others to him, in addition to his own who are gathered.”"
Isaiah 56:9,"Atĩrĩrĩ, ũkaai inyuĩ nyamũ ciothe cia gĩthaka, o na inyuĩ nyamũ ciothe cia mũtitũ ũkaai mũrĩe!","All you animals of the field, come to devour, all you animals in the forest."
Isaiah 56:10,"Arangĩri a Isiraeli nĩ atumumu, othe nĩmagĩte ũmenyo; othe matariĩ ta ngui itagambaga, ikaremwo nĩ gũkũga; makomaga thĩ makaroota, na mendaga o gũkoma toro.","His watchmen are blind. They are all without knowledge. They are all mute dogs. They can’t bark— dreaming, lying down, loving to slumber."
Isaiah 56:11,"Matariĩ o ta ngui ngoroku mũno; matirĩ hĩndĩ mahũũnaga. Nĩ arĩithi matarĩ na ũtaũku; othe magarũrũkĩte magathiĩ na njĩra ciao o ene, na o mũndũ acaragia maũndũ ma kwĩguna we mwene.","Yes, the dogs are greedy. They can never have enough. They are shepherds who can’t understand. They have all turned to their own way, each one to his gain, from every quarter."
Isaiah 56:12,"O mũndũ aanagĩrĩra akoiga atĩrĩ, “Ũnganai ndĩmũrehere ndibei! Nĩtũnyue njoohi nginya tũrĩĩo! Naruo rũciũ rũkaahaana o ta ũmũthĩ, kana rwagĩre mũno makĩria.”","“Come,” they say, “I will get wine, and we will fill ourselves with strong drink; and tomorrow will be as today, great beyond measure.”"
Isaiah 57:1,"Atĩrĩrĩ, andũ arĩa athingu makuaga o ro ũguo, na gũtirĩ mũndũ wĩciiragia ũhoro ũcio ngoro-inĩ yake; andũ arĩa etigĩri-Ngai meheragio, na gũtirĩ mũndũ ũmenyaga atĩ acio athingu meheretio nĩguo matharwo, matikoone ũũru.","The righteous perish, and no one lays it to heart. Merciful men are taken away, and no one considers that the righteous is taken away from the evil."
Isaiah 57:2,"Andũ arĩa mathiiaga na mĩthiĩre mĩagĩrĩru, matoonyaga thayũ-inĩ; ningĩ nĩmonaga ũhurũko makua.","He enters into peace. They rest in their beds, each one who walks in his uprightness."
Isaiah 57:3,"“No inyuĩ-rĩ, ũkaai haha, inyuĩ ariũ a mũndũ-wa-nja mũragũri, o inyuĩ ciana cia itharia na cia maraya!","“But draw near here, you sons of a sorceress, you offspring of adulterers and prostitutes."
Isaiah 57:4,"Nũũ ũcio inyuĩ mũranyũrũria? Nũũ ũcio mũratembanĩria mĩromo na mũkamũrutĩra rũrĩmĩ? Githĩ inyuĩ ti inyuĩ ciana cia aremi, o na rũciaro rwa aheenania?","Whom do you mock? Against whom do you make a wide mouth and stick out your tongue? Aren’t you children of disobedience and offspring of falsehood,"
Isaiah 57:5,"Inyuĩ mũhĩahĩaga nĩ thuti cianyu mũrĩ kũu mĩgandi-inĩ, na mũrĩ rungu rwa mũtĩ o wothe mũruru; mũrutaga ciana cianyu magongona kũu ituamba-inĩ, na mĩatũka-inĩ ya ndwaro cia mahiga.","you who inflame yourselves among the oaks, under every green tree; who kill the children in the valleys, under the clefts of the rocks?"
Isaiah 57:6,"“Mĩhianano ya kũhooywo ĩrĩa ĩrĩ mahiga-inĩ manyoroku* kũu ituamba-inĩ nĩyo rũgai rwanyu; ĩĩ, mĩhianano ĩyo nĩyo igai rĩanyu. Ĩĩ, ĩyo nĩyo ũitĩire magongona maku ma kĩndũ gĩa kũnyuuo, na ũkamĩrutĩra maruta ma mũtu. Niĩ-rĩ, ingĩhota atĩa gũkirĩrĩria maũndũ ta macio?","Among the smooth stones of the valley is your portion. They, they are your lot. You have even poured a drink offering to them. You have offered an offering. Shall I be appeased for these things?"
Isaiah 57:7,"Wee ũthondekete ũrĩrĩ waku karĩma-inĩ karĩa karaaya na igũrũ, na gatũũgĩru; na kũu igũrũ nĩkuo waambatire, ũgĩthiĩ kũrutĩra magongona maku kuo.",On a high and lofty mountain you have set your bed. You also went up there to offer sacrifice.
Isaiah 57:8,"Thuutha wa mĩrango yaku, na hingĩro-inĩ ciayo nĩkuo ũigĩte imenyithia cia gũkũririkania ũhoro wa mĩhianano ya andũ acio matooĩ Ngai. Nĩwahumbũririe gĩtanda gĩaku nĩ ũndũ wa kũndirika, ũkĩhaica igũrũ rĩakĩo, o na ũgĩkĩaramia makĩria; ũkĩrĩĩkanĩra na acio wendete itanda ciao, na ũgĩcooka ũkĩĩrorera njaga yao.","You have set up your memorial behind the doors and the posts, for you have exposed yourself to someone besides me, and have gone up. You have enlarged your bed and made a covenant for yourself with them. You loved what you saw on their bed."
Isaiah 57:9,"Nĩwathiire kũrĩ Moleku ũrĩ na maguta ma mũtĩ wa mũtamaiyũ, na ũkĩongerera maguta maku marĩa manungaga wega. Nĩwatũmire abarũthi aku mathiĩ kũndũ kũraya mũno; ningĩ ũgĩikũrũka o nginya mbĩrĩra-inĩ!","You went to the king with oil, increased your perfumes, sent your ambassadors far off, and degraded yourself even to Sheol.†"
Isaiah 57:10,"Nĩwanogirio nĩ mĩthiĩre yaku yothe, no rĩrĩ, ndũigana kuuga atĩrĩ, ‘Ũndũ ũyũ nĩ wa tũhũ.’ Ũkĩgĩa na hinya mwerũ, nĩ ũndũ ũcio ndũigana kũringĩka.","You were wearied with the length of your ways; yet you didn’t say, ‘It is in vain.’ You found a reviving of your strength; therefore you weren’t faint."
Isaiah 57:11,"“Nũũ wakũiguithirie guoya na ũkĩmwĩtigĩra, ũũ atĩ ũkoretwo ũkĩaga gũtuĩka mwĩhokeku kũrĩ niĩ, na ũkaaga gũcooka kũndirikana, o na kana wĩcũũranie ũhoro ũcio na ngoro yaku? Githĩ ti tondũ ngoretwo ngirĩte ki ihinda iraihu, nawe ũkaaga kũnjĩtigĩra?","“Whom have you dreaded and feared, so that you lie, and have not remembered me, nor laid it to your heart? Haven’t I held my peace for a long time, and you don’t fear me?"
Isaiah 57:12,"Nĩngaumbũrania ũthingu waku na ciĩko ciaku, nacio itigakũguna.","I will declare your righteousness; and as for your works, they will not benefit you."
Isaiah 57:13,"Rĩrĩa ũgaakaya ũkĩenda ũteithio-rĩ, mĩhianano ĩyo ya kũhooywo ũnganĩtie-rĩ, nĩĩgagĩkũhonokia! Rũhuho nĩrũkamĩkuua yothe, yũmbũrwo, yeherio nĩ mĩhũmũ mĩtheri. No rĩrĩ, mũndũ ũrĩa ũnduuaga rĩũrĩro rĩake-rĩ, nĩwe ũkaagaya bũrũri, o na egwatĩre kĩrĩma gĩakwa kĩrĩa kĩamũre.”","When you cry, let those whom you have gathered deliver you, but the wind will take them. A breath will carry them all away, but he who takes refuge in me will possess the land, and will inherit my holy mountain.”"
Isaiah 57:14,"Na nĩgũkeeranwo atĩrĩ: “Akaai, akaai, na mũthondeke njĩra! Eheriai mĩhĩnga yehere njĩra-inĩ ya andũ akwa.”","He will say, “Build up, build up, prepare the way! Remove the stumbling-block out of the way of my people.”"
Isaiah 57:15,"Nĩgũkorwo Ũrĩa-Ũrĩ-Igũrũ Mũno, o We ũtũũgĩrĩtio na ũtũũraga tene na tene, ũrĩa wĩtagwo mũtheru; ekuuga atĩrĩ: “Ndũũraga o igũrũ handũ hatheru, na ningĩ ngatũũrania na mũndũ ũrĩa ũrĩ ngoro ĩthuthĩkĩte, na ũrĩa ũherete na wĩnyiihĩtie, nĩguo njarahũre roho wa mũndũ ũcio wĩnyiihĩtie, na njarahũre ngoro ĩyo ĩthuthĩkĩte.","For the high and lofty One who inhabits eternity, whose name is Holy, says: “I dwell in the high and holy place, with him also who is of a contrite and humble spirit, to revive the spirit of the humble, and to revive the heart of the contrite."
Isaiah 57:16,"Ndigũtũũra ndũithanagia nginya tene, o na kana ndũũre ndakarĩte hĩndĩ ciothe, tondũ roho wa mũndũ wahota kũringĩka mbere yakwa, mĩhũmũ ĩyo ya mũndũ ũcio ndoombire ĩhwererekere.","For I will not contend forever, neither will I always be angry; for the spirit would faint before me, and the souls whom I have made."
Isaiah 57:17,"Nĩndarakaririo mũno nĩ mehia make ma gũkoroka; ngĩmũherithia na ngĩmũhitha ũthiũ wakwa nĩ kũrakara, no agĩthiĩ o na mbere na mĩthiĩre yake ĩrĩa eyendeire.",I was angry because of the iniquity of his covetousness and struck him. I hid myself and was angry; and he went on backsliding in the way of his heart.
Isaiah 57:18,"Nĩnyonete njĩra ciake, no nĩngamũhonia; ningĩ nĩngamũtongoria, na njooke ndĩmũũmĩrĩrie,","I have seen his ways, and will heal him. I will lead him also, and restore comforts to him and to his mourners."
Isaiah 57:19,"ndũme kũgĩe na ũgooci tũnua-inĩ twa andũ arĩa macakayaga kũu Isiraeli. Thayũ, thayũ kũrĩ arĩa marĩ kũraya, na kũrĩ arĩa marĩ gũkuhĩ,” ũguo nĩguo Jehova ekuuga. “Na nĩ niĩ ngaamahonia.”","I create the fruit of the lips: Peace, peace, to him who is far off and to him who is near,” says Yahweh; “and I will heal them.”"
Isaiah 57:20,"No rĩrĩ, andũ arĩa aaganu mahaana ta iria rĩgĩikia ndiihũ ciarĩo, rĩrĩa rĩtangĩhoorera, rĩrĩa makũmbĩ marĩo mahurunjaga ndaka na ndooro.",But the wicked are like the troubled sea; for it can’t rest and its waters cast up mire and mud.
Isaiah 57:21,"Ngai wakwa ekuuga atĩrĩ, “Mũndũ ũrĩa mwaganu-rĩ, ndarĩ hĩndĩ angĩgĩa na thayũ.”","“There is no peace”, says my God, “for the wicked.”"
Isaiah 58:1,"“Atĩrĩrĩ, anĩrĩra mũno, na ndũgakire. Anĩrĩra na mũgambo mũnene o taarĩ karumbeta karagamba.* Uumbũrĩre andũ akwa ũhoro wa ũremi wao, o na andũ a nyũmba ya Jakubu ũmoimbũrĩre mehia mao.","“Cry aloud! Don’t spare! Lift up your voice like a trumpet! Declare to my people their disobedience, and to the house of Jacob their sins."
Isaiah 58:2,"Nĩgũkorwo manjaragia mũthenya o mũthenya; makonekaga ta mangĩenda mũno kũmenya njĩra ciakwa, ta marĩ rũrĩrĩ rwĩkaga ũrĩa kwagĩrĩire, na rũtatirikĩte maathani ma Ngai waruo. Mendaga ndĩmatuagĩre ciira wa kĩhooto, na makoneka makĩenda mũno Ngai amakuhĩrĩrie.","Yet they seek me daily, and delight to know my ways. As a nation that did righteousness, and didn’t forsake the ordinance of their God, they ask of me righteous judgments. They delight to draw near to God."
Isaiah 58:3,"Moragia atĩrĩ, ‘Nĩ kĩĩ gĩtũmĩte twĩhinge kũrĩa irio, nawe ũkaaga kuona? Nĩ kĩĩ gĩtũmĩte twĩnyiihie, nawe ũkaaga kũrũmbũiya ũhoro ũcio?’ “No rĩrĩ, mũthenya wanyu wa kwĩhinga kũrĩa irio mwĩkaga o ũrĩa mũkwenda, na aruti othe anyu a wĩra mũkamahinyĩrĩria.","‘Why have we fasted,’ they say, ‘and you don’t see? Why have we afflicted our soul, and you don’t notice?’ “Behold, in the day of your fast you find pleasure, and oppress all your laborers."
Isaiah 58:4,"Kwĩhinga kũrĩa irio kwanyu kũrĩĩkagĩrĩria na ngũĩ na njũgitano, na mũkahũũrana na ngundi ta andũ aaganu. Kwĩhinga kũrĩa irio kwanyu kwa matukũ maya gũtingĩtũma mĩgambo yanyu ĩiguo kũu igũrũ.","Behold, you fast for strife and contention, and to strike with the fist of wickedness. You don’t fast today so as to make your voice to be heard on high."
Isaiah 58:5,"Kwĩhinga kũrĩa irio kwa mũthemba ũcio wa mũndũ kwĩnyiihia mũthenya o ũmwe tu-rĩ, nĩkuo niĩ thuurĩte? Kwĩhinga no kũinamia mũtwe ta ithanjĩ, na gũkomera nguo ya ikũnia, o na mũhu? Kũu nĩkuo mwĩtaga kwĩhinga kũrĩa irio, na mũkawĩta mũthenya wa gwĩtĩkĩrĩka nĩ Jehova?","Is this the fast that I have chosen? A day for a man to humble his soul? Is it to bow down his head like a reed, and to spread sackcloth and ashes under himself? Will you call this a fast, and an acceptable day to Yahweh?"
Isaiah 58:6,"“Githĩ mũthemba ũrĩa thuurĩte wa kwĩhinga kũrĩa irio ti ũyũ: kuohora arĩa moohetwo na njĩra ĩtarĩ ya kĩhooto, na kuohoraga mĩkwa ya icooki rĩa ngingo, na kũrekereria arĩa mahinyĩrĩirio, o na kuunanga macooki mothe ma ngingo?","“Isn’t this the fast that I have chosen: to release the bonds of wickedness, to undo the straps of the yoke, to let the oppressed go free, and that you break every yoke?"
Isaiah 58:7,"Githĩ ti kũgayanaga irio ciaku na andũ arĩa ahũtu, na ũrehage athĩĩni arĩa matarĩ ũikaro gwaku mũciĩ, na rĩrĩa wona mũndũ arĩ njaga ũkamũhumba nguo, na ndũkanahutatĩre andũ arĩa mũrĩ a mũthiimo ũmwe nao?","Isn’t it to distribute your bread to the hungry, and that you bring the poor who are cast out to your house? When you see the naked, that you cover him; and that you not hide yourself from your own flesh?"
Isaiah 58:8,"Hĩndĩ ĩyo ũtheri waku nĩũgaathera o ta ũrĩa gũtherũrũkaga rũciinĩ, nakuo kũhonio gwaku nĩgũkooneka o narua; ningĩ ũthingu waku nĩũgagũtongoria, naguo riiri wa Jehova ũkuume thuutha, ũkũgitĩre.","Then your light will break out as the morning, and your healing will appear quickly; then your righteousness shall go before you, and Yahweh’s glory will be your rear guard."
Isaiah 58:9,"Ningĩ hĩndĩ ĩyo nĩũgeetana, nake Jehova nĩagagwĩtĩka; nĩũgakaya ũteithio, nake nĩakoiga atĩrĩ: Ĩĩ niĩ ũyũ haha. “Ũngĩeheria icooki rĩa kũhinyanĩrĩria, na weherie kĩara kĩrĩa worotanaga nakĩo, na ndeto cia rũmena-rĩ,","Then you will call, and Yahweh will answer. You will cry for help, and he will say, ‘Here I am.’ “If you take away from among you the yoke, finger pointing, and speaking wickedly;"
Isaiah 58:10,"ningĩ ũngĩĩrutĩra kũhũũnia andũ arĩa ahũtu, nao arĩa ahinyĩrĩrie ũmahingĩrie maũndũ marĩa mamabatairie, hĩndĩ ĩyo ũtheri waku nĩũgaathera kũu nduma-inĩ, naguo ũtukũ waku ũgaatuĩka o ta mũthenya barigici.","and if you pour out your soul to the hungry, and satisfy the afflicted soul, then your light will rise in darkness, and your obscurity will be as the noonday;"
Isaiah 58:11,"Jehova nĩarĩgũtoongoragia hĩndĩ ciothe, na nĩarĩkũhingagĩria mabataro maku ũrĩ bũrũri-inĩ mũũmũ, o na mahĩndĩ maku amekagĩre hinya. Ũkahaana ta mũgũnda unithĩirio maaĩ, ũtuĩke ta gĩthima kĩrĩa gĩtahũaga.","and Yahweh will guide you continually, satisfy your soul in dry places, and make your bones strong. You will be like a watered garden, and like a spring of water whose waters don’t fail."
Isaiah 58:12,"Andũ aku nĩo magaacookereria kũrĩa kwaanangĩtwo o tene, na maakĩrĩre mĩthingi ĩrĩa ya tene mũno; nawe ũgeetagwo Mũcookereria wa Thingo iria Momoku, na wĩtagwo Mũcookereria wa Njĩra cia Itũũro.","Those who will be of you will build the old waste places. You will raise up the foundations of many generations. You will be called Repairer of the Breach, Restorer of Paths with Dwellings."
Isaiah 58:13,"“Ũngĩgirĩrĩria magũrũ maku gũthũkia mũthenya wa Thabatũ, na wage gwĩka maũndũ maku we mwene mũthenya ũcio wakwa ũrĩa mwamũre, nayo Thabatũ ĩyo ũmĩtue mũthenya wa gĩkeno, na mũthenya ũcio mwamũre wa Jehova ũũtue wa gũtĩĩo-rĩ, na ũngĩũtĩĩa na kwaga kũrũmĩrĩra njĩra ciaku, na kwaga gwĩka maũndũ maku we mwene, o na kana kwaria ndeto cia tũhũ-rĩ,","“If you turn away your foot from the Sabbath, from doing your pleasure on my holy day, and call the Sabbath a delight, and the holy of Yahweh honorable, and honor it, not doing your own ways, nor finding your own pleasure, nor speaking your own words,"
Isaiah 58:14,"hĩndĩ ĩyo nĩũgakena nĩ ũndũ wa Jehova, na nĩngatũma ũtũũgĩrio mũno gũkũ thĩ, na ngũheage igai rĩa thoguo Jakubu, ũrĩrĩĩage.” Nĩgũkorwo nĩ kanua ka Jehova kaarĩtie ũhoro ũcio.","then you will delight yourself in Yahweh, and I will make you to ride on the high places of the earth, and I will feed you with the heritage of Jacob your father;” for Yahweh’s mouth has spoken it."
Isaiah 59:1,"Atĩrĩrĩ, ti-itherũ guoko kwa Jehova ti kuonju atĩ gũtingĩhota kũhonokania, o na kana gũtũ gwake gũkagĩa njiika atĩ gũtingĩhota kũigua.","Behold, Yahweh’s hand is not shortened, that it can’t save; nor his ear dull, that it can’t hear."
Isaiah 59:2,"No rĩrĩ, mawaganu manyu nĩmo mamũtigithanĩtie na Ngai wanyu; namo mehia manyu nĩmo matũmĩte amũhithe ũthiũ wake, akarega kũmũigua.","But your iniquities have separated you and your God, and your sins have hidden his face from you, so that he will not hear."
Isaiah 59:3,"Nĩgũkorwo moko manyu nĩmathaahĩte nĩ ũiti wa thakame, nacio ciara cianyu ikaiyũra wĩhia. Tũnua twanyu nĩtwarĩtie ndeto cia maheeni, na nĩmĩ cianyu ikangʼungʼuaga o ndeto cia waganu.","For your hands are defiled with blood, and your fingers with iniquity. Your lips have spoken lies. Your tongue mutters wickedness."
Isaiah 59:4,"Gũtirĩ mũndũ wendaga ciira wa kĩhooto, o na kana ageciirĩrĩra na njĩra ya ma. Mehokaga ngarari cia tũhũ na makaaria ndeto cia maheeni; magĩaga nda cia mathĩĩna na magaciara waganu.","No one sues in righteousness, and no one pleads in truth. They trust in vanity and speak lies. They conceive mischief and give birth to iniquity."
Isaiah 59:5,"Mahaana ta makomeire matumbĩ ma nduĩra, na makaamba mĩtego ya rũrenda rwa mbũmbũĩ. Mũndũ o wothe ũrĩa ũngĩrĩa matumbĩ macio no gũkua akuaga, na o itumbĩ rĩahehenjwo rĩtũrĩkaga nduĩra.",They hatch adders’ eggs and weave the spider’s web. He who eats of their eggs dies; and that which is crushed breaks out into a viper.
Isaiah 59:6,"Rũrenda rũu rwao nĩ rwa tũhũ rũtingĩtumwo nguo; matiingĩhumbĩra na kĩrĩa mathondekaga naruo. Mawĩra mao nĩ mawĩra ma waganu, na moko mao maiyũrĩte ciĩko cia haaro.","Their webs won’t become garments. They won’t cover themselves with their works. Their works are works of iniquity, and acts of violence are in their hands."
Isaiah 59:7,Magũrũ mao mahanyũkaga makehie; mahiũhaga magaite thakame ya mũndũ ũtehĩtie. Meciiria mao no meciiria ma ũũru; na kũrĩa guothe mathiiaga matigaga gũkirĩte ihooru na mwanangĩko.,"Their feet run to evil, and they hurry to shed innocent blood. Their thoughts are thoughts of iniquity. Desolation and destruction are in their paths."
Isaiah 59:8,Njĩra ya thayũ matimĩũĩ; na mĩthiĩre yao ti ya gũtuanĩra ciira na kĩhooto. Metemeire njĩra njogomu; gũtirĩ mũndũ ũcigeragĩra akagĩa na thayũ.,They don’t know the way of peace; and there is no justice in their ways. They have made crooked paths for themselves; whoever goes in them doesn’t know peace.
Isaiah 59:9,"Nĩ ũndũ ũcio ciira wa kĩhooto ũrĩ kũraya na ithuĩ, naguo ũthingu ndũtũkinyagĩra. Tũcaragia ũtheri, no tuonaga o nduma; tũgacaria ũkengu, no tũkagerera kũrĩa kũrĩ na mairia matumanu.","Therefore justice is far from us, and righteousness doesn’t overtake us. We look for light, but see darkness; for brightness, but we walk in obscurity."
Isaiah 59:10,"Tũhambataga rũthingo ta mũtumumu, na tũgeetherera njĩra ta andũ matarĩ maitho. Tũhĩngagwo mũthenya barigici o ta rĩrĩa kũrĩ mairia; tũrĩ gatagatĩ ka andũ arĩa marĩ hinya, tũhaanaga ta andũ akuũ.","We grope for the wall like the blind. Yes, we grope as those who have no eyes. We stumble at noon as if it were twilight. Among those who are strong, we are like dead men."
Isaiah 59:11,"Ithuothe tũraramaga o ta nduba; tũcakayaga na kĩeha ta ndutura. Tũcaragia ũhoro wa gũtuĩrwo ciira na kĩhooto, na tũtingĩwona o na atĩa; tũgacaria ũhoro wa ũhonokanio, no ũgatũraihĩrĩria mũno.","We all roar like bears and moan sadly like doves. We look for justice, but there is none, for salvation, but it is far off from us."
Isaiah 59:12,"Nĩgũkorwo mahĩtia maitũ nĩ maingĩ maitho-inĩ maku, namo mehia maitũ makoimbũra ũrĩa tũtariĩ. Hĩndĩ ciothe mahĩtia maitũ makoragwo hamwe na ithuĩ, namo mehia maitũ nĩtũmooĩ mothe:","For our transgressions are multiplied before you, and our sins testify against us; for our transgressions are with us, and as for our iniquities, we know them:"
Isaiah 59:13,"namo nĩ ũremi na gũkaana Jehova, na kũhutatĩra Ngai witũ, na kwaragia ndeto cia kũhinyanĩrĩria, na kũregana na watho, na kwaria ndeto cia maheeni iria ngoro ciitũ ithugundĩte.","transgressing and denying Yahweh, and turning away from following our God, speaking oppression and revolt, conceiving and uttering from the heart words of falsehood."
Isaiah 59:14,"Nĩ ũndũ ũcio nĩtwagĩte ciira wa kĩhooto, naguo ũthingu ũgatũraihĩrĩria; naguo ũhoro wa ma ũkagũa njĩra-inĩ, naguo ũrũngĩrĩru ũkaagĩrwo mweke.","Justice is turned away backward, and righteousness stands far away; for truth has fallen in the street, and uprightness can’t enter."
Isaiah 59:15,"Ũhoro wa ma ndũrĩ handũ ũngĩoneka, nake mũndũ ũrĩa wĩthemaga ũũru agatuĩka mũndũ wa kũguĩmwo. Nake Jehova akĩona ũndũ ũcio, ũkĩaga kũmũkenia, tondũ gũtiatuanagĩrwo ciira na kĩhooto.","Yes, truth is lacking; and he who departs from evil makes himself a prey. Yahweh saw it, and it displeased him that there was no justice."
Isaiah 59:16,"Ningĩ akĩona atĩ gũtiarĩ mũndũ o na ũmwe wagĩrĩire, na akĩgega tondũ gũtiarĩ na mũteithũrani; nĩ ũndũ ũcio guoko gwake mwene nĩkuo kwamũhonokirie, naguo ũthingu wake mwene ũkĩmũtiirĩrĩra.","He saw that there was no man, and wondered that there was no intercessor. Therefore his own arm brought salvation to him; and his righteousness sustained him."
Isaiah 59:17,"Agĩcooka akĩĩhumba ũthingu taarĩ gako gake ga kũmũgitĩra gĩthũri, na agĩĩkĩra ngũbia ya kĩgera ya ũhonokio mũtwe; naguo ũhoro wa kũrĩhanĩria akĩwĩĩhumba taarĩ nguo, na akĩĩhotora kĩyo taarĩ nguo ndaaya.","He put on righteousness as a breastplate, and a helmet of salvation on his head. He put on garments of vengeance for clothing, and was clad with zeal as a mantle."
Isaiah 59:18,"O ta ũrĩa ciĩko ciao itariĩ, ũguo noguo akaarĩhana, arĩhe thũ ciake na mangʼũrĩ, nao andũ arĩa marĩ muku nake amacookererie ũũru wao; andũ arĩa matũũraga icigĩrĩra-inĩ-rĩ, erĩhĩrie na kũmagera ngero o ũrĩa kwagĩrĩire.","According to their deeds, he will repay as appropriate: wrath to his adversaries, recompense to his enemies. He will repay the islands their due."
Isaiah 59:19,"Nĩ ũndũ ũcio-rĩ, andũ nĩmagetigĩra rĩĩtwa rĩa Jehova kuuma ithũĩro, na nĩmagatĩĩa riiri wake kuuma irathĩro rĩa riũa. Nĩgũkorwo agooka ta rũũĩ ruunĩte, rũgatherera na ihenya, rũtindĩkĩtwo nĩ mĩhũmũ ya Jehova.","So they will fear Yahweh’s name from the west, and his glory from the rising of the sun; for he will come as a rushing stream, which Yahweh’s breath drives."
Isaiah 59:20,"“Mũkũũri nĩagooka Zayuni, na akinye kũrĩ andũ a Jakubu arĩa maherete mehia mao,” ũguo nĩguo Jehova ekuuga.","“A Redeemer will come to Zion, and to those who turn from disobedience in Jacob,” says Yahweh."
Isaiah 59:21,"Ningĩ Jehova ekuuga atĩrĩ, “Ha ũhoro wakwa-rĩ, gĩkĩ nĩkĩo kĩrĩkanĩro kĩrĩa ndarĩkanĩire nao, atĩ Roho wakwa, ũrĩa ũrĩ igũrũ rĩaku, na ciugo ciakwa iria njĩkĩrĩte kanua gaku, itirĩ hĩndĩ ikehera kuuma kanua gaku, kana ciehere kuuma tũnua twa ciana ciaku, o na kana ciehere kuuma tũnua twa njiaro ciao, kuuma rĩu nginya tene na tene,” ũguo nĩguo Jehova ekuuga.","“As for me, this is my covenant with them,” says Yahweh. “My Spirit who is on you, and my words which I have put in your mouth shall not depart out of your mouth, nor out of the mouth of your offspring, nor out of the mouth of your offspring’s offspring,” says Yahweh, “from now on and forever.”"
Isaiah 60:1,"“Atĩrĩrĩ, arahũka ũcangarare, tondũ ũtheri waku nĩũũkĩte, naguo riiri wa Jehova ũgakwarĩra.","“Arise, shine; for your light has come, and Yahweh’s glory has risen on you!"
Isaiah 60:2,"Atĩrĩrĩ, nduma nĩĩhumbĩrĩte thĩ, nayo nduma ndumanu ĩkahumbĩra ndũrĩrĩ ciothe, no Jehova nĩakwarĩire, naguo riiri wake ũgakwarĩra.","For behold, darkness will cover the earth, and thick darkness the peoples; but Yahweh will arise on you, and his glory shall be seen on you."
Isaiah 60:3,"Ndũrĩrĩ nĩigooka kũrĩ ũtheri waku, nao athamaki moke kũrĩa ũcangararĩte ta riũa rĩkĩratha.","Nations will come to your light, and kings to the brightness of your rising."
Isaiah 60:4,"“Tiira maitho wĩrorere mĩena yothe: One ũrĩa andũ othe monganĩte magooka harĩwe, nao ariũ aku makoima kũndũ kũraya, nao airĩtu aku magooka makuuĩtwo na moko.","“Lift up your eyes all around, and see: they all gather themselves together. They come to you. Your sons will come from far away, and your daughters will be carried in arms."
Isaiah 60:5,"Hĩndĩ ĩyo nĩũkona ũndũ ũcio, nawe ũcangarare, ngoro yaku nayo ĩtuumatuume, na ĩiyũrwo nĩ gĩkeno; ũtonga ũrĩa ũrĩ iria-inĩ nĩũkareherwo, o naguo ũtonga wa ndũrĩrĩ ũrehwo kũrĩ we.","Then you shall see and be radiant, and your heart will thrill and be enlarged; because the abundance of the sea will be turned to you. The wealth of the nations will come to you."
Isaiah 60:6,"Ndũũru cia ngamĩĩra nĩikaiyũra bũrũri waku, o nacio njaũ cia ngamĩĩra cia kuuma Midiani, na cia Efa.* Ngamĩĩra ciothe cia kuuma Sheba ciũke, ikuuĩte thahabu na ũbumba, nao andũ maanĩrĩre magooce Jehova.","A multitude of camels will cover you, the dromedaries of Midian and Ephah. All from Sheba will come. They will bring gold and frankincense, and will proclaim the praises of Yahweh."
Isaiah 60:7,"Ndũũru ciothe cia mbũri cia Kedari igaacookanĩrĩrio irehwo kũrĩ we, ũtungatagĩrwo nĩ ndũrũme cia Nebaiothu; nĩigetĩkĩrwo, ituĩke cia kũrutwo igongona kĩgongona-inĩ gĩakwa, na niĩ nĩngagemia hekarũ yakwa ĩrĩa ĩrĩ riiri.",All the flocks of Kedar will be gathered together to you. The rams of Nebaioth will serve you. They will be accepted as offerings on my altar; and I will beautify my glorious house.
Isaiah 60:8,"“Atĩrĩrĩ, andũ aya mombũkĩte na igũrũ ta matu, o na kana ta ndutura igĩcooka itara-inĩ ciacio nĩ a?","“Who are these who fly as a cloud, and as the doves to their windows?"
Isaiah 60:9,"Ti-itherũ andũ arĩa matũũraga icigĩrĩra-inĩ nĩ niĩ metagĩrĩra; matongoretio nĩ marikabu cia Tarishishi, ikĩrehe ariũ anyu kuuma kũndũ kũraya, marĩ na betha na thahabu ciao nĩ ũndũ wa gũtĩĩa Jehova Ngai wanyu, Ũrĩa Mũtheru wa Isiraeli, nĩgũkorwo nĩakũheete riiri.","Surely the islands will wait for me, and the ships of Tarshish first, to bring your sons from far away, their silver and their gold with them, for the name of Yahweh your God, and for the Holy One of Israel, because he has glorified you."
Isaiah 60:10,"“Andũ a kũngĩ nĩo magaacookereria thingo ciaku, nao athamaki ao magũtungatagĩre. O na akorwo nĩndakũhũũrire na marakara-rĩ, nĩũgeetĩkĩrĩka nĩ niĩ nĩguo ngũiguĩre tha.","“Foreigners will build up your walls, and their kings will serve you; for in my wrath I struck you, but in my favor I have had mercy on you."
Isaiah 60:11,"Ihingo ciaku igũtũũra irĩ hingũre, itirĩ hĩndĩ ikaahingwo mũthenya kana ũtukũ, nĩgeetha andũ makũrehagĩre ũtonga wa ndũrĩrĩ, athamaki ao marũmanĩrĩire mũtongoro wa ũhootani.","Your gates also shall be open continually; they shall not be shut day nor night, that men may bring to you the wealth of the nations, and their kings led captive."
Isaiah 60:12,Nĩgũkorwo rũrĩrĩ kana ũthamaki ũrĩa ũtagagũtungatĩra nĩũkaniinwo; ũkaanangwo biũ.,"For that nation and kingdom that will not serve you shall perish; yes, those nations shall be utterly wasted."
Isaiah 60:13,"“Riiri wa Lebanoni ũgaatuĩka waku, naguo nĩ wa mĩtĩ ya mĩthengera, mĩhuhu, na mĩkarakaba yothe hamwe, nĩguo ĩgemie handũ hakwa harĩa haamũre; na niĩ nĩngagoocithia handũ harĩa hakinyagwo nĩ magũrũ makwa.","“The glory of Lebanon shall come to you, the cypress tree, the pine, and the box tree together, to beautify the place of my sanctuary; and I will make the place of my feet glorious."
Isaiah 60:14,"Ariũ a andũ arĩa makũhinyagĩrĩria nĩmagooka harĩwe makũinamĩrĩre; na arĩa othe makũmenete, mainamĩrĩre magũrũ-inĩ maku, nao magwĩtage Itũũra-Inene-rĩa-Jehova, na Zayuni itũũra rĩa Ũrĩa Mũtheru wa Isiraeli.","The sons of those who afflicted you will come bowing to you; and all those who despised you will bow themselves down at the soles of your feet. They will call you Yahweh’s City, the Zion of the Holy One of Israel."
Isaiah 60:15,"“O na akorwo nĩwatiganĩirio na ũkĩmenwo, na gũkĩaga mũndũ o na ũmwe ũngĩtuĩkanĩria gwaku-rĩ, nĩngatũma ũtũũre ũrĩ mũtĩĩku nginya tene, na ũrĩ gĩkeno kĩa njiarwa ciothe.","“Whereas you have been forsaken and hated, so that no one passed through you, I will make you an eternal excellency, a joy of many generations."
Isaiah 60:16,"Nĩũkanyuuaga iria rĩa ndũrĩrĩ na wongithagio nyondo cia ũthamaki. Hĩndĩ ĩyo nĩguo ũkaamenya atĩ niĩ nĩ niĩ Jehova, nĩ niĩ Mũhonokia waku, na Mũkũũri waku, Ũrĩa-ũrĩ-Hinya-Mũno wa Jakubu.","You will also drink the milk of the nations, and will nurse from royal breasts. Then you will know that I, Yahweh, am your Savior, your Redeemer, the Mighty One of Jacob."
Isaiah 60:17,"Ngaakũrehera gĩcango handũ ha thahabu, na ngũrehere betha handũ ha kĩgera. Handũ ha mbaũ ngaakũrehera gĩcango, na ngũrehere kĩgera handũ ha mahiga. Nĩngatũma thayũ ũtuĩke mũnene waku, naguo ũthingu ũtuĩke mwathi waku.","For bronze I will bring gold; for iron I will bring silver; for wood, bronze, and for stones, iron. I will also make peace your governor, and righteousness your ruler."
Isaiah 60:18,"Ngũĩ ndĩgaacooka kũiguuo bũrũri-inĩ waku, o na kana mĩhaka-inĩ ya bũrũri waku kũgĩe ũũnũhi kana mwanangĩko, no nĩũgeeta thingo ciaku Ũhonokio, na ihingo ciaku ũciĩte Ũgooci.","Violence shall no more be heard in your land, nor desolation or destruction within your borders; but you will call your walls Salvation, and your gates Praise."
Isaiah 60:19,"Riũa ti rĩo rĩrĩkwaragĩra mũthenya, kana ũtheri wa mweri ũgũtheragĩre ũtukũ, nĩgũkorwo Jehova agaatuĩka ũtheri waku wa nginya tene na Ngai waku atuĩke riiri waku.","The sun will be no more your light by day, nor will the brightness of the moon give light to you, but Yahweh will be your everlasting light, and your God will be your glory."
Isaiah 60:20,"Riũa rĩu rĩaku rĩtigacooka gũthũa rĩngĩ, o na kana mweri waku ũtukĩrwo rĩngĩ; nĩgũkorwo Jehova nĩwe ũgaatuĩka ũtheri wa gũgũtherera nginya tene, na matukũ maku ma kĩeha nĩmagathira.","Your sun will not go down any more, nor will your moon withdraw itself; for Yahweh will be your everlasting light, and the days of your mourning will end."
Isaiah 60:21,"Hĩndĩ ĩyo nao andũ aku othe magaatuĩka athingu, na megwatĩre bũrũri nginya tene. Andũ acio nĩo thuuna ĩrĩa ndĩĩhaandĩire, arĩ wĩra wa moko makwa, nĩgeetha monanagie ũkengu wakwa mũnene.","Then your people will all be righteous. They will inherit the land forever, the branch of my planting, the work of my hands, that I may be glorified."
Isaiah 60:22,"Nyũmba ĩrĩa nini ĩkongerereka ĩtuĩke andũ ngiri, nayo ĩrĩa ĩtarĩ andũ aingĩ ĩtuĩke rũrĩrĩ rũrĩ hinya mũno. Niĩ nĩ niĩ Jehova. Nĩngeeka ũndũ ũcio narua ihinda rĩaguo rĩakinya.”","The little one will become a thousand, and the small one a strong nation. I, Yahweh, will do this quickly in its time.”"
Isaiah 61:1,"Atĩrĩrĩ, Roho wa Mwathani Jehova arĩ igũrũ rĩakwa, nĩ ũndũ Jehova nĩanjitĩrĩirie maguta, nĩguo hunjagĩrie andũ arĩa athĩĩni ũhoro-ũrĩa-mwega. Nĩandũmĩte ngahonie arĩa athuthĩku ngoro, na ngaanĩrĩre atĩ andũ arĩa mohetwo nĩmohorwo, nao arĩa mohetwo njeera ndĩmeere nĩmarekererio,","The Lord Yahweh’s Spirit is on me, because Yahweh has anointed me to preach good news to the humble. He has sent me to bind up the broken hearted, to proclaim liberty to the captives and release to those who are bound,†"
Isaiah 61:2,"na hunjanagĩrie ũhoro wa mwaka ũrĩa Jehova akoonania ũtugi wake, na mũthenya ũrĩa Ngai witũ akerĩhĩria, ningĩ hooragĩrie arĩa othe marĩ na kĩeha,","to proclaim the year of Yahweh’s favor and the day of vengeance of our God, to comfort all who mourn,"
Isaiah 61:3,"na ndeithagie andũ arĩa marĩ na kĩeha kũu Zayuni: ndĩmahumbe tanji ya ũthaka handũ ha mũhu, na ndĩmaitĩrĩrie maguta ma gĩkeno handũ ha kĩeha, na ndĩmahumbe nguo ya ũgooci handũ ha ngoro ĩtarĩ mwĩhoko. Nĩgeetha meetagwo mĩtĩ ya ũthingu, mĩtĩ ĩrĩa ĩhaandĩtwo nĩ Jehova nĩguo monanagie riiri wake.","to provide for those who mourn in Zion, to give to them a garland for ashes, the oil of joy for mourning, the garment of praise for the spirit of heaviness, that they may be called trees of righteousness, the planting of Yahweh, that he may be glorified."
Isaiah 61:4,"Nao nĩmagaka kũndũ kũrĩa gũtũire kwanangĩtwo kuuma tene, na macookererie kũndũ kũrĩa kuonũhirwo tene; nĩ magaacookereria matũũra manene marĩa matũire marĩ manange njiarwa na njiarwa.",They will rebuild the old ruins. They will raise up the former devastated places. They will repair the ruined cities that have been devastated for many generations.
Isaiah 61:5,"Nao ageni nĩmakarĩithagia ndũũru cianyu; nao andũ a kũngĩ marĩmage mĩgũnda yanyu, o na maceehage mĩthabibũ yanyu.",Strangers will stand and feed your flocks. Foreigners will work your fields and your vineyards.
Isaiah 61:6,"No inyuĩ mũgeetagwo athĩnjĩri-Ngai a Jehova, nao andũ mamwĩtage atungatĩri a Ngai witũ. Mũkaarĩĩaga ũtonga wa ndũrĩrĩ, na mwĩtĩĩage na indo icio ciao nyingĩ.",But you will be called Yahweh’s priests. Men will call you the servants of our God. You will eat the wealth of the nations. You will boast in their glory.
Isaiah 61:7,"Nĩ ũndũ wa ũrĩa andũ akwa manaconorithio, makaarĩhĩrio maita meerĩ, na handũ ha thoni-rĩ, nĩmagakenera igai rĩao; na nĩ ũndũ ũcio makaagaya igai maita meerĩ bũrũri-inĩ wao, na magĩe na gĩkeno gĩtagathira nginya tene.","Instead of your shame you will have double. Instead of dishonor, they will rejoice in their portion. Therefore in their land they will possess double. Everlasting joy will be to them."
Isaiah 61:8,"“Nĩgũkorwo niĩ, Jehova, nĩnyendete ciira wa kĩhooto; nĩthũire ũtunyani na waganu. Nĩ ũndũ wa wĩhokeku wakwa-rĩ, nĩngamarĩha irĩhi rĩao, na ndĩĩkanĩre nao kĩrĩkanĩro gĩa gũtũũra nginya tene.","“For I, Yahweh, love justice. I hate robbery and iniquity. I will give them their reward in truth and I will make an everlasting covenant with them."
Isaiah 61:9,"Njiaro ciao nĩikaagĩa igweta ndũrĩrĩ-inĩ, na ciana ciao imenywo nĩ andũ a ndũrĩrĩ. Arĩa othe makaamoona nĩmagetĩkĩra atĩ acio nĩo andũ arĩa Jehova arathimĩte.”","Their offspring will be known among the nations, and their offspring among the peoples. All who see them will acknowledge them, that they are the offspring which Yahweh has blessed.”"
Isaiah 61:10,"Niĩ nĩngenagĩra Jehova mũno; ngoro yakwa ĩcanjamũkaga nĩ ũndũ wa Ngai wakwa. Nĩgũkorwo nĩahumbĩte ũhonokio ta nguo, na akaahumba nguo ndaaya ya ũthingu, o ta ũrĩa mũhikania agemagia mũtwe wake na kĩremba taarĩ mũthĩnjĩri-Ngai, na ta ũrĩa mũhiki egemagia na mathaga make ma goro.","I will greatly rejoice in Yahweh! My soul will be joyful in my God, for he has clothed me with the garments of salvation. He has covered me with the robe of righteousness, as a bridegroom decks himself with a garland and as a bride adorns herself with her jewels."
Isaiah 61:11,"Nĩgũkorwo o ta ũrĩa tĩĩri ũtũmaga mbegũ imere, na mũgũnda ũgatũma mbegũ ikũre-rĩ, ũguo noguo Mwathani Jehova agaatũma ũthingu na ũgooci ciumĩre cionekane nĩ ndũrĩrĩ ciothe.","For as the earth produces its bud, and as the garden causes the things that are sown in it to spring up, so the Lord Yahweh will cause righteousness and praise to spring up before all the nations."
Isaiah 62:1,"Ha ũhoro wa kũrũĩrĩra Zayuni-rĩ, ndigakira, o na kana ndigithĩrie gũtetera Jerusalemu, nginya hĩndĩ ĩrĩa ũthingu wake ũkaara o ta ũtheri wa rũciinĩ, naguo ũhoro wake wa kũhonokio wonekane o ta tawa ũrĩa ũrĩrĩmbũkaga.","For Zion’s sake I will not hold my peace, and for Jerusalem’s sake I will not rest, until her righteousness shines out like the dawn, and her salvation like a burning lamp."
Isaiah 62:2,"Ndũrĩrĩ nĩikoona ũthingu waku, nao athamaki othe mone riiri waku; nawe ũgeetagwo na rĩĩtwa rĩerũ, rĩrĩa rĩkaagwetwo na kanua ka Jehova.","The nations will see your righteousness, and all kings your glory. You will be called by a new name, which Yahweh’s mouth will name."
Isaiah 62:3,"Ningĩ ũgaatuĩka ta tanji ya ũthaka ũnyiitĩtwo guoko-inĩ kwa Jehova, na ũhaana ta thũmbĩ ya ũthamaki ĩnyiitĩtwo guoko-inĩ kwa Ngai waku.","You will also be a crown of beauty in Yahweh’s hand, and a royal diadem in your God’s hand."
Isaiah 62:4,"Wee ndũgacooka gwĩtwo Mũtiganĩrie, kana bũrũri waku wĩtwo Mũkiri-Ihooru. No rĩrĩ, ũrĩĩtagwo Hefiziba, na bũrũri waku wĩtagwo Beula; nĩgũkorwo Jehova nĩagakenagio nĩwe, naguo bũrũri waku ũgaatuĩka o ta mũhiki ũhikĩtio.","You will not be called Forsaken any more, nor will your land be called Desolate any more; but you will be called Hephzibah,† and your land Beulah;‡ for Yahweh delights in you, and your land will be married."
Isaiah 62:5,"O ta ũrĩa mwanake ahikagia mũirĩtu, ũguo noguo ariũ aku magaakũhikia; na o ta ũrĩa mũhikania akenagĩrĩra mũhiki wake, ũguo noguo Ngai waku agaagũkenerera.","For as a young man marries a virgin, so your sons will marry you. As a bridegroom rejoices over his bride, so your God will rejoice over you."
Isaiah 62:6,"Nĩnjigĩte arangĩri a thingo ciaku, wee Jerusalemu, nao matigakira mũthenya kana ũtukũ. Inyuĩ arĩa mũkayagĩra Jehova-rĩ, mũtikanahurũke,","I have set watchmen on your walls, Jerusalem. They will never be silent day nor night. You who call on Yahweh, take no rest,"
Isaiah 62:7,"o na kana mũmũhe ũhurũko nginya rĩrĩa akahaanda Jerusalemu, na arĩtue itũũra rĩrĩ igweta thĩ yothe.","and give him no rest until he establishes, and until he makes Jerusalem a praise in the earth."
Isaiah 62:8,"Jehova nĩehĩtĩte ambararĩtie guoko gwake kwa ũrĩo, na akehĩta na guoko gwake kũrĩ hinya, akoiga atĩrĩ: “Ndigacooka kũhe thũ ciaku ngano yaku ĩtuĩke irio ciao, na gũtirĩ hĩndĩ ĩngĩ andũ a kũngĩ makaanyua ndibei ya mũhihano ĩrĩa wee ũrutĩire wĩra;","Yahweh has sworn by his right hand, and by the arm of his strength, “Surely I will no more give your grain to be food for your enemies, and foreigners will not drink your new wine, for which you have labored,"
Isaiah 62:9,"no rĩrĩ, andũ arĩa marĩgethaga ngano nĩo marĩmĩrĩĩaga, na magoocage Jehova, nao arĩa monganagia thabibũ nĩo marĩnyuuaga ndibei yacio maikarĩte nja ya handũ hakwa harĩa haamũre.”","but those who have harvested it will eat it, and praise Yahweh. Those who have gathered it will drink it in the courts of my sanctuary.”"
Isaiah 62:10,"Hĩtũkĩrai, mũhĩtũkĩre ihingo-inĩ, mumagare! Thondekerai andũ njĩra. Akaai, mwake njĩra njariĩ! Ũnganiai mahiga, mũmeherie kuo. Ambarariai bendera na igũrũ nĩguo yonwo nĩ ndũrĩrĩ.","Go through, go through the gates! Prepare the way of the people! Build up, build up the highway! Gather out the stones! Lift up a banner for the peoples."
Isaiah 62:11,"Jehova nĩanĩrĩire ũhoro ũyũ ituri-inĩ ciothe cia thĩ, akoiga atĩrĩ: “Ĩrai Mwarĩ wa Zayuni ũũ, ‘Atĩrĩrĩ ũrĩa ũgaakũhonokia nĩarooka! Arooka arĩ na kĩheo gĩake, na irĩhi rĩake arĩ o narĩo.’ ”","Behold, Yahweh has proclaimed to the end of the earth: “Say to the daughter of Zion, ‘Behold, your salvation comes! Behold, his reward is with him, and his recompense before him!’ ”"
Isaiah 62:12,"Acio marĩĩtagwo Andũ arĩa Aamũre, o arĩa Jehova Akũũrĩte; nawe ũrĩĩtagwo Wa Kwendeka, Itũũra-Inene-rĩrĩa-Rĩtagacooka-Gũthaamwo.","They will call them “The Holy People, Yahweh’s Redeemed”. You will be called “Sought Out, A City Not Forsaken”."
Isaiah 63:1,"Nũũ ũyũ ũroka oimĩte Edomu, akoima itũũra rĩa Bozara ehumbĩte nguo ndune ta thakame? Nũũ ũyũ wĩhumbĩte nguo irĩ na ũkengu, agĩkinyũkagia arĩ na hinya wa ũnene wake? “Nĩ niĩ, ngĩaragia ndeto cia ũthingu, na ndĩ na hinya wa kũhonokania.”","Who is this who comes from Edom, with dyed garments from Bozrah? Who is this who is glorious in his clothing, marching in the greatness of his strength? “It is I who speak in righteousness, mighty to save.”"
Isaiah 63:2,"Nĩ kĩĩ gĩtũmĩte nguo ciaku itunĩhe, ta cia mũndũ ũraranga kĩhihĩro kĩa ndibei?","Why is your clothing red, and your garments like him who treads in the wine vat?"
Isaiah 63:3,"“Niĩ-rĩ, nĩnangĩte kĩhihĩro kĩa ndibei ndĩ nyiki; gũtirĩ mũndũ wa kuuma kũrĩ ndũrĩrĩ o na ũmwe twarĩ nake. Ndamakinyĩrĩirie ndĩ na marakara, na ngĩmarangĩrĩria thĩ ndĩ na mangʼũrĩ; nayo thakame yao ĩkĩminjũkĩra nguo ciakwa, nacio ciothe ikĩgĩa na marooro mayo.","“I have trodden the wine press alone. Of the peoples, no one was with me. Yes, I trod them in my anger and trampled them in my wrath. Their lifeblood is sprinkled on my garments, and I have stained all my clothing."
Isaiah 63:4,"Nĩgũkorwo mũthenya wa kũrĩhanĩria warĩ ngoro-inĩ yakwa, naguo mwaka wa gũkũũra andũ akwa nĩmũkinyu.","For the day of vengeance was in my heart, and the year of my redeemed has come."
Isaiah 63:5,"Niĩ nĩndacũthĩrĩirie, ngĩona atĩ hatiarĩ mũndũ wa kũndeithia, na ngĩgega tondũ gũtiarĩ na mũndũ wa kũndiirĩrĩra; nĩ ũndũ ũcio guoko gwakwa mwene nĩkuo kwahonokirie, namo mangʼũrĩ makwa mwene makĩndiirĩrĩra.","I looked, and there was no one to help; and I wondered that there was no one to uphold. Therefore my own arm brought salvation to me. My own wrath upheld me."
Isaiah 63:6,"Nĩndakinyĩrĩirie ndũrĩrĩ ndĩ na marakara, ngĩtũma ituĩke ta irĩĩtwo nĩ njoohi nĩ ũndũ wa mangʼũrĩ makwa, nayo thakame yao ngĩmĩita thĩ.”",I trod down the peoples in my anger and made them drunk in my wrath. I poured their lifeblood out on the earth.”
Isaiah 63:7,"Nĩngũheana ũhoro wa motugi ma Jehova, o na ciĩko ciake iria itũmaga agoocwo, kũringana na maũndũ mothe marĩa Jehova atwĩkĩire: ĩĩ, nĩngũheana ũhoro wa maũndũ maingĩ mega marĩa eekĩire nyũmba ya Isiraeli, kũringana na tha ciake, na motugi make maingĩ.","I will tell of the loving kindnesses of Yahweh and the praises of Yahweh, according to all that Yahweh has given to us, and the great goodness toward the house of Israel, which he has given to them according to his mercies, and according to the multitude of his loving kindnesses."
Isaiah 63:8,"Nĩ ũndũ oigire atĩrĩ, “Ti-itherũ acio nĩ andũ akwa, na nĩ ciana iria itakaheenia,” na nĩ ũndũ ũcio agĩtuĩka Mũhonokia wao.","For he said, “Surely, they are my people, children who will not deal falsely;” so he became their Savior."
Isaiah 63:9,"Mathĩĩna-inĩ mao mothe o nake nĩathĩĩnĩkire, nake mũraika wake akĩmahonokia. Akĩmakũũra nĩ ũrĩa aamendete na akamaiguĩra tha, akĩmooya na agĩtũũra amakuuĩte matukũ mothe ma tene.","In all their affliction he was afflicted, and the angel of his presence saved them. In his love and in his pity he redeemed them. He bore them, and carried them all the days of old."
Isaiah 63:10,"No rĩrĩ, nĩmamũremeire na makĩiguithia Roho wake Mũtheru ũũru. Nĩ ũndũ ũcio akĩmagarũrũka, agĩtuĩka thũ yao, nake we mwene akĩrũa mbaara nao.","But they rebelled and grieved his Holy Spirit. Therefore he turned and became their enemy, and he himself fought against them."
Isaiah 63:11,"Ningĩ andũ acio ake makĩririkana matukũ ma tene, o hĩndĩ ya Musa na andũ ake, makĩũria atĩrĩ: Ũrĩa wamaringirie iria, hamwe na mũrĩithi wa rũũru rwake-rĩ, akĩrĩ ha? Ĩ we ũrĩa wareehire Roho Mũtheru gatagatĩ kao-rĩ, akĩrĩ ha?","Then he remembered the days of old, Moses and his people, saying, “Where is he who brought them up out of the sea with the shepherds of his flock? Where is he who put his Holy Spirit among them?”"
Isaiah 63:12,"Ũrĩa watũmire guoko gwake kwa hinya na kũrĩ riiri gũikare mwena wa ũrĩo wa Musa, akĩrĩ ha? O we ũrĩa wagayũkanirie maaĩ mbere yao, nĩguo egĩĩre na igweta nginya tene,","Who caused his glorious arm to be at Moses’ right hand? Who divided the waters before them, to make himself an everlasting name?"
Isaiah 63:13,"ũrĩa wamatongoreirie kũndũ kũu kũriku, akĩrĩ ha? O ta mbarathi igĩtwarĩrwo werũ-inĩ-rĩ, matiahĩngirwo;","Who led them through the depths, like a horse in the wilderness, so that they didn’t stumble?"
Isaiah 63:14,"o ta ũrĩa ngʼombe ithiiaga kwarahio gĩtuamba-inĩ, noguo o nao maaheirwo ũhurũko nĩ Roho wa Jehova, Ũguo nĩguo watongoririe andũ aku nĩgeetha wĩgĩĩre rĩĩtwa rĩ na riiri.","As the livestock that go down into the valley, Yahweh’s Spirit caused them to rest. So you led your people to make yourself a glorious name."
Isaiah 63:15,"We ta cũthĩrĩria thĩ ũrĩ o kũu igũrũ, wĩrorere, wone ũrĩa gũtariĩ ũrĩ gĩtĩ-inĩ gĩaku kĩu gĩtũũgĩru kĩa ũnene, o kĩu gĩtheru na kĩrĩ riiri. Kaĩ maũndũ maku marĩa wĩkaga ma kĩyo o na ma hinya makĩrĩ ha? Ũhoro wa ũrĩa ũtũiguagĩra tha na ũrĩa ũtũcakayagĩra ngoro-inĩ yaku-rĩ, nĩũgirĩtie ũtũkinyĩre.","Look down from heaven, and see from the habitation of your holiness and of your glory. Where are your zeal and your mighty acts? The yearning of your heart and your compassion is restrained toward me."
Isaiah 63:16,"O na angĩkorwo Iburahĩmu ndatũũĩ, nake Isiraeli nĩatũkaanĩte-rĩ, Wee nĩwe Ithe witũ; Wee Jehova-rĩ, nĩwe Ithe witũ, narĩo rĩĩtwa rĩaku nĩ Mũkũũri witũ kuuma tene.","For you are our Father, though Abraham doesn’t know us, and Israel does not acknowledge us. You, Yahweh, are our Father. Our Redeemer from everlasting is your name."
Isaiah 63:17,"Atĩrĩrĩ, Wee Jehova, nĩ kĩĩ gĩtũmaga ũtũrekererie tuume njĩra-inĩ ciaku, na ũkoomia ngoro ciitũ nĩguo twage gũgũtĩĩa? Garũrũka nĩ ũndũ wa ndungata ciaku, o mĩhĩrĩga ĩyo ĩtuĩkĩte igai rĩaku.","O Yahweh, why do you make us wander from your ways, and harden our heart from your fear? Return for your servants’ sake, the tribes of your inheritance."
Isaiah 63:18,"Andũ aku arĩa aamũre nĩmegwatĩire bũrũri ũyũ wamaheire ũgĩtuĩka wao o ihinda inini, no rĩu thũ ciitũ nĩcirangĩrĩirie handũ haku harĩa haamũre.",Your holy people possessed it but a little while. Our adversaries have trodden down your sanctuary.
Isaiah 63:19,"Ithuĩ tũrĩ andũ aku kuuma tene; no rĩrĩ, o ndũrĩ wamathamakĩra, o na matirĩ metanio na rĩĩtwa rĩaku.","We have become like those over whom you never ruled, like those who were not called by your name."
Isaiah 64:1,"Atĩrĩrĩ, naarĩ korwo watarũranga matu ũikũrũke gũkũ thĩ, nĩguo irĩma ithingithe irĩ mbere yaku!","Oh that you would tear the heavens, that you would come down, that the mountains might quake at your presence—"
Isaiah 64:2,"O ta ũrĩa mwaki ũmundagia thari ikarĩrĩmbũka, na ũgatũma maaĩ matherũke-rĩ, ikũrũka thĩ ũtũme rĩĩtwa rĩaku rĩmenywo nĩ thũ ciaku, na ũtũme ndũrĩrĩ ciinaine irĩ mbere yaku!","as when fire kindles the brushwood, and the fire causes the water to boil. Make your name known to your adversaries, that the nations may tremble at your presence!"
Isaiah 64:3,"Nĩgũkorwo hĩndĩ ĩrĩa Wee wekire maũndũ ma kũmakania marĩa tũteerĩgĩrĩire-rĩ, nĩwaikũrũkire, nacio irĩma igĩthingitha irĩ mbere yaku.","When you did awesome things which we didn’t look for, you came down, and the mountains quaked at your presence."
Isaiah 64:4,"Kuuma o tene gũtirĩ mũndũ o na ũmwe ũrĩ waigua maũndũ ta macio, na gũtirĩ gũtũ kũrĩ kwaigua ũhoro ta ũcio, o na kana riitho rĩkĩona Ngai ũngĩ tawe, ũrĩa wĩkaga maũndũ nĩ ũndũ wa andũ arĩa maikaraga mamwetereire.","For from of old men have not heard, nor perceived by the ear, nor has the eye seen a God besides you, who works for him who waits for him."
Isaiah 64:5,"Wee ũũkaga gũteithia andũ arĩa mekaga maũndũ marĩa magĩrĩire makenete, o acio maririkanaga njĩra ciaku. No rĩrĩa twagire gũcirũmĩrĩra tũgĩthiĩ na mbere na kwĩhia-rĩ, wee nĩwarakarire. Ithuĩ-rĩ, tũngĩkĩhonoka atĩa?","You meet him who rejoices and does righteousness, those who remember you in your ways. Behold, you were angry, and we sinned. We have been in sin for a long time. Shall we be saved?"
Isaiah 64:6,"Ithuothe tũtuĩkĩte ta mũndũ ũrĩ na thaahu, na ciĩko ciothe cia ũthingu witũ ihaana ta ndangari irĩ magigi; ithuothe tũhohaga tũkahaana ta ithangũ, namo mehia maitũ magatũhuruta o ta ũrĩa rũhuho rũhuruutaga maragara.","For we have all become like one who is unclean, and all our righteousness is like a polluted garment. We all fade like a leaf; and our iniquities, like the wind, take us away."
Isaiah 64:7,"Gũtirĩ mũndũ o na ũmwe ũkayagĩra rĩĩtwa rĩaku, kana akageria anyiitane nawe; nĩgũkorwo nĩũtũhithĩte ũthiũ waku, ũgagĩtũma tũhinyĩrĩrĩke nĩ ũndũ wa mehia maitũ.","There is no one who calls on your name, who stirs himself up to take hold of you; for you have hidden your face from us, and have consumed us by means of our iniquities."
Isaiah 64:8,"No rĩrĩ, Wee Jehova, wee nĩwe ithe witũ. Ithuĩ tũrĩ rĩũmba, nawe nĩwe mũtũũmbi; ithuothe tũrĩ wĩra wa moko maku.","But now, Yahweh, you are our Father. We are the clay and you our potter. We all are the work of your hand."
Isaiah 64:9,"Wee Jehova-rĩ, tiga gũtũrakarĩra mũno makĩria, o na kana ũtũũre ũririkanaga mehia maitũ. Na rĩrĩ, ta tũrore twagũthaitha, wone atĩ ithuothe tũrĩ andũ aku.","Don’t be furious, Yahweh. Don’t remember iniquity forever. Look and see, we beg you, we are all your people."
Isaiah 64:10,"Matũũra maku marĩa manene maamũre nĩmatuĩkĩte werũ; o na itũũra rĩa Zayuni rĩtuĩkĩte werũ, narĩo itũũra rĩa Jerusalemu rĩgakira ihooru.","Your holy cities have become a wilderness. Zion has become a wilderness, Jerusalem a desolation."
Isaiah 64:11,"Hekarũ iitũ ĩrĩa nyamũre na ĩrĩ riiri, kũrĩa maithe maitũ maakũgoocagĩra, nĩĩcinĩtwo na mwaki, nacio indo ciitũ ciothe iria irĩ bata nĩcianangĩtwo.",Our holy and our beautiful house where our fathers praised you is burned with fire. All our pleasant places are laid waste.
Isaiah 64:12,"Thuutha wa maũndũ macio mothe, Wee Jehova-rĩ, anga nĩũgũtũtiganĩria, wage gũtũteithia? Ũgũkira o ro ũguo na ũkĩrĩrĩrie gũtũherithia makĩria?","Will you hold yourself back for these things, Yahweh? Will you keep silent and punish us very severely?"
Isaiah 65:1,"“Niĩ ndeguũrĩirie andũ arĩa mataahooyaga kĩrĩra; na andũ arĩa mataamaathaga niĩ, nĩo maanyonire. Naruo rũrĩrĩ rũrĩa rũtarĩ rwahooya rũkĩgwetaga rĩĩtwa rĩakwa, ngĩrwĩra atĩrĩ: ‘Niĩ ũyũ haha, niĩ ũyũ haha.’","“I am inquired of by those who didn’t ask. I am found by those who didn’t seek me. I said, ‘See me, see me,’ to a nation that was not called by my name."
Isaiah 65:2,"Mũthenya wothe ndindaga ndambũrũkĩirie moko makwa kũrĩ andũ aremi, arĩa matathiiaga na mĩthiĩre mĩega, no marũmagĩrĩra mathugunda mao:","I have spread out my hands all day to a rebellious people, who walk in a way that is not good, after their own thoughts;"
Isaiah 65:3,"o andũ arĩa matũũraga maathirĩkagia o ũthiũ-inĩ wakwa, makarutagĩra magongona mĩgũnda-inĩ, na magacinagĩra ũbumba igongona-inĩ cia maturubarĩ;","a people who provoke me to my face continually, sacrificing in gardens, and burning incense on bricks;"
Isaiah 65:4,"arĩa matindaga maikarĩte mbĩrĩra-inĩ, makarara meiguĩte na hitho ũtukũ wothe; arĩa makĩrĩĩaga nyama cia ngũrwe, na nyũngũ ciao ciyũrĩte thaathi wa nyama irĩ thaahu;","who sit among the graves, and spend nights in secret places; who eat pig’s meat, and broth of abominable things is in their vessels;"
Isaiah 65:5,"andũ acio moigaga atĩrĩ, ‘Njeherera, tiga kũnguhĩrĩria, tondũ niĩ ndĩ mũtheru gũgũkĩra!’ Andũ ta acio mahaana ta ndogo maniũrũ-inĩ makwa, na ta mwaki wakanaga mũthenya wothe.","who say, ‘Stay by yourself, don’t come near to me, for I am holier than you.’ These are smoke in my nose, a fire that burns all day."
Isaiah 65:6,"“Atĩrĩrĩ, mbere yakwa gũtũire kwandĩkĩtwo maũndũ macio: ndigũtũũra ngirĩte ki, no rĩrĩ, nĩngarĩhanĩria kũna; ti-itherũ ngaarĩhanĩria o ciero-inĩ ciao,","“Behold, it is written before me: I will not keep silence, but will repay, yes, I will repay into their bosom"
Isaiah 65:7,"ndĩhanĩrie mehia manyu inyuĩ ene, o na mehia ma maithe manyu,” ũguo nĩguo Jehova ekuuga. “Tondũ nĩmacinĩire ũbumba irĩma-igũrũ, na makĩĩnuma marĩ kũu tũrĩma-igũrũ, nĩngerĩhĩria ciero-inĩ ciao, ndĩmarĩhe irĩhi rĩothe nĩ ũndũ wa ciĩko ciao cia mbere.”","your own iniquities and the iniquities of your fathers together”, says Yahweh, “who have burned incense on the mountains, and blasphemed me on the hills. Therefore I will first measure their work into their bosom.”"
Isaiah 65:8,"Jehova ekuuga atĩrĩ: “O ta ũrĩa ngogoyo yonekaga kĩmanjĩka-inĩ gĩa thabibũ, nao andũ makoiga atĩrĩ, ‘Tiga gũkĩananga, hahota gũkorwo na kĩndũ kĩega thĩinĩ wakĩo,’ ũguo noguo ngeeka nĩ ũndũ wa ndungata ciakwa; ndigaciniina ciothe.","Yahweh says, “As the new wine is found in the cluster, and one says, ‘Don’t destroy it, for a blessing is in it:’ so I will do for my servants’ sake, that I may not destroy them all."
Isaiah 65:9,"Ngaaruta njiaro kuuma kũrĩ Jakubu, nao agai a irĩma ciakwa moime Juda; andũ akwa arĩa niĩ ndĩthuurĩire nĩo magaacigaya, nacio ndungata ciakwa itũũre kuo.","I will bring offspring out of Jacob, and out of Judah an inheritor of my mountains. My chosen will inherit it, and my servants will dwell there."
Isaiah 65:10,"Sharoni gũgaatuĩka ũrĩithio wa ndũũru cia mbũri, na Gĩtuamba-kĩa-Akori gĩtuĩke handũ ha kwarahagwo nĩ mahiũ, nĩ ũndũ wa andũ akwa arĩa matũire manjaragia.","Sharon will be a fold of flocks, and the valley of Achor a place for herds to lie down in, for my people who have sought me."
Isaiah 65:11,"“No rĩrĩ, inyuĩ arĩa mũtiganĩirie Jehova, na mũkariganĩrwo nĩ kĩrĩma gĩakwa kĩrĩa kĩamũre, inyuĩ arĩa mwaragĩra metha ngai ya maheeni ĩrĩa ĩtagwo Mũreehi-mũnyaka, na mũkaiyũria mbakũri cia ndibei ya mũtukanio mũgaitĩra ngai ĩrĩa ĩtagwo Mũreehi-mũtino nĩguo mũmĩhoorerie-rĩ,","“But you who forsake Yahweh, who forget my holy mountain, who prepare a table for Fortune, and who fill up mixed wine to Destiny;"
Isaiah 65:12,"ngaamwathĩrĩria kũũragwo na rũhiũ rwa njora, na inyuothe mũkegũithia thĩ mũũragwo; nĩgũkorwo ndamwĩtire mũkĩaga kũnjĩtĩka, na ndamwarĩirie mũkĩaga gũthikĩrĩria. Mwekire maũndũ mooru maitho-inĩ makwa, na mũgĩthuura maũndũ marĩa matangenagia.”","I will destine you to the sword, and you will all bow down to the slaughter; because when I called, you didn’t answer. When I spoke, you didn’t listen; but you did that which was evil in my eyes, and chose that in which I didn’t delight.”"
Isaiah 65:13,"Nĩ ũndũ ũcio Jehova Mwathani ekuuga atĩrĩ: “Ndungata ciakwa nĩikaarĩa irio, no inyuĩ nĩmũkahũũta; ndungata ciakwa nĩikaanyua, no inyuĩ nĩmũkanyoota; ndungata ciakwa nĩigakena, no inyuĩ nĩmũgaconorithio.","Therefore the Lord Yahweh says, “Behold, my servants will eat, but you will be hungry; behold, my servants will drink, but you will be thirsty. Behold, my servants will rejoice, but you will be disappointed."
Isaiah 65:14,"O na ningĩ ndungata ciakwa nĩikaina nĩgũcanjamũka ngoro, no inyuĩ nĩmũkarĩra nĩ ũndũ wa ruo rwa ngoro, na mũgirĩke nĩ ũndũ wa gũthuthĩka ngoro.","Behold, my servants will sing for joy of heart, but you will cry for sorrow of heart, and will wail for anguish of spirit."
Isaiah 65:15,"Marĩĩtwa manyu mũkaamatigĩra andũ akwa arĩa ndĩthuurĩire, mamatũmagĩre rĩrĩa mekwenda kũruma andũ; Mwathani Jehova nĩagakũũraga, no ndungata ciake agaaciĩtaga marĩĩtwa mangĩ.","You will leave your name for a curse to my chosen, and the Lord Yahweh will kill you. He will call his servants by another name,"
Isaiah 65:16,"Mũndũ ũrĩa wothe ũkaahoera bũrũri kĩrathimo, ageeka ũguo akĩgwetaga rĩĩtwa rĩa Ngai ũrĩa wa ma; ningĩ ũrĩa ũkeehĩta na mwĩhĩtwa bũrũri-inĩ, akeehĩta akĩgwetaga rĩĩtwa rĩa Ngai ũrĩa wa ma. Nĩgũkorwo mathĩĩna marĩa ma tene nĩmakariganĩra, na mahithwo maitho-inĩ makwa.","so that he who blesses himself in the earth will bless himself in the God of truth; and he who swears in the earth will swear by the God of truth; because the former troubles are forgotten, and because they are hidden from my eyes."
Isaiah 65:17,"“Atĩrĩrĩ, nĩngũmba igũrũ rĩerũ o na thĩ njerũ. Maũndũ marĩa ma tene matigacooka kũririkanwo, o na kana meciirio.","“For, behold, I create new heavens and a new earth; and the former things will not be remembered, nor come into mind."
Isaiah 65:18,"No rĩrĩ, canjamũkai na mũkenere indo iria ngũmba tene na tene, nĩgũkorwo nĩngũmba itũũra rĩa Jerusalemu rĩtuĩke rĩa gũkenerwo, na andũ a rĩo matuĩke a gũkenania.","But be glad and rejoice forever in that which I create; for, behold, I create Jerusalem to be a delight, and her people a joy."
Isaiah 65:19,Nĩngakenera Jerusalemu na njanjamũke nĩ ũndũ wa andũ akwa; naguo mũgambo wa kĩgirĩko o na kana wa kĩrĩro ndũkaiguuo kũu rĩngĩ.,"I will rejoice in Jerusalem, and delight in my people; and the voice of weeping and the voice of crying will be heard in her no more."
Isaiah 65:20,"“Kũu gũtirĩ mwana wa rũkenge ũgaacooka gũkua arĩ na matukũ manini, o na kana mũndũ mũkũrũ akue atatũũrĩte mĩaka yake yothe; mũndũ ũrĩa ũgaakua arĩ na mĩaka igana akoonagwo taarĩ mũndũ mwĩthĩ; nake ũrĩa ũtagaakinyia mĩaka igana akoonagwo ta arumĩtwo na kĩrumi.","“No more will there be an infant who only lives a few days, nor an old man who has not filled his days; for the child will die one hundred years old, and the sinner being one hundred years old will be accursed."
Isaiah 65:21,Nao nĩmagaka nyũmba na macitũũre; makaahaanda mĩgũnda ya mĩthabibũ na marĩĩage maciaro mayo.,They will build houses and inhabit them. They will plant vineyards and eat their fruit.
Isaiah 65:22,"Gũtirĩ hĩndĩ ĩngĩ magaaka nyũmba ituĩke cia gũtũũrwo nĩ andũ angĩ, o na kana mahaande irio irĩĩo nĩ andũ angĩ. Nĩgũkorwo o ta ũrĩa matukũ ma mũtĩ maigana, ũguo noguo matukũ ma andũ akwa magaakorwo maigana; andũ akwa arĩa athuure magaatũũra makenagĩra wĩra wa moko mao ihinda iraaya.","They will not build and another inhabit. They will not plant and another eat; for the days of my people will be like the days of a tree, and my chosen will long enjoy the work of their hands."
Isaiah 65:23,"Nao matigacooka kũruta wĩra wa tũhũ, o na kana maciare ciana ciathĩrĩirio mũtino; nĩgũkorwo magaatuĩka andũ arathime nĩ Jehova, o hamwe na njiaro ciao.",They will not labor in vain nor give birth for calamity; for they are the offspring of Yahweh’s blessed and their descendants with them.
Isaiah 65:24,"Na nĩgũgatuĩka atĩrĩ, o mbere mataananjĩta-rĩ, nĩngamacookeria ũhoro; ningĩ o makĩaragia-rĩ, nĩngakorwo njiguĩte.","It will happen that before they call, I will answer; and while they are yet speaking, I will hear."
Isaiah 65:25,"Nayo njũũi na kagondu ikaarĩĩaga hamwe, naguo mũrũũthi ũkarĩĩaga nyeki ta ndegwa, no rũkũngũ nĩruo rũgaatuĩka irio cia nyoka. Itikagerana ngero kana cianangane kũu guothe kĩrĩma-inĩ gĩakwa kĩamũre,” ũguo nĩguo Jehova ekuuga.","The wolf and the lamb will feed together. The lion will eat straw like the ox. Dust will be the serpent’s food. They will not hurt nor destroy in all my holy mountain,” says Yahweh."
Isaiah 66:1,"Jehova ekuuga ũũ: “Igũrũ nĩrĩo gĩtĩ gĩakwa kĩa ũnene, nayo thĩ nĩyo gĩturwa gĩakwa kĩa magũrũ. Mũngĩkĩnjakĩra nyũmba ĩhaana atĩa? Naho handũ hakwa ha kũhurũka hangĩkorwo hahaana atĩa?","Yahweh says: “Heaven is my throne, and the earth is my footstool. What kind of house will you build to me? Where will I rest?"
Isaiah 66:2,"Githĩ ti guoko gwakwa gwathondekire indo ici ciothe, na gũgĩtũma igĩe kuo?” ũguo nĩguo Jehova ekuuga. “Atĩrĩrĩ, mũndũ ũyũ nowe ngaatĩĩa: nĩ mũndũ ũrĩa wĩnyiihagia na akagĩa na ngoro ĩherete, na akainaina rĩrĩa ekũigua kiugo gĩakwa.","For my hand has made all these things, and so all these things came to be,” says Yahweh: “but I will look to this man, even to he who is poor and of a contrite spirit, and who trembles at my word."
Isaiah 66:3,"No rĩrĩ, mũndũ ũrĩa ũrutaga ndegwa igongona ahaana o ta ũrĩa ũragaga mũndũ, nake ũrĩa ũrutaga gatũrũme, ahaana o ta mũndũ ũrĩa uunaga ngui ngingo; mũndũ ũrĩa ũrutaga iruta rĩa mũtu, ahaana o ta mũndũ ũrĩa ũrutaga thakame ya ngũrwe, nake ũrĩa ũcinaga ũbumba wa kĩririkano, ahaana o ta mũndũ ũrĩa ũhooyaga mũhianano. Andũ acio nĩmethuurĩire njĩra ciao o ene, na ngoro ciao igakenagio nĩ maũndũ marĩa marĩ magigi;","He who kills an ox is as he who kills a man; he who sacrifices a lamb, as he who breaks a dog’s neck; he who offers an offering, as he who offers pig’s blood; he who burns frankincense, as he who blesses an idol. Yes, they have chosen their own ways, and their soul delights in their abominations."
Isaiah 66:4,"nĩ ũndũ ũcio, niĩ o na niĩ nĩngathuura kũmeka ũndũ mũũru na ndĩmarehithĩrie maũndũ marĩa matũmaga metigĩrĩte. Nĩgũkorwo rĩrĩa ndetanire, gũtirĩ mũndũ o na ũmwe wanjĩtĩkire, na rĩrĩa ndaaririe, gũtirĩ mũndũ o na ũmwe wathikĩrĩirie. Andũ acio meekire maũndũ mooru maitho-inĩ makwa, na magĩthuura maũndũ marĩa matangenagia.”","I also will choose their delusions, and will bring their fears on them, because when I called, no one answered; when I spoke, they didn’t listen, but they did that which was evil in my eyes, and chose that in which I didn’t delight.”"
Isaiah 66:5,"Atĩrĩrĩ, inyuĩ mũinainaga nĩ gũtĩĩa kiugo gĩake, ta iguai ndũmĩrĩri ya Jehova: “Ariũ a thoguo arĩa mamũthũire, na makamũingata nĩ ũndũ wa rĩĩtwa rĩakwa, moigĩte atĩrĩ, ‘Jehova ta nĩagĩkumio nĩguo tũkĩone gĩkeno kĩanyu!’ No rĩrĩ, o nĩmagaconorithio.","Hear Yahweh’s word, you who tremble at his word: “Your brothers who hate you, who cast you out for my name’s sake, have said, ‘Let Yahweh be glorified, that we may see your joy;’ but it is those who shall be disappointed."
Isaiah 66:6,"Ta iguai mbugĩrĩrio ĩyo ĩroima kũu itũũra rĩrĩa inene, mũigue inegene rĩu rĩroima kũu hekarũ-inĩ! Ũcio nĩ mũgambo wa Jehova mũraigua akĩrĩha thũ ciake kĩrĩa kĩmagĩrĩire.","A voice of tumult from the city, a voice from the temple, a voice of Yahweh that repays his enemies what they deserve."
Isaiah 66:7,"“Atanambĩrĩria kũrũmwo-rĩ, nĩaciarĩte: na ataanarũmwo nĩ ruo-rĩ, agagĩciara mwana wa kahĩĩ.","“Before she travailed, she gave birth. Before her pain came, she delivered a son."
Isaiah 66:8,"Nũũ ũrĩ aigua ũndũ ta ũcio? Nũũ ũrĩ wona maũndũ ta macio? Anga bũrũri wakĩhota gũciarĩrwo andũ aguo mũthenya o ro ũmwe, o na kana rũrĩrĩ rũkĩigane o ro rĩmwe? No rĩrĩ, o rĩrĩa Zayuni yanyiitirwo nĩ ruo-rĩ, o hĩndĩ ĩyo nĩguo yaciarire ciana ciayo o ro rĩmwe.","Who has heard of such a thing? Who has seen such things? Shall a land be born in one day? Shall a nation be born at once? For as soon as Zion travailed, she gave birth to her children."
Isaiah 66:9,Anga no nginyie ihinda rĩa mwana gũciarwo na ndikĩreke aciarwo?” ũguo nĩguo Jehova ekũũria. “Anga no hingĩrĩrie mwana nda nginyĩtie ihinda rĩake rĩa gũciarwo?” ũguo nĩguo Ngai wanyu ekũũria.,"Shall I bring to the birth, and not cause to be delivered?” says Yahweh. “Shall I who cause to give birth shut the womb?” says your God."
Isaiah 66:10,"“Inyuĩ inyuothe arĩa mwendete itũũra rĩa Jerusalemu, kenanĩrai narĩo na mũcanjamũke nĩ ũndũ warĩo; kenanĩrai mũno narĩo, inyuĩ inyuothe arĩa mũtũire mũrĩcakayagĩra.","“Rejoice with Jerusalem, and be glad for her, all you who love her. Rejoice for joy with her, all you who mourn over her;"
Isaiah 66:11,"Nĩgeetha mũhaane ta andũ mongete maũndũ mega marĩo, mũkahũũna mũhooreire nyondo-inĩ ciake; ningĩ mũnyuuage mũkanyootoka, na mũkenagĩre ũingĩ wa iria rĩake.”","that you may nurse and be satisfied at the comforting breasts; that you may drink deeply, and be delighted with the abundance of her glory.”"
Isaiah 66:12,"Nĩgũkorwo ũũ nĩguo Jehova ekuuga: “Nĩngakinyĩria itũũra rĩa Jerusalemu thayũ ũhaana ta rũũĩ, na ũtonga wa ndũrĩrĩ ũhaana taarĩ rũũĩ rũiyũrĩte rũkoina; mũkahoorera ta kaana gakĩongithio nĩ nyina, mũgaakuuo na moko make, na mũcũgacũgagio mũrĩ maru-inĩ make.","For Yahweh says, “Behold, I will extend peace to her like a river, and the glory of the nations like an overflowing stream, and you will nurse. You will be carried on her side, and will be dandled on her knees."
Isaiah 66:13,"O ta ũrĩa mwana ahooreragio nĩ nyina, ũguo noguo ngaamũhooreria; na nĩmũkahoorerio mũrĩ kũu Jerusalemu.”","As one whom his mother comforts, so I will comfort you. You will be comforted in Jerusalem.”"
Isaiah 66:14,"Rĩrĩa mũkoona ũndũ ũcio, ngoro cianyu nĩigakena, nawe ũrirũke ta nyeki nduru; naguo hinya wa guoko kwa Jehova nĩũkamenyeka nĩ ndungata ciake, no marakara make nĩmakamenyeka nĩ thũ ciake.","You will see it, and your heart shall rejoice, and your bones will flourish like the tender grass. Yahweh’s hand will be known among his servants; and he will have indignation against his enemies."
Isaiah 66:15,"Atĩrĩrĩ, Jehova arooka arĩ na mwaki, na ngaari ciake cia ita ihaana ta kĩhuhũkanio kĩnene; akaamũikũrũkĩria marakara make arĩ na mangʼũrĩ, na amũkũũme na ikũũmana rĩhaana ta nĩnĩmbĩ cia mwaki.","For, behold, Yahweh will come with fire, and his chariots will be like the whirlwind; to give his anger with fierceness, and his rebuke with flames of fire."
Isaiah 66:16,"Nĩgũkorwo Jehova nĩagatuĩra andũ othe ciira, arĩ na mwaki na rũhiũ rwake rwa njora, na arĩa makooragwo nĩ Jehova magaakorwo marĩ aingĩ.",For Yahweh will execute judgment by fire and by his sword on all flesh; and those slain by Yahweh will be many.
Isaiah 66:17,"“Na rĩrĩ, andũ arĩa meamũrĩte na magetheria nĩguo mathiĩ marũmĩrĩire ũrĩa ũrĩ gatagatĩ nĩguo makinyemagongona-inĩmarĩamarutagĩrwomĩgũnda-inĩ, oaciomarĩĩaganyamaciangũrwenambĩa, na indo ingĩ irĩ thaahu, magaathiranĩra hamwe,” ũguo nĩguo Jehova ekuuga.","“Those who sanctify themselves and purify themselves to go to the gardens, following one in the middle, eating pig’s meat, abominable things, and the mouse, they shall come to an end together,” says Yahweh."
Isaiah 66:18,"“Na niĩ-rĩ, tondũ wa ciĩko ciao na mecũũrania mao, ngirie gũũka njookanĩrĩrie ndũrĩrĩ ciothe o na andũ a mĩario yothe, nao nĩmagooka meyonere riiri wakwa.","“For I know their works and their thoughts. The time comes that I will gather all nations and languages, and they will come, and will see my glory."
Isaiah 66:19,"“Nĩngekĩra kĩmenyithia thĩinĩ wao, na amwe a arĩa makaahonoka nĩngamatũma mathiĩ ndũrĩrĩ- inĩ: mathiĩ Tarishishi, na mathiĩ Putu na Ludu kũrĩ andũ arĩa me ngumo ya gũikia mĩguĩ, na mathiĩ Tubali na Javani, na mathiĩ kũrĩ andũ arĩa matũũraga icigĩrĩra-inĩ cia kũndũ kũraya, kũrĩa gũtarĩ kwaiguuo ngumo yakwa, kana gũkonwo riiri wakwa. Nĩmakahunjia ũhoro wa riiri wakwa kũrĩ andũ a ndũrĩrĩ.","“I will set a sign among them, and I will send those who escape of them to the nations, to Tarshish, Pul, and Lud, who draw the bow, to Tubal and Javan, to far-away islands, who have not heard my fame, nor have seen my glory; and they shall declare my glory among the nations."
Isaiah 66:20,"Nao nĩmakarehe ariũ a thoguo othe, kuuma ndũrĩrĩ-inĩ ciothe, marehwo makuuĩtwo nĩ mbarathi, na ngaari cia ita, na makaari ma kũguucio, na mahaicĩte nyũmbũ na ngamĩĩra, moke kĩrĩma-inĩ gĩakwa kĩrĩa kĩamũre kũu Jerusalemu, matuĩke ta igongona harĩ Jehova,” ũguo nĩguo Jehova ekuuga. “Nao magaacirehe o ta ũrĩa andũ a Isiraeli marehaga ngano yao ya maruta kũu hekarũ-inĩ ya Jehova ĩkuuĩtwo na indo iria itarĩ thaahu.","They shall bring all your brothers out of all the nations for an offering to Yahweh, on horses, in chariots, in litters, on mules, and on camels, to my holy mountain Jerusalem, says Yahweh, as the children of Israel bring their offering in a clean vessel into Yahweh’s house."
Isaiah 66:21,"Na niĩ nĩngathuura amwe ao matuĩke athĩnjĩri-Ngai na Alawii,” ũguo nĩguo Jehova ekuuga.","Of them I will also select priests and Levites,” says Yahweh."
Isaiah 66:22,"Jehova ekuuga atĩrĩ, “O ta ũrĩa igũrũ rĩu rĩerũ na thĩ njerũ iria ngũthondeka igatũũra mbere yakwa-rĩ, ũguo noguo rĩĩtwa rĩaku na njiaro ciaku irĩtũũraga.","“For as the new heavens and the new earth, which I will make, shall remain before me,” says Yahweh, “so your offspring and your name shall remain."
Isaiah 66:23,"Kuuma Karũgamo ka Mweri ũmwe nginya Karũgamo ka Mweri ũrĩa ũngĩ, na kuuma Thabatũ ĩmwe nginya Thabatũ ĩrĩa ĩngĩ, andũ othe nĩmagookaga kũhooya mainamĩrĩire mbere yakwa,” ũguo nĩguo Jehova ekuuga.","It shall happen that from one new moon to another, and from one Sabbath to another, all flesh will come to worship before me,” says Yahweh."
Isaiah 66:24,"“Nao nĩmakoimagara makerorere ciimba cia andũ arĩa maanemeire; nĩ ũndũ igunyũ ciao itigakua, o na kana mwaki ũrĩa wa kũmacina ũhore, nao nĩmagatuĩka ta kĩndũ gĩthũirwo mũno nĩ andũ othe.”","“They will go out, and look at the dead bodies of the men who have transgressed against me; for their worm will not die, nor will their fire be quenched, and they will be loathsome to all mankind.”"
