{
  "kikuyu_to_english": {
    "accuracy_top1": 0.412987012987013,
    "accuracy_top5": 0.6519480519480519,
    "mrr": 0.5289034350103783
  },
  "english_to_kikuyu": {
    "accuracy_top1": 0.43896103896103894,
    "accuracy_top5": 0.6363636363636364,
    "mrr": 0.5352267595291533
  }
}