{
  "kikuyu_to_english": {
    "accuracy_top1": 0.3922077922077922,
    "accuracy_top5": 0.6467532467532467,
    "mrr": 0.5110867048633813,
    "bleu_retrieval": 5.447979125431202,
    "chrf_retrieval": 26.405673779500844,
    "bleu_word_by_word": 0.1951798463682629,
    "chrf_word_by_word": 22.32627750731791
  },
  "english_to_kikuyu": {
    "accuracy_top1": 0.37142857142857144,
    "accuracy_top5": 0.6181818181818182,
    "mrr": 0.484745268843837,
    "bleu_retrieval": 3.0394352237601012,
    "chrf_retrieval": 27.785307668030534,
    "bleu_word_by_word": 0.24572352035114037,
    "chrf_word_by_word": 24.17353570204631
  }
}