{
  "kikuyu_to_english": {
    "accuracy_top1": 0.412987012987013,
    "accuracy_top5": 0.6519480519480519,
    "mrr": 0.5289034350103783,
    "bleu_retrieval": 0.1301959754578604,
    "chrf_retrieval": 10.701914872797214,
    "bleu_word_by_word": 0.016986633671795925,
    "chrf_word_by_word": 8.898375506948657
  },
  "english_to_kikuyu": {
    "accuracy_top1": 0.43896103896103894,
    "accuracy_top5": 0.6363636363636364,
    "mrr": 0.5352267595291533,
    "bleu_retrieval": 0.05074177472624267,
    "chrf_retrieval": 12.802362395689071,
    "bleu_word_by_word": 0.006727486101310351,
    "chrf_word_by_word": 5.524317738992297
  }
}